product_id,product_name,image_url,category,brand,price
B01B5BWTNS,Luxury Suede Earrings,https://images.unsplash.com/photo-1535632066927-ab7c9ab60908?w=400,Jewelry,LuxeJewel,$298.99
B014EB2ADA,Essential Silk Messenger Bag,https://images.unsplash.com/photo-1553062407-98eeb64c6a62?w=400,Bags & Luggage,BagMaster,$81.99
B0148B7EJ6,Essential Printed Crossbody,https://images.unsplash.com/photo-1553062407-98eeb64c6a62?w=400,Bags & Luggage,BagMaster,$141.99
B00RLSCLJM,Casual Knit Handbag,https://images.unsplash.com/photo-1553062407-98eeb64c6a62?w=400,Bags & Luggage,BagMaster,$111.99
B0006HB4XE,Modern Canvas Suit,https://images.unsplash.com/photo-1586790170083-2f9ceadc732d?w=400,Men's Clothing,UrbanGent,$49.99
B00JKV6EGE,Trendy Silk Suit,https://images.unsplash.com/photo-1586790170083-2f9ceadc732d?w=400,Men's Clothing,UrbanGent,$129.99
B00G8Q7JZ4,Luxury Synthetic Earrings,https://images.unsplash.com/photo-1535632066927-ab7c9ab60908?w=400,Jewelry,LuxeJewel,$326.99
B0087UIAMK,Stylish Printed Sandals,https://images.unsplash.com/photo-1542291026-7eec264c27ff?w=400,Footwear,WalkEasy,$164.99
B011PLYVCA,Designer Wool Watch,https://images.unsplash.com/photo-1492707892479-7bc8d5a4ee93?w=400,Accessories,TrendyBits,$152.99
B00STV1K9W,Classic Denim Cardigan,https://images.unsplash.com/photo-1595777457583-95e059d581b8?w=400,Women's Clothing,ChicWear,$94.99
B00D8FJF6O,Designer Suede Gloves,https://images.unsplash.com/photo-1492707892479-7bc8d5a4ee93?w=400,Accessories,TrendyBits,$30.99
B00STV2SI4,Classic Leather Skirt,https://images.unsplash.com/photo-1595777457583-95e059d581b8?w=400,Women's Clothing,ChicWear,$42.99
B018RMQV2S,Designer Suede Tie,https://images.unsplash.com/photo-1492707892479-7bc8d5a4ee93?w=400,Accessories,TrendyBits,$44.99
B002Z3N1HE,Comfortable Wool Skirt,https://images.unsplash.com/photo-1595777457583-95e059d581b8?w=400,Women's Clothing,ChicWear,$57.99
B00V903YRQ,Classic Cotton Cardigan,https://images.unsplash.com/photo-1595777457583-95e059d581b8?w=400,Women's Clothing,ChicWear,$104.99
B011P3DFSE,Trendy Denim Hoodie,https://images.unsplash.com/photo-1586790170083-2f9ceadc732d?w=400,Men's Clothing,UrbanGent,$147.99
B00YWSNUO4,Elegant Wool Necklace,https://images.unsplash.com/photo-1535632066927-ab7c9ab60908?w=400,Jewelry,LuxeJewel,$88.99
B00M21O9L6,Luxury Canvas Earrings,https://images.unsplash.com/photo-1535632066927-ab7c9ab60908?w=400,Jewelry,LuxeJewel,$124.99
B0091V6UQM,Classic Leather Skirt,https://images.unsplash.com/photo-1595777457583-95e059d581b8?w=400,Women's Clothing,ChicWear,$52.99
B017OA4HKC,Trendy Cotton T-Shirt,https://images.unsplash.com/photo-1586790170083-2f9ceadc732d?w=400,Men's Clothing,UrbanGent,$51.99
B001XOQTSE,Vintage Printed Sneakers,https://images.unsplash.com/photo-1542291026-7eec264c27ff?w=400,Footwear,WalkEasy,$174.99
B00409FL4M,Premium Canvas Tie,https://images.unsplash.com/photo-1492707892479-7bc8d5a4ee93?w=400,Accessories,TrendyBits,$34.99
B00CZ50F3A,Elegant Denim Necklace,https://images.unsplash.com/photo-1535632066927-ab7c9ab60908?w=400,Jewelry,LuxeJewel,$38.99
B005F0IBCO,Premium Knit Wallet,https://images.unsplash.com/photo-1492707892479-7bc8d5a4ee93?w=400,Accessories,TrendyBits,$126.99
B01BKVWKCS,Essential Canvas Messenger Bag,https://images.unsplash.com/photo-1553062407-98eeb64c6a62?w=400,Bags & Luggage,BagMaster,$171.99
B00GRDC372,Premium Synthetic Hat,https://images.unsplash.com/photo-1492707892479-7bc8d5a4ee93?w=400,Accessories,TrendyBits,$48.99
B010QCP2DG,Elegant Solid Pendant,https://images.unsplash.com/photo-1535632066927-ab7c9ab60908?w=400,Jewelry,LuxeJewel,$238.99
B00STV423I,Essential Solid Messenger Bag,https://images.unsplash.com/photo-1553062407-98eeb64c6a62?w=400,Bags & Luggage,BagMaster,$63.99
B001J1XD76,Luxury Suede Brooch,https://images.unsplash.com/photo-1535632066927-ab7c9ab60908?w=400,Jewelry,LuxeJewel,$140.99
B00DP5NNHY,Trendy Printed Hoodie,https://images.unsplash.com/photo-1586790170083-2f9ceadc732d?w=400,Men's Clothing,UrbanGent,$137.99
B00XT15P8E,Elegant Leather Pendant,https://images.unsplash.com/photo-1535632066927-ab7c9ab60908?w=400,Jewelry,LuxeJewel,$338.99
B00GRDC4BM,Classic Wool Jacket,https://images.unsplash.com/photo-1595777457583-95e059d581b8?w=400,Women's Clothing,ChicWear,$98.99
B00EDBZYZ8,Casual Knit Suitcase,https://images.unsplash.com/photo-1553062407-98eeb64c6a62?w=400,Bags & Luggage,BagMaster,$231.99
B00STV50P2,Premium Woven Tie,https://images.unsplash.com/photo-1492707892479-7bc8d5a4ee93?w=400,Accessories,TrendyBits,$64.99
B00STV3U5E,Stylish Solid Running Shoes,https://images.unsplash.com/photo-1542291026-7eec264c27ff?w=400,Footwear,WalkEasy,$177.99
B00PTA6RO4,Casual Woven Handbag,https://images.unsplash.com/photo-1553062407-98eeb64c6a62?w=400,Bags & Luggage,BagMaster,$153.99
B00W3XUB88,Premium Synthetic Watch,https://images.unsplash.com/photo-1492707892479-7bc8d5a4ee93?w=400,Accessories,TrendyBits,$132.99
B017XWU6PG,Modern Cotton Jeans,https://images.unsplash.com/photo-1586790170083-2f9ceadc732d?w=400,Men's Clothing,UrbanGent,$83.99
B00GNJBI8U,Premium Knit Wallet,https://images.unsplash.com/photo-1492707892479-7bc8d5a4ee93?w=400,Accessories,TrendyBits,$81.99
B00GI76P3K,Classic Suede Dress,https://images.unsplash.com/photo-1595777457583-95e059d581b8?w=400,Women's Clothing,ChicWear,$110.99
B003WJXKTO,Vintage Denim Sneakers,https://images.unsplash.com/photo-1542291026-7eec264c27ff?w=400,Footwear,WalkEasy,$97.99
B00NQVXCD2,Modern Cotton Hoodie,https://images.unsplash.com/photo-1586790170083-2f9ceadc732d?w=400,Men's Clothing,UrbanGent,$77.99
B00394Y730,Essential Cotton Messenger Bag,https://images.unsplash.com/photo-1553062407-98eeb64c6a62?w=400,Bags & Luggage,BagMaster,$87.99
B0092SVT6U,Premium Cotton Tie,https://images.unsplash.com/photo-1492707892479-7bc8d5a4ee93?w=400,Accessories,TrendyBits,$94.99
B01CJWXU58,Vintage Synthetic Sneakers,https://images.unsplash.com/photo-1542291026-7eec264c27ff?w=400,Footwear,WalkEasy,$122.99
B01AL61AF6,Modern Canvas Jacket,https://images.unsplash.com/photo-1586790170083-2f9ceadc732d?w=400,Men's Clothing,UrbanGent,$95.99
B00XCWZBUW,Trendy Wool Suit,https://images.unsplash.com/photo-1586790170083-2f9ceadc732d?w=400,Men's Clothing,UrbanGent,$59.99
B01CEZSSXY,Vintage Solid Sneakers,https://images.unsplash.com/photo-1542291026-7eec264c27ff?w=400,Footwear,WalkEasy,$82.99
B00O0ZT4ZI,Trendy Leather Suit,https://images.unsplash.com/photo-1586790170083-2f9ceadc732d?w=400,Men's Clothing,UrbanGent,$69.99
B00OTYQEE4,Trendy Printed Suit,https://images.unsplash.com/photo-1586790170083-2f9ceadc732d?w=400,Men's Clothing,UrbanGent,$109.99
B01EL76Y8E,Casual Woven Suitcase,https://images.unsplash.com/photo-1553062407-98eeb64c6a62?w=400,Bags & Luggage,BagMaster,$135.99
B010LG59XA,Vintage Woven Flats,https://images.unsplash.com/photo-1542291026-7eec264c27ff?w=400,Footwear,WalkEasy,$83.99
B01AQW1XI4,Luxury Knit Earrings,https://images.unsplash.com/photo-1535632066927-ab7c9ab60908?w=400,Jewelry,LuxeJewel,$82.99
B01HEISONU,Stylish Silk Sandals,https://images.unsplash.com/photo-1542291026-7eec264c27ff?w=400,Footwear,WalkEasy,$66.99
B0112T20UU,Elegant Knit Pendant,https://images.unsplash.com/photo-1535632066927-ab7c9ab60908?w=400,Jewelry,LuxeJewel,$130.99
B00DT53CVW,Comfortable Knit Cardigan,https://images.unsplash.com/photo-1595777457583-95e059d581b8?w=400,Women's Clothing,ChicWear,$69.99
B01DCPU1XU,Essential Solid Crossbody,https://images.unsplash.com/photo-1553062407-98eeb64c6a62?w=400,Bags & Luggage,BagMaster,$249.99
B00NQVXCE6,Classic Printed Dress,https://images.unsplash.com/photo-1595777457583-95e059d581b8?w=400,Women's Clothing,ChicWear,$90.99
B018TNFNGA,Elegant Canvas Pendant,https://images.unsplash.com/photo-1535632066927-ab7c9ab60908?w=400,Jewelry,LuxeJewel,$374.99
B00G2EWFEM,Essential Cotton Messenger Bag,https://images.unsplash.com/photo-1553062407-98eeb64c6a62?w=400,Bags & Luggage,BagMaster,$183.99
B01BWAJD8Q,Stylish Leather Sandals,https://images.unsplash.com/photo-1542291026-7eec264c27ff?w=400,Footwear,WalkEasy,$52.99
B01EYY0Z66,Modern Suede Jacket,https://images.unsplash.com/photo-1586790170083-2f9ceadc732d?w=400,Men's Clothing,UrbanGent,$105.99
B01ACMK6NQ,Trendy Silk Suit,https://images.unsplash.com/photo-1586790170083-2f9ceadc732d?w=400,Men's Clothing,UrbanGent,$59.99
B016A3J3QM,Vintage Cotton Flats,https://images.unsplash.com/photo-1542291026-7eec264c27ff?w=400,Footwear,WalkEasy,$130.99
B00YBYIA94,Vintage Leather Sneakers,https://images.unsplash.com/photo-1542291026-7eec264c27ff?w=400,Footwear,WalkEasy,$84.99
B00ZDR23BO,Vintage Wool Flats,https://images.unsplash.com/photo-1542291026-7eec264c27ff?w=400,Footwear,WalkEasy,$84.99
B017HK3N9A,Elegant Denim Necklace,https://images.unsplash.com/photo-1535632066927-ab7c9ab60908?w=400,Jewelry,LuxeJewel,$90.99
B00T0UY14W,Stylish Woven Running Shoes,https://images.unsplash.com/photo-1542291026-7eec264c27ff?w=400,Footwear,WalkEasy,$166.99
B00HN01V9E,Classic Denim Pants,https://images.unsplash.com/photo-1595777457583-95e059d581b8?w=400,Women's Clothing,ChicWear,$56.99
B00GKS1320,Classic Woven Dress,https://images.unsplash.com/photo-1595777457583-95e059d581b8?w=400,Women's Clothing,ChicWear,$90.99
B01BCDICXU,Elegant Knit Pendant,https://images.unsplash.com/photo-1535632066927-ab7c9ab60908?w=400,Jewelry,LuxeJewel,$322.99
B007C3R894,Essential Knit Messenger Bag,https://images.unsplash.com/photo-1553062407-98eeb64c6a62?w=400,Bags & Luggage,BagMaster,$207.99
B000PHANNM,Essential Synthetic Crossbody,https://images.unsplash.com/photo-1553062407-98eeb64c6a62?w=400,Bags & Luggage,BagMaster,$213.99
B00BLWTDYU,Luxury Canvas Earrings,https://images.unsplash.com/photo-1535632066927-ab7c9ab60908?w=400,Jewelry,LuxeJewel,$324.99
B00OPO3TPU,Essential Knit Crossbody,https://images.unsplash.com/photo-1553062407-98eeb64c6a62?w=400,Bags & Luggage,BagMaster,$195.99
B00K1KZC0M,Premium Denim Tie,https://images.unsplash.com/photo-1492707892479-7bc8d5a4ee93?w=400,Accessories,TrendyBits,$149.99
B00IUF554S,Modern Knit Hoodie,https://images.unsplash.com/photo-1586790170083-2f9ceadc732d?w=400,Men's Clothing,UrbanGent,$147.99
B00PM9RLZG,Premium Synthetic Watch,https://images.unsplash.com/photo-1492707892479-7bc8d5a4ee93?w=400,Accessories,TrendyBits,$167.99
B013EN6YJU,Comfortable Suede Jacket,https://images.unsplash.com/photo-1595777457583-95e059d581b8?w=400,Women's Clothing,ChicWear,$28.99
B00MMEN7MK,Designer Synthetic Tie,https://images.unsplash.com/photo-1492707892479-7bc8d5a4ee93?w=400,Accessories,TrendyBits,$69.99
B0097AJS2U,Elegant Printed Pendant,https://images.unsplash.com/photo-1535632066927-ab7c9ab60908?w=400,Jewelry,LuxeJewel,$262.99
B01CDV7TNE,Casual Printed Suitcase,https://images.unsplash.com/photo-1553062407-98eeb64c6a62?w=400,Bags & Luggage,BagMaster,$207.99
B00AKIPDTA,Modern Canvas Hoodie,https://images.unsplash.com/photo-1586790170083-2f9ceadc732d?w=400,Men's Clothing,UrbanGent,$87.99
B00ECFYWEE,Essential Leather Messenger Bag,https://images.unsplash.com/photo-1553062407-98eeb64c6a62?w=400,Bags & Luggage,BagMaster,$183.99
B0104PTU88,Comfortable Printed Pants,https://images.unsplash.com/photo-1595777457583-95e059d581b8?w=400,Women's Clothing,ChicWear,$81.99
B01DU9BNPS,Trendy Cotton Hoodie,https://images.unsplash.com/photo-1586790170083-2f9ceadc732d?w=400,Men's Clothing,UrbanGent,$107.99
B017QY8IH4,Luxury Knit Earrings,https://images.unsplash.com/photo-1535632066927-ab7c9ab60908?w=400,Jewelry,LuxeJewel,$170.99
B00ZZNIZ4K,Vintage Cotton Flats,https://images.unsplash.com/photo-1542291026-7eec264c27ff?w=400,Footwear,WalkEasy,$95.99
B012TSP8WU,Comfortable Silk Cardigan,https://images.unsplash.com/photo-1595777457583-95e059d581b8?w=400,Women's Clothing,ChicWear,$74.99
B00Q0SVVIQ,Stylish Printed Sandals,https://images.unsplash.com/photo-1542291026-7eec264c27ff?w=400,Footwear,WalkEasy,$53.99
B00ZBUBNWI,Designer Suede Watch,https://images.unsplash.com/photo-1492707892479-7bc8d5a4ee93?w=400,Accessories,TrendyBits,$17.99
B00VVWJLNS,Modern Solid Jacket,https://images.unsplash.com/photo-1586790170083-2f9ceadc732d?w=400,Men's Clothing,UrbanGent,$125.99
B01GWLNXDG,Casual Leather Handbag,https://images.unsplash.com/photo-1553062407-98eeb64c6a62?w=400,Bags & Luggage,BagMaster,$111.99
B01HI7K476,Modern Knit Jeans,https://images.unsplash.com/photo-1586790170083-2f9ceadc732d?w=400,Men's Clothing,UrbanGent,$43.99
B016I78D5W,Elegant Synthetic Pendant,https://images.unsplash.com/photo-1535632066927-ab7c9ab60908?w=400,Jewelry,LuxeJewel,$298.99
B00O1QPHG6,Premium Printed Hat,https://images.unsplash.com/photo-1492707892479-7bc8d5a4ee93?w=400,Accessories,TrendyBits,$73.99
B01EFQOVWM,Luxury Woven Brooch,https://images.unsplash.com/photo-1535632066927-ab7c9ab60908?w=400,Jewelry,LuxeJewel,$322.99
B00QXXOLTY,Luxury Wool Earrings,https://images.unsplash.com/photo-1535632066927-ab7c9ab60908?w=400,Jewelry,LuxeJewel,$46.99
B009UAMWR0,Premium Printed Gloves,https://images.unsplash.com/photo-1492707892479-7bc8d5a4ee93?w=400,Accessories,TrendyBits,$55.99
B004O0TQ8Y,Casual Leather Suitcase,https://images.unsplash.com/photo-1553062407-98eeb64c6a62?w=400,Bags & Luggage,BagMaster,$159.99
B00GIHA7U2,Essential Printed Crossbody,https://images.unsplash.com/photo-1553062407-98eeb64c6a62?w=400,Bags & Luggage,BagMaster,$213.99
B01FLROTN0,Luxury Printed Earrings,https://images.unsplash.com/photo-1535632066927-ab7c9ab60908?w=400,Jewelry,LuxeJewel,$252.99
B00ZOWJI7A,Modern Printed Hoodie,https://images.unsplash.com/photo-1586790170083-2f9ceadc732d?w=400,Men's Clothing,UrbanGent,$147.99
B00JCUPW3E,Premium Printed Hat,https://images.unsplash.com/photo-1492707892479-7bc8d5a4ee93?w=400,Accessories,TrendyBits,$168.99
B00EE6OGTW,Elegant Canvas Pendant,https://images.unsplash.com/photo-1535632066927-ab7c9ab60908?w=400,Jewelry,LuxeJewel,$142.99
B01D0I56UC,Vintage Synthetic Flats,https://images.unsplash.com/photo-1542291026-7eec264c27ff?w=400,Footwear,WalkEasy,$177.99
B017V6ZL68,Essential Wool Crossbody,https://images.unsplash.com/photo-1553062407-98eeb64c6a62?w=400,Bags & Luggage,BagMaster,$231.99
B00ASPN25W,Casual Woven Suitcase,https://images.unsplash.com/photo-1553062407-98eeb64c6a62?w=400,Bags & Luggage,BagMaster,$117.99
B01GFVKP5M,Essential Suede Messenger Bag,https://images.unsplash.com/photo-1553062407-98eeb64c6a62?w=400,Bags & Luggage,BagMaster,$51.99
B01CTYX6O6,Essential Suede Crossbody,https://images.unsplash.com/photo-1553062407-98eeb64c6a62?w=400,Bags & Luggage,BagMaster,$225.99
B0190LOMCQ,Designer Printed Wallet,https://images.unsplash.com/photo-1492707892479-7bc8d5a4ee93?w=400,Accessories,TrendyBits,$131.99
B006Z9CAD0,Essential Canvas Crossbody,https://images.unsplash.com/photo-1553062407-98eeb64c6a62?w=400,Bags & Luggage,BagMaster,$111.99
B00N47AUV0,Luxury Printed Earrings,https://images.unsplash.com/photo-1535632066927-ab7c9ab60908?w=400,Jewelry,LuxeJewel,$76.99
B006VR990S,Elegant Denim Pendant,https://images.unsplash.com/photo-1535632066927-ab7c9ab60908?w=400,Jewelry,LuxeJewel,$220.99
B01090YPEM,Casual Synthetic Suitcase,https://images.unsplash.com/photo-1553062407-98eeb64c6a62?w=400,Bags & Luggage,BagMaster,$207.99
B01DTLWTMS,Modern Synthetic Hoodie,https://images.unsplash.com/photo-1586790170083-2f9ceadc732d?w=400,Men's Clothing,UrbanGent,$47.99
B00LJ2XKY6,Casual Leather Suitcase,https://images.unsplash.com/photo-1553062407-98eeb64c6a62?w=400,Bags & Luggage,BagMaster,$165.99
B00Q39EZY4,Classic Wool Jacket,https://images.unsplash.com/photo-1595777457583-95e059d581b8?w=400,Women's Clothing,ChicWear,$28.99
B003SVOZVS,Premium Synthetic Watch,https://images.unsplash.com/photo-1492707892479-7bc8d5a4ee93?w=400,Accessories,TrendyBits,$72.99
B000ML9S14,Premium Silk Watch,https://images.unsplash.com/photo-1492707892479-7bc8d5a4ee93?w=400,Accessories,TrendyBits,$27.99
B00CTXVBPY,Stylish Synthetic Running Shoes,https://images.unsplash.com/photo-1542291026-7eec264c27ff?w=400,Footwear,WalkEasy,$70.99
B00LUP00Q8,Classic Wool Dress,https://images.unsplash.com/photo-1595777457583-95e059d581b8?w=400,Women's Clothing,ChicWear,$110.99
B00F99020K,Trendy Wool T-Shirt,https://images.unsplash.com/photo-1586790170083-2f9ceadc732d?w=400,Men's Clothing,UrbanGent,$111.99
B017OBZTZI,Luxury Suede Earrings,https://images.unsplash.com/photo-1535632066927-ab7c9ab60908?w=400,Jewelry,LuxeJewel,$320.99
B01ER56HMS,Trendy Printed Jacket,https://images.unsplash.com/photo-1586790170083-2f9ceadc732d?w=400,Men's Clothing,UrbanGent,$25.99
B00PCZ3UB4,Casual Suede Suitcase,https://images.unsplash.com/photo-1553062407-98eeb64c6a62?w=400,Bags & Luggage,BagMaster,$81.99
B000XA9YMM,Designer Synthetic Wallet,https://images.unsplash.com/photo-1492707892479-7bc8d5a4ee93?w=400,Accessories,TrendyBits,$106.99
B00FN90L7K,Classic Canvas Skirt,https://images.unsplash.com/photo-1595777457583-95e059d581b8?w=400,Women's Clothing,ChicWear,$107.99
B000WZ8OY2,Essential Leather Crossbody,https://images.unsplash.com/photo-1553062407-98eeb64c6a62?w=400,Bags & Luggage,BagMaster,$195.99
B00HYXRISI,Vintage Woven Sneakers,https://images.unsplash.com/photo-1542291026-7eec264c27ff?w=400,Footwear,WalkEasy,$43.99
B00P8IF54U,Designer Printed Wallet,https://images.unsplash.com/photo-1492707892479-7bc8d5a4ee93?w=400,Accessories,TrendyBits,$76.99
B00A39825S,Luxury Wool Brooch,https://images.unsplash.com/photo-1535632066927-ab7c9ab60908?w=400,Jewelry,LuxeJewel,$346.99
B018QJQ802,Vintage Printed Sneakers,https://images.unsplash.com/photo-1542291026-7eec264c27ff?w=400,Footwear,WalkEasy,$84.99
B009UNDXXY,Stylish Leather Running Shoes,https://images.unsplash.com/photo-1542291026-7eec264c27ff?w=400,Footwear,WalkEasy,$118.99
B0042T8BD8,Casual Silk Suitcase,https://images.unsplash.com/photo-1553062407-98eeb64c6a62?w=400,Bags & Luggage,BagMaster,$195.99
B00O17UHC4,Modern Suede Hoodie,https://images.unsplash.com/photo-1586790170083-2f9ceadc732d?w=400,Men's Clothing,UrbanGent,$137.99
B01668UZ2W,Modern Leather Jeans,https://images.unsplash.com/photo-1586790170083-2f9ceadc732d?w=400,Men's Clothing,UrbanGent,$83.99
B00JYTDY3I,Premium Cotton Gloves,https://images.unsplash.com/photo-1492707892479-7bc8d5a4ee93?w=400,Accessories,TrendyBits,$55.99
B01D62L4YY,Designer Synthetic Tie,https://images.unsplash.com/photo-1492707892479-7bc8d5a4ee93?w=400,Accessories,TrendyBits,$54.99
B00M29WRIU,Essential Denim Messenger Bag,https://images.unsplash.com/photo-1553062407-98eeb64c6a62?w=400,Bags & Luggage,BagMaster,$189.99
B0091M52CE,Essential Wool Messenger Bag,https://images.unsplash.com/photo-1553062407-98eeb64c6a62?w=400,Bags & Luggage,BagMaster,$225.99
B00DQYPSJU,Designer Cotton Hat,https://images.unsplash.com/photo-1492707892479-7bc8d5a4ee93?w=400,Accessories,TrendyBits,$173.99
B0057A0KVC,Vintage Woven Sneakers,https://images.unsplash.com/photo-1542291026-7eec264c27ff?w=400,Footwear,WalkEasy,$84.99
B00E5WWHOG,Designer Woven Wallet,https://images.unsplash.com/photo-1492707892479-7bc8d5a4ee93?w=400,Accessories,TrendyBits,$131.99
B017N91N10,Comfortable Canvas Dress,https://images.unsplash.com/photo-1595777457583-95e059d581b8?w=400,Women's Clothing,ChicWear,$40.99
B0141ENJJY,Elegant Solid Pendant,https://images.unsplash.com/photo-1535632066927-ab7c9ab60908?w=400,Jewelry,LuxeJewel,$472.99
B017QQO2O0,Designer Denim Tie,https://images.unsplash.com/photo-1492707892479-7bc8d5a4ee93?w=400,Accessories,TrendyBits,$169.99
B01DTQALBO,Trendy Printed Jacket,https://images.unsplash.com/photo-1586790170083-2f9ceadc732d?w=400,Men's Clothing,UrbanGent,$65.99
B00I1AEDNG,Comfortable Silk Dress,https://images.unsplash.com/photo-1595777457583-95e059d581b8?w=400,Women's Clothing,ChicWear,$65.99
B0153JHAPU,Essential Wool Crossbody,https://images.unsplash.com/photo-1553062407-98eeb64c6a62?w=400,Bags & Luggage,BagMaster,$129.99
B00HSP5TF6,Luxury Cotton Brooch,https://images.unsplash.com/photo-1535632066927-ab7c9ab60908?w=400,Jewelry,LuxeJewel,$44.99
B019QTKVBS,Comfortable Canvas Skirt,https://images.unsplash.com/photo-1595777457583-95e059d581b8?w=400,Women's Clothing,ChicWear,$42.99
B00B5MP6M4,Comfortable Silk Dress,https://images.unsplash.com/photo-1595777457583-95e059d581b8?w=400,Women's Clothing,ChicWear,$100.99
B002EBQBFG,Comfortable Cotton Pants,https://images.unsplash.com/photo-1595777457583-95e059d581b8?w=400,Women's Clothing,ChicWear,$106.99
B00BTIYLRA,Casual Synthetic Handbag,https://images.unsplash.com/photo-1553062407-98eeb64c6a62?w=400,Bags & Luggage,BagMaster,$243.99
B00DZ4MC7M,Stylish Wool Running Shoes,https://images.unsplash.com/photo-1542291026-7eec264c27ff?w=400,Footwear,WalkEasy,$135.99
B0007MV6PY,Elegant Solid Necklace,https://images.unsplash.com/photo-1535632066927-ab7c9ab60908?w=400,Jewelry,LuxeJewel,$164.99
B01DPGKDPC,Comfortable Solid Cardigan,https://images.unsplash.com/photo-1595777457583-95e059d581b8?w=400,Women's Clothing,ChicWear,$49.99
B007A9OUYQ,Modern Silk T-Shirt,https://images.unsplash.com/photo-1586790170083-2f9ceadc732d?w=400,Men's Clothing,UrbanGent,$111.99
B00JLQL1M0,Stylish Solid Running Shoes,https://images.unsplash.com/photo-1542291026-7eec264c27ff?w=400,Footwear,WalkEasy,$116.99
B014CKJQOE,Stylish Suede Running Shoes,https://images.unsplash.com/photo-1542291026-7eec264c27ff?w=400,Footwear,WalkEasy,$162.99
B01DNWPORK,Premium Solid Watch,https://images.unsplash.com/photo-1492707892479-7bc8d5a4ee93?w=400,Accessories,TrendyBits,$157.99
B019U72T1G,Comfortable Wool Cardigan,https://images.unsplash.com/photo-1595777457583-95e059d581b8?w=400,Women's Clothing,ChicWear,$64.99
B01EOA2RQ6,Essential Synthetic Crossbody,https://images.unsplash.com/photo-1553062407-98eeb64c6a62?w=400,Bags & Luggage,BagMaster,$129.99
B001MZ60V0,Designer Leather Watch,https://images.unsplash.com/photo-1492707892479-7bc8d5a4ee93?w=400,Accessories,TrendyBits,$192.99
B00BMLAKDI,Essential Solid Messenger Bag,https://images.unsplash.com/photo-1553062407-98eeb64c6a62?w=400,Bags & Luggage,BagMaster,$99.99
B00AI13POY,Essential Leather Crossbody,https://images.unsplash.com/photo-1553062407-98eeb64c6a62?w=400,Bags & Luggage,BagMaster,$129.99
B0077CKWT8,Modern Wool Jeans,https://images.unsplash.com/photo-1586790170083-2f9ceadc732d?w=400,Men's Clothing,UrbanGent,$53.99
B016OWXRFM,Comfortable Leather Skirt,https://images.unsplash.com/photo-1595777457583-95e059d581b8?w=400,Women's Clothing,ChicWear,$92.99
B014KG5PLS,Designer Solid Gloves,https://images.unsplash.com/photo-1492707892479-7bc8d5a4ee93?w=400,Accessories,TrendyBits,$85.99
B00K29TWHQ,Elegant Silk Necklace,https://images.unsplash.com/photo-1535632066927-ab7c9ab60908?w=400,Jewelry,LuxeJewel,$412.99
B014A7L20K,Trendy Denim Jeans,https://images.unsplash.com/photo-1586790170083-2f9ceadc732d?w=400,Men's Clothing,UrbanGent,$73.99
B01BLYFN2I,Modern Leather Suit,https://images.unsplash.com/photo-1586790170083-2f9ceadc732d?w=400,Men's Clothing,UrbanGent,$109.99
B00Q94VCPS,Luxury Cotton Earrings,https://images.unsplash.com/photo-1535632066927-ab7c9ab60908?w=400,Jewelry,LuxeJewel,$134.99
B017WWWMV8,Premium Denim Watch,https://images.unsplash.com/photo-1492707892479-7bc8d5a4ee93?w=400,Accessories,TrendyBits,$167.99
B00FFQ4YKQ,Modern Suede Jacket,https://images.unsplash.com/photo-1586790170083-2f9ceadc732d?w=400,Men's Clothing,UrbanGent,$125.99
B016MZVIPC,Modern Synthetic Jacket,https://images.unsplash.com/photo-1586790170083-2f9ceadc732d?w=400,Men's Clothing,UrbanGent,$135.99
B00GOQ3XKI,Trendy Woven Hoodie,https://images.unsplash.com/photo-1586790170083-2f9ceadc732d?w=400,Men's Clothing,UrbanGent,$97.99
B000PON0JE,Comfortable Denim Pants,https://images.unsplash.com/photo-1595777457583-95e059d581b8?w=400,Women's Clothing,ChicWear,$81.99
B009IUUHQU,Classic Woven Jacket,https://images.unsplash.com/photo-1595777457583-95e059d581b8?w=400,Women's Clothing,ChicWear,$53.99
B011ZB14ES,Designer Woven Wallet,https://images.unsplash.com/photo-1492707892479-7bc8d5a4ee93?w=400,Accessories,TrendyBits,$151.99
B0136FSDOU,Luxury Leather Earrings,https://images.unsplash.com/photo-1535632066927-ab7c9ab60908?w=400,Jewelry,LuxeJewel,$278.99
B00SKOQ106,Luxury Denim Brooch,https://images.unsplash.com/photo-1535632066927-ab7c9ab60908?w=400,Jewelry,LuxeJewel,$308.99
B001CV4R3C,Modern Woven T-Shirt,https://images.unsplash.com/photo-1586790170083-2f9ceadc732d?w=400,Men's Clothing,UrbanGent,$61.99
B0091JAOL6,Elegant Canvas Necklace,https://images.unsplash.com/photo-1535632066927-ab7c9ab60908?w=400,Jewelry,LuxeJewel,$298.99
B00TA440SU,Comfortable Denim Pants,https://images.unsplash.com/photo-1595777457583-95e059d581b8?w=400,Women's Clothing,ChicWear,$71.99
B015ETV3UW,Stylish Cotton Running Shoes,https://images.unsplash.com/photo-1542291026-7eec264c27ff?w=400,Footwear,WalkEasy,$177.99
B00N593LH2,Stylish Leather Running Shoes,https://images.unsplash.com/photo-1542291026-7eec264c27ff?w=400,Footwear,WalkEasy,$142.99
B019G5W1VK,Trendy Synthetic T-Shirt,https://images.unsplash.com/photo-1586790170083-2f9ceadc732d?w=400,Men's Clothing,UrbanGent,$131.99
B0147I9042,Vintage Silk Sneakers,https://images.unsplash.com/photo-1542291026-7eec264c27ff?w=400,Footwear,WalkEasy,$82.99
B01B261VJY,Casual Silk Handbag,https://images.unsplash.com/photo-1553062407-98eeb64c6a62?w=400,Bags & Luggage,BagMaster,$57.99
B01G88C8I4,Trendy Silk T-Shirt,https://images.unsplash.com/photo-1586790170083-2f9ceadc732d?w=400,Men's Clothing,UrbanGent,$131.99
B018IKP6K2,Trendy Silk Suit,https://images.unsplash.com/photo-1586790170083-2f9ceadc732d?w=400,Men's Clothing,UrbanGent,$119.99
B00B50KGUS,Essential Cotton Crossbody,https://images.unsplash.com/photo-1553062407-98eeb64c6a62?w=400,Bags & Luggage,BagMaster,$249.99
B01DLQ5H48,Luxury Leather Brooch,https://images.unsplash.com/photo-1535632066927-ab7c9ab60908?w=400,Jewelry,LuxeJewel,$42.99
B013FHN4JI,Trendy Synthetic Jacket,https://images.unsplash.com/photo-1586790170083-2f9ceadc732d?w=400,Men's Clothing,UrbanGent,$95.99
B00DDNC27K,Modern Cotton Hoodie,https://images.unsplash.com/photo-1586790170083-2f9ceadc732d?w=400,Men's Clothing,UrbanGent,$97.99
B000WFWHAY,Classic Wool Jacket,https://images.unsplash.com/photo-1595777457583-95e059d581b8?w=400,Women's Clothing,ChicWear,$78.99
B008J7BCHG,Essential Woven Crossbody,https://images.unsplash.com/photo-1553062407-98eeb64c6a62?w=400,Bags & Luggage,BagMaster,$237.99
B00FAIMNP2,Essential Wool Messenger Bag,https://images.unsplash.com/photo-1553062407-98eeb64c6a62?w=400,Bags & Luggage,BagMaster,$201.99
B015RAH9BA,Comfortable Leather Pants,https://images.unsplash.com/photo-1595777457583-95e059d581b8?w=400,Women's Clothing,ChicWear,$46.99
B01DAHYXPM,Classic Cotton Dress,https://images.unsplash.com/photo-1595777457583-95e059d581b8?w=400,Women's Clothing,ChicWear,$45.99
B00Q7TAO5E,Essential Woven Messenger Bag,https://images.unsplash.com/photo-1553062407-98eeb64c6a62?w=400,Bags & Luggage,BagMaster,$189.99
B01BO5R9TE,Elegant Wool Necklace,https://images.unsplash.com/photo-1535632066927-ab7c9ab60908?w=400,Jewelry,LuxeJewel,$312.99
B00K7S6BAS,Elegant Suede Necklace,https://images.unsplash.com/photo-1535632066927-ab7c9ab60908?w=400,Jewelry,LuxeJewel,$370.99
B00ENM3SWI,Premium Woven Watch,https://images.unsplash.com/photo-1492707892479-7bc8d5a4ee93?w=400,Accessories,TrendyBits,$167.99
B000WS99RA,Designer Cotton Wallet,https://images.unsplash.com/photo-1492707892479-7bc8d5a4ee93?w=400,Accessories,TrendyBits,$176.99
B00XPN6L0M,Elegant Leather Pendant,https://images.unsplash.com/photo-1535632066927-ab7c9ab60908?w=400,Jewelry,LuxeJewel,$386.99
B00S4661VE,Classic Synthetic Pants,https://images.unsplash.com/photo-1595777457583-95e059d581b8?w=400,Women's Clothing,ChicWear,$66.99
B00DNFKADQ,Trendy Knit Suit,https://images.unsplash.com/photo-1586790170083-2f9ceadc732d?w=400,Men's Clothing,UrbanGent,$149.99
B01906E73A,Elegant Suede Pendant,https://images.unsplash.com/photo-1535632066927-ab7c9ab60908?w=400,Jewelry,LuxeJewel,$356.99
B017JA3NIO,Premium Wool Wallet,https://images.unsplash.com/photo-1492707892479-7bc8d5a4ee93?w=400,Accessories,TrendyBits,$186.99
B00YI8R40Y,Essential Leather Crossbody,https://images.unsplash.com/photo-1553062407-98eeb64c6a62?w=400,Bags & Luggage,BagMaster,$159.99
B017QT8RH0,Vintage Leather Flats,https://images.unsplash.com/photo-1542291026-7eec264c27ff?w=400,Footwear,WalkEasy,$83.99
B00RDWAZEE,Designer Printed Hat,https://images.unsplash.com/photo-1492707892479-7bc8d5a4ee93?w=400,Accessories,TrendyBits,$68.99
B00L231EUO,Trendy Canvas Jeans,https://images.unsplash.com/photo-1586790170083-2f9ceadc732d?w=400,Men's Clothing,UrbanGent,$143.99
B01G5LMWAI,Designer Canvas Tie,https://images.unsplash.com/photo-1492707892479-7bc8d5a4ee93?w=400,Accessories,TrendyBits,$124.99
B01GDJN1IY,Elegant Canvas Necklace,https://images.unsplash.com/photo-1535632066927-ab7c9ab60908?w=400,Jewelry,LuxeJewel,$58.99
B00N86FYPY,Modern Leather Suit,https://images.unsplash.com/photo-1586790170083-2f9ceadc732d?w=400,Men's Clothing,UrbanGent,$99.99
B00ZDBVNIO,Premium Solid Wallet,https://images.unsplash.com/photo-1492707892479-7bc8d5a4ee93?w=400,Accessories,TrendyBits,$96.99
B016BR977C,Trendy Synthetic Jacket,https://images.unsplash.com/photo-1586790170083-2f9ceadc732d?w=400,Men's Clothing,UrbanGent,$105.99
B015EXBNDK,Premium Denim Watch,https://images.unsplash.com/photo-1492707892479-7bc8d5a4ee93?w=400,Accessories,TrendyBits,$177.99
B017OEGWQ0,Essential Cotton Messenger Bag,https://images.unsplash.com/photo-1553062407-98eeb64c6a62?w=400,Bags & Luggage,BagMaster,$231.99
B01EC761V8,Elegant Cotton Pendant,https://images.unsplash.com/photo-1535632066927-ab7c9ab60908?w=400,Jewelry,LuxeJewel,$68.99
B005FI9X78,Comfortable Woven Jacket,https://images.unsplash.com/photo-1595777457583-95e059d581b8?w=400,Women's Clothing,ChicWear,$103.99
B014LGMJIE,Designer Silk Tie,https://images.unsplash.com/photo-1492707892479-7bc8d5a4ee93?w=400,Accessories,TrendyBits,$69.99
B016BA2938,Elegant Solid Necklace,https://images.unsplash.com/photo-1535632066927-ab7c9ab60908?w=400,Jewelry,LuxeJewel,$420.99
B00PM9RLSS,Stylish Leather Running Shoes,https://images.unsplash.com/photo-1542291026-7eec264c27ff?w=400,Footwear,WalkEasy,$62.99
B0155WUPHK,Stylish Leather Sandals,https://images.unsplash.com/photo-1542291026-7eec264c27ff?w=400,Footwear,WalkEasy,$157.99
B0069TZ416,Premium Knit Tie,https://images.unsplash.com/photo-1492707892479-7bc8d5a4ee93?w=400,Accessories,TrendyBits,$109.99
B014QLWSSA,Designer Canvas Tie,https://images.unsplash.com/photo-1492707892479-7bc8d5a4ee93?w=400,Accessories,TrendyBits,$149.99
B00H59P4RI,Comfortable Solid Pants,https://images.unsplash.com/photo-1595777457583-95e059d581b8?w=400,Women's Clothing,ChicWear,$46.99
B000V4T32G,Luxury Silk Brooch,https://images.unsplash.com/photo-1535632066927-ab7c9ab60908?w=400,Jewelry,LuxeJewel,$102.99
B005GKDL9G,Casual Woven Handbag,https://images.unsplash.com/photo-1553062407-98eeb64c6a62?w=400,Bags & Luggage,BagMaster,$243.99
B00AOC9IGG,Elegant Silk Pendant,https://images.unsplash.com/photo-1535632066927-ab7c9ab60908?w=400,Jewelry,LuxeJewel,$110.99
B00LBX28I2,Comfortable Denim Skirt,https://images.unsplash.com/photo-1595777457583-95e059d581b8?w=400,Women's Clothing,ChicWear,$117.99
B00XJTW9B2,Classic Solid Pants,https://images.unsplash.com/photo-1595777457583-95e059d581b8?w=400,Women's Clothing,ChicWear,$31.99
B00262G11W,Essential Synthetic Messenger Bag,https://images.unsplash.com/photo-1553062407-98eeb64c6a62?w=400,Bags & Luggage,BagMaster,$69.99
B00ZPPNHDW,Trendy Leather Jeans,https://images.unsplash.com/photo-1586790170083-2f9ceadc732d?w=400,Men's Clothing,UrbanGent,$63.99
B00AKMW1R8,Vintage Canvas Flats,https://images.unsplash.com/photo-1542291026-7eec264c27ff?w=400,Footwear,WalkEasy,$132.99
B015MIM8F4,Trendy Suede Jacket,https://images.unsplash.com/photo-1586790170083-2f9ceadc732d?w=400,Men's Clothing,UrbanGent,$55.99
B00OYIHSEA,Casual Knit Handbag,https://images.unsplash.com/photo-1553062407-98eeb64c6a62?w=400,Bags & Luggage,BagMaster,$69.99
B00KS4ZMS8,Premium Synthetic Hat,https://images.unsplash.com/photo-1492707892479-7bc8d5a4ee93?w=400,Accessories,TrendyBits,$118.99
B00L44ZU8I,Casual Leather Handbag,https://images.unsplash.com/photo-1553062407-98eeb64c6a62?w=400,Bags & Luggage,BagMaster,$171.99
B00BJQ9BG8,Stylish Woven Sandals,https://images.unsplash.com/photo-1542291026-7eec264c27ff?w=400,Footwear,WalkEasy,$97.99
B00IPOCIG2,Comfortable Knit Jacket,https://images.unsplash.com/photo-1595777457583-95e059d581b8?w=400,Women's Clothing,ChicWear,$63.99
B00BW9AO3Q,Premium Woven Watch,https://images.unsplash.com/photo-1492707892479-7bc8d5a4ee93?w=400,Accessories,TrendyBits,$67.99
B01DCE6P7C,Comfortable Denim Dress,https://images.unsplash.com/photo-1595777457583-95e059d581b8?w=400,Women's Clothing,ChicWear,$30.99
B00G3JHZXC,Elegant Wool Necklace,https://images.unsplash.com/photo-1535632066927-ab7c9ab60908?w=400,Jewelry,LuxeJewel,$102.99
B00OSF1WBY,Modern Woven Hoodie,https://images.unsplash.com/photo-1586790170083-2f9ceadc732d?w=400,Men's Clothing,UrbanGent,$27.99
B00CZ50F3K,Elegant Canvas Necklace,https://images.unsplash.com/photo-1535632066927-ab7c9ab60908?w=400,Jewelry,LuxeJewel,$244.99
B016PML082,Essential Leather Messenger Bag,https://images.unsplash.com/photo-1553062407-98eeb64c6a62?w=400,Bags & Luggage,BagMaster,$129.99
B006UZSX8K,Vintage Synthetic Sneakers,https://images.unsplash.com/photo-1542291026-7eec264c27ff?w=400,Footwear,WalkEasy,$146.99
B00HV6O5I4,Comfortable Solid Jacket,https://images.unsplash.com/photo-1595777457583-95e059d581b8?w=400,Women's Clothing,ChicWear,$63.99
B01D35AZAI,Elegant Woven Necklace,https://images.unsplash.com/photo-1535632066927-ab7c9ab60908?w=400,Jewelry,LuxeJewel,$456.99
B01GGCQHXO,Essential Woven Messenger Bag,https://images.unsplash.com/photo-1553062407-98eeb64c6a62?w=400,Bags & Luggage,BagMaster,$225.99
B01FQ98SB2,Essential Leather Messenger Bag,https://images.unsplash.com/photo-1553062407-98eeb64c6a62?w=400,Bags & Luggage,BagMaster,$243.99
B00ZW2O0MA,Trendy Canvas Hoodie,https://images.unsplash.com/photo-1586790170083-2f9ceadc732d?w=400,Men's Clothing,UrbanGent,$37.99
B00NFR7UNK,Elegant Knit Pendant,https://images.unsplash.com/photo-1535632066927-ab7c9ab60908?w=400,Jewelry,LuxeJewel,$422.99
B01H0OWFI8,Comfortable Solid Cardigan,https://images.unsplash.com/photo-1595777457583-95e059d581b8?w=400,Women's Clothing,ChicWear,$119.99
B004X2J78W,Modern Knit Hoodie,https://images.unsplash.com/photo-1586790170083-2f9ceadc732d?w=400,Men's Clothing,UrbanGent,$87.99
B000KPIHQ4,Comfortable Silk Jacket,https://images.unsplash.com/photo-1595777457583-95e059d581b8?w=400,Women's Clothing,ChicWear,$118.99
B01BV2U5SC,Premium Canvas Wallet,https://images.unsplash.com/photo-1492707892479-7bc8d5a4ee93?w=400,Accessories,TrendyBits,$186.99
B002DWJ8AQ,Elegant Cotton Necklace,https://images.unsplash.com/photo-1535632066927-ab7c9ab60908?w=400,Jewelry,LuxeJewel,$100.99
B01BSXDTC8,Elegant Woven Pendant,https://images.unsplash.com/photo-1535632066927-ab7c9ab60908?w=400,Jewelry,LuxeJewel,$486.99
B01C7II97I,Casual Cotton Handbag,https://images.unsplash.com/photo-1553062407-98eeb64c6a62?w=400,Bags & Luggage,BagMaster,$57.99
B00F1YVU7W,Trendy Cotton Jeans,https://images.unsplash.com/photo-1586790170083-2f9ceadc732d?w=400,Men's Clothing,UrbanGent,$133.99
B016XAJLVO,Essential Printed Crossbody,https://images.unsplash.com/photo-1553062407-98eeb64c6a62?w=400,Bags & Luggage,BagMaster,$123.99
B001GIO77C,Elegant Knit Pendant,https://images.unsplash.com/photo-1535632066927-ab7c9ab60908?w=400,Jewelry,LuxeJewel,$152.99
B017S4W02G,Essential Canvas Messenger Bag,https://images.unsplash.com/photo-1553062407-98eeb64c6a62?w=400,Bags & Luggage,BagMaster,$93.99
B01A0U8UPQ,Modern Silk Hoodie,https://images.unsplash.com/photo-1586790170083-2f9ceadc732d?w=400,Men's Clothing,UrbanGent,$97.99
B01FJW70E2,Essential Leather Crossbody,https://images.unsplash.com/photo-1553062407-98eeb64c6a62?w=400,Bags & Luggage,BagMaster,$141.99
B000W5QFAW,Casual Synthetic Handbag,https://images.unsplash.com/photo-1553062407-98eeb64c6a62?w=400,Bags & Luggage,BagMaster,$81.99
B00WHUW5KY,Elegant Solid Pendant,https://images.unsplash.com/photo-1535632066927-ab7c9ab60908?w=400,Jewelry,LuxeJewel,$230.99
B00N2Z192S,Classic Suede Dress,https://images.unsplash.com/photo-1595777457583-95e059d581b8?w=400,Women's Clothing,ChicWear,$45.99
B009L9JIQS,Casual Denim Handbag,https://images.unsplash.com/photo-1553062407-98eeb64c6a62?w=400,Bags & Luggage,BagMaster,$129.99
B00MVODL22,Classic Leather Skirt,https://images.unsplash.com/photo-1595777457583-95e059d581b8?w=400,Women's Clothing,ChicWear,$72.99
B00Q26R7U2,Designer Wool Gloves,https://images.unsplash.com/photo-1492707892479-7bc8d5a4ee93?w=400,Accessories,TrendyBits,$95.99
B0014B4LDQ,Trendy Denim Suit,https://images.unsplash.com/photo-1586790170083-2f9ceadc732d?w=400,Men's Clothing,UrbanGent,$79.99
B018353L4A,Elegant Wool Necklace,https://images.unsplash.com/photo-1535632066927-ab7c9ab60908?w=400,Jewelry,LuxeJewel,$78.99
B01EIAQ1XW,Elegant Wool Necklace,https://images.unsplash.com/photo-1535632066927-ab7c9ab60908?w=400,Jewelry,LuxeJewel,$144.99
B007X9BOJM,Stylish Suede Sandals,https://images.unsplash.com/photo-1542291026-7eec264c27ff?w=400,Footwear,WalkEasy,$51.99
B00OLBDBGE,Trendy Synthetic T-Shirt,https://images.unsplash.com/photo-1586790170083-2f9ceadc732d?w=400,Men's Clothing,UrbanGent,$131.99
B01ETKKP60,Trendy Canvas T-Shirt,https://images.unsplash.com/photo-1586790170083-2f9ceadc732d?w=400,Men's Clothing,UrbanGent,$111.99
B00L36C4CW,Vintage Denim Flats,https://images.unsplash.com/photo-1542291026-7eec264c27ff?w=400,Footwear,WalkEasy,$116.99
B000POJKMU,Trendy Solid Jacket,https://images.unsplash.com/photo-1586790170083-2f9ceadc732d?w=400,Men's Clothing,UrbanGent,$75.99
B0102WISOK,Casual Printed Handbag,https://images.unsplash.com/photo-1553062407-98eeb64c6a62?w=400,Bags & Luggage,BagMaster,$249.99
B01EO2BQP2,Essential Synthetic Messenger Bag,https://images.unsplash.com/photo-1553062407-98eeb64c6a62?w=400,Bags & Luggage,BagMaster,$219.99
B01714T3EG,Designer Printed Watch,https://images.unsplash.com/photo-1492707892479-7bc8d5a4ee93?w=400,Accessories,TrendyBits,$122.99
B009UNDXYI,Essential Knit Crossbody,https://images.unsplash.com/photo-1553062407-98eeb64c6a62?w=400,Bags & Luggage,BagMaster,$99.99
B00YQ89KOE,Premium Leather Watch,https://images.unsplash.com/photo-1492707892479-7bc8d5a4ee93?w=400,Accessories,TrendyBits,$47.99
B00V3X9EOQ,Elegant Knit Pendant,https://images.unsplash.com/photo-1535632066927-ab7c9ab60908?w=400,Jewelry,LuxeJewel,$154.99
B01C74924G,Trendy Denim Jeans,https://images.unsplash.com/photo-1586790170083-2f9ceadc732d?w=400,Men's Clothing,UrbanGent,$113.99
B00W405UAE,Elegant Canvas Necklace,https://images.unsplash.com/photo-1535632066927-ab7c9ab60908?w=400,Jewelry,LuxeJewel,$236.99
B00QAFTLF4,Comfortable Woven Dress,https://images.unsplash.com/photo-1595777457583-95e059d581b8?w=400,Women's Clothing,ChicWear,$115.99
B010122112,Essential Leather Messenger Bag,https://images.unsplash.com/photo-1553062407-98eeb64c6a62?w=400,Bags & Luggage,BagMaster,$201.99
B00K1ILS6Q,Stylish Silk Running Shoes,https://images.unsplash.com/photo-1542291026-7eec264c27ff?w=400,Footwear,WalkEasy,$39.99
B010RAFNQI,Premium Knit Tie,https://images.unsplash.com/photo-1492707892479-7bc8d5a4ee93?w=400,Accessories,TrendyBits,$69.99
B00O16DJI4,Comfortable Denim Pants,https://images.unsplash.com/photo-1595777457583-95e059d581b8?w=400,Women's Clothing,ChicWear,$76.99
B01597F92C,Modern Canvas Jacket,https://images.unsplash.com/photo-1586790170083-2f9ceadc732d?w=400,Men's Clothing,UrbanGent,$115.99
B015G58ATG,Premium Knit Tie,https://images.unsplash.com/photo-1492707892479-7bc8d5a4ee93?w=400,Accessories,TrendyBits,$79.99
B00Q1RXBUC,Modern Woven Jeans,https://images.unsplash.com/photo-1586790170083-2f9ceadc732d?w=400,Men's Clothing,UrbanGent,$63.99
B00IOWIQLG,Premium Knit Wallet,https://images.unsplash.com/photo-1492707892479-7bc8d5a4ee93?w=400,Accessories,TrendyBits,$86.99
B00186ZKSC,Stylish Suede Sandals,https://images.unsplash.com/photo-1542291026-7eec264c27ff?w=400,Footwear,WalkEasy,$67.99
B019HNE0OW,Modern Printed Jeans,https://images.unsplash.com/photo-1586790170083-2f9ceadc732d?w=400,Men's Clothing,UrbanGent,$83.99
B00PYIDSDY,Casual Suede Suitcase,https://images.unsplash.com/photo-1553062407-98eeb64c6a62?w=400,Bags & Luggage,BagMaster,$75.99
B00ZD2Y8AI,Comfortable Suede Jacket,https://images.unsplash.com/photo-1595777457583-95e059d581b8?w=400,Women's Clothing,ChicWear,$78.99
B00CPRP5T2,Luxury Synthetic Brooch,https://images.unsplash.com/photo-1535632066927-ab7c9ab60908?w=400,Jewelry,LuxeJewel,$54.99
B00W0XPKT6,Designer Wool Gloves,https://images.unsplash.com/photo-1492707892479-7bc8d5a4ee93?w=400,Accessories,TrendyBits,$145.99
B00FRIJCDQ,Casual Suede Handbag,https://images.unsplash.com/photo-1553062407-98eeb64c6a62?w=400,Bags & Luggage,BagMaster,$105.99
B008FXOLSG,Modern Canvas Jeans,https://images.unsplash.com/photo-1586790170083-2f9ceadc732d?w=400,Men's Clothing,UrbanGent,$43.99
B006UEEVGE,Trendy Denim Jacket,https://images.unsplash.com/photo-1586790170083-2f9ceadc732d?w=400,Men's Clothing,UrbanGent,$85.99
B01G134PIW,Vintage Woven Sneakers,https://images.unsplash.com/photo-1542291026-7eec264c27ff?w=400,Footwear,WalkEasy,$177.99
B00G85PV50,Vintage Denim Sneakers,https://images.unsplash.com/photo-1542291026-7eec264c27ff?w=400,Footwear,WalkEasy,$93.99
B00V7FP0YI,Elegant Wool Necklace,https://images.unsplash.com/photo-1535632066927-ab7c9ab60908?w=400,Jewelry,LuxeJewel,$100.99
B00201ER88,Designer Woven Tie,https://images.unsplash.com/photo-1492707892479-7bc8d5a4ee93?w=400,Accessories,TrendyBits,$159.99
B00WQ346D6,Premium Knit Watch,https://images.unsplash.com/photo-1492707892479-7bc8d5a4ee93?w=400,Accessories,TrendyBits,$132.99
B00N3IZENO,Luxury Suede Earrings,https://images.unsplash.com/photo-1535632066927-ab7c9ab60908?w=400,Jewelry,LuxeJewel,$434.99
B00YIGVXQW,Classic Synthetic Jacket,https://images.unsplash.com/photo-1595777457583-95e059d581b8?w=400,Women's Clothing,ChicWear,$103.99
B00ALMGI4E,Stylish Suede Sandals,https://images.unsplash.com/photo-1542291026-7eec264c27ff?w=400,Footwear,WalkEasy,$80.99
B00CIILOJS,Trendy Solid T-Shirt,https://images.unsplash.com/photo-1586790170083-2f9ceadc732d?w=400,Men's Clothing,UrbanGent,$141.99
B00PJIPF7Q,Designer Woven Tie,https://images.unsplash.com/photo-1492707892479-7bc8d5a4ee93?w=400,Accessories,TrendyBits,$44.99
B01C8XEZDY,Designer Silk Wallet,https://images.unsplash.com/photo-1492707892479-7bc8d5a4ee93?w=400,Accessories,TrendyBits,$41.99
B00SUHGF8Q,Elegant Synthetic Necklace,https://images.unsplash.com/photo-1535632066927-ab7c9ab60908?w=400,Jewelry,LuxeJewel,$418.99
B00O1F998O,Modern Leather Suit,https://images.unsplash.com/photo-1586790170083-2f9ceadc732d?w=400,Men's Clothing,UrbanGent,$59.99
B00O4UYXC8,Casual Cotton Suitcase,https://images.unsplash.com/photo-1553062407-98eeb64c6a62?w=400,Bags & Luggage,BagMaster,$129.99
B00NP9I1LS,Comfortable Leather Cardigan,https://images.unsplash.com/photo-1595777457583-95e059d581b8?w=400,Women's Clothing,ChicWear,$44.99
B00WLQDERW,Luxury Woven Brooch,https://images.unsplash.com/photo-1535632066927-ab7c9ab60908?w=400,Jewelry,LuxeJewel,$434.99
B00STV11D2,Trendy Canvas T-Shirt,https://images.unsplash.com/photo-1586790170083-2f9ceadc732d?w=400,Men's Clothing,UrbanGent,$41.99
B01GGGSD6E,Designer Woven Watch,https://images.unsplash.com/photo-1492707892479-7bc8d5a4ee93?w=400,Accessories,TrendyBits,$22.99
B01EHU2XTO,Luxury Synthetic Brooch,https://images.unsplash.com/photo-1535632066927-ab7c9ab60908?w=400,Jewelry,LuxeJewel,$412.99
B00LMNKGZI,Essential Suede Crossbody,https://images.unsplash.com/photo-1553062407-98eeb64c6a62?w=400,Bags & Luggage,BagMaster,$45.99
B0127Q2WUU,Casual Printed Handbag,https://images.unsplash.com/photo-1553062407-98eeb64c6a62?w=400,Bags & Luggage,BagMaster,$81.99
B015M5EFX0,Stylish Woven Running Shoes,https://images.unsplash.com/photo-1542291026-7eec264c27ff?w=400,Footwear,WalkEasy,$54.99
B00BCVTIAE,Vintage Printed Sneakers,https://images.unsplash.com/photo-1542291026-7eec264c27ff?w=400,Footwear,WalkEasy,$106.99
B011625KXC,Designer Leather Tie,https://images.unsplash.com/photo-1492707892479-7bc8d5a4ee93?w=400,Accessories,TrendyBits,$134.99
B00HSBOM9E,Trendy Leather Hoodie,https://images.unsplash.com/photo-1586790170083-2f9ceadc732d?w=400,Men's Clothing,UrbanGent,$27.99
B00GG24HQE,Luxury Synthetic Brooch,https://images.unsplash.com/photo-1535632066927-ab7c9ab60908?w=400,Jewelry,LuxeJewel,$140.99
B01A12NL2U,Vintage Leather Sneakers,https://images.unsplash.com/photo-1542291026-7eec264c27ff?w=400,Footwear,WalkEasy,$94.99
B00CI5KKJQ,Premium Denim Watch,https://images.unsplash.com/photo-1492707892479-7bc8d5a4ee93?w=400,Accessories,TrendyBits,$112.99
B00BDRFOBE,Elegant Leather Necklace,https://images.unsplash.com/photo-1535632066927-ab7c9ab60908?w=400,Jewelry,LuxeJewel,$224.99
B017VPMPC2,Essential Canvas Crossbody,https://images.unsplash.com/photo-1553062407-98eeb64c6a62?w=400,Bags & Luggage,BagMaster,$135.99
B005TKMWI4,Designer Synthetic Watch,https://images.unsplash.com/photo-1492707892479-7bc8d5a4ee93?w=400,Accessories,TrendyBits,$107.99
B01DVZZLIG,Trendy Knit T-Shirt,https://images.unsplash.com/photo-1586790170083-2f9ceadc732d?w=400,Men's Clothing,UrbanGent,$131.99
B00QR7FBAY,Modern Canvas Jacket,https://images.unsplash.com/photo-1586790170083-2f9ceadc732d?w=400,Men's Clothing,UrbanGent,$65.99
B00OK4PJQ2,Essential Knit Messenger Bag,https://images.unsplash.com/photo-1553062407-98eeb64c6a62?w=400,Bags & Luggage,BagMaster,$249.99
B00XWYDH0G,Premium Cotton Gloves,https://images.unsplash.com/photo-1492707892479-7bc8d5a4ee93?w=400,Accessories,TrendyBits,$90.99
B00W8BWZJ8,Designer Knit Watch,https://images.unsplash.com/photo-1492707892479-7bc8d5a4ee93?w=400,Accessories,TrendyBits,$62.99
B000FSIFC2,Modern Synthetic Jacket,https://images.unsplash.com/photo-1586790170083-2f9ceadc732d?w=400,Men's Clothing,UrbanGent,$55.99
B0149GU5HI,Trendy Silk T-Shirt,https://images.unsplash.com/photo-1586790170083-2f9ceadc732d?w=400,Men's Clothing,UrbanGent,$31.99
B005DS9U4Q,Casual Printed Suitcase,https://images.unsplash.com/photo-1553062407-98eeb64c6a62?w=400,Bags & Luggage,BagMaster,$117.99
B00A768E6O,Casual Silk Suitcase,https://images.unsplash.com/photo-1553062407-98eeb64c6a62?w=400,Bags & Luggage,BagMaster,$135.99
B014HJ9FTG,Classic Wool Skirt,https://images.unsplash.com/photo-1595777457583-95e059d581b8?w=400,Women's Clothing,ChicWear,$37.99
B01FHRMR8I,Essential Canvas Messenger Bag,https://images.unsplash.com/photo-1553062407-98eeb64c6a62?w=400,Bags & Luggage,BagMaster,$207.99
B00HF4MY94,Comfortable Denim Skirt,https://images.unsplash.com/photo-1595777457583-95e059d581b8?w=400,Women's Clothing,ChicWear,$57.99
B00Y1HH2TA,Elegant Suede Pendant,https://images.unsplash.com/photo-1535632066927-ab7c9ab60908?w=400,Jewelry,LuxeJewel,$278.99
B00PMLFFZ2,Elegant Wool Necklace,https://images.unsplash.com/photo-1535632066927-ab7c9ab60908?w=400,Jewelry,LuxeJewel,$136.99
B01E8JZR92,Vintage Denim Flats,https://images.unsplash.com/photo-1542291026-7eec264c27ff?w=400,Footwear,WalkEasy,$55.99
B01CJY0UBS,Trendy Knit Jacket,https://images.unsplash.com/photo-1586790170083-2f9ceadc732d?w=400,Men's Clothing,UrbanGent,$25.99
B01BH6XWHS,Comfortable Canvas Jacket,https://images.unsplash.com/photo-1595777457583-95e059d581b8?w=400,Women's Clothing,ChicWear,$113.99
B00KDCZFU0,Comfortable Solid Dress,https://images.unsplash.com/photo-1595777457583-95e059d581b8?w=400,Women's Clothing,ChicWear,$40.99
B01EQB4UNQ,Comfortable Solid Skirt,https://images.unsplash.com/photo-1595777457583-95e059d581b8?w=400,Women's Clothing,ChicWear,$77.99
B00VN047LY,Vintage Solid Flats,https://images.unsplash.com/photo-1542291026-7eec264c27ff?w=400,Footwear,WalkEasy,$69.99
B00BF6EQ8U,Luxury Cotton Brooch,https://images.unsplash.com/photo-1535632066927-ab7c9ab60908?w=400,Jewelry,LuxeJewel,$122.99
B01D02UE50,Trendy Synthetic Jeans,https://images.unsplash.com/photo-1586790170083-2f9ceadc732d?w=400,Men's Clothing,UrbanGent,$43.99
B00147JT6O,Stylish Woven Running Shoes,https://images.unsplash.com/photo-1542291026-7eec264c27ff?w=400,Footwear,WalkEasy,$126.99
B010SQVI8S,Trendy Knit T-Shirt,https://images.unsplash.com/photo-1586790170083-2f9ceadc732d?w=400,Men's Clothing,UrbanGent,$41.99
B0068BWLD4,Designer Denim Tie,https://images.unsplash.com/photo-1492707892479-7bc8d5a4ee93?w=400,Accessories,TrendyBits,$94.99
B00W7UK178,Trendy Printed Suit,https://images.unsplash.com/photo-1586790170083-2f9ceadc732d?w=400,Men's Clothing,UrbanGent,$139.99
B01GYWBQ2S,Designer Woven Tie,https://images.unsplash.com/photo-1492707892479-7bc8d5a4ee93?w=400,Accessories,TrendyBits,$184.99
B00MJEYRQI,Designer Wool Gloves,https://images.unsplash.com/photo-1492707892479-7bc8d5a4ee93?w=400,Accessories,TrendyBits,$145.99
B00N11H9FY,Premium Suede Gloves,https://images.unsplash.com/photo-1492707892479-7bc8d5a4ee93?w=400,Accessories,TrendyBits,$95.99
B011ETCQ7K,Vintage Wool Sneakers,https://images.unsplash.com/photo-1542291026-7eec264c27ff?w=400,Footwear,WalkEasy,$95.99
B00DUBRRUM,Premium Leather Hat,https://images.unsplash.com/photo-1492707892479-7bc8d5a4ee93?w=400,Accessories,TrendyBits,$168.99
B000O9W6JK,Designer Leather Tie,https://images.unsplash.com/photo-1492707892479-7bc8d5a4ee93?w=400,Accessories,TrendyBits,$134.99
B006BE46Q8,Elegant Solid Necklace,https://images.unsplash.com/photo-1535632066927-ab7c9ab60908?w=400,Jewelry,LuxeJewel,$52.99
B00H9VX97O,Trendy Wool Hoodie,https://images.unsplash.com/photo-1586790170083-2f9ceadc732d?w=400,Men's Clothing,UrbanGent,$77.99
B01ACDLJGS,Designer Woven Gloves,https://images.unsplash.com/photo-1492707892479-7bc8d5a4ee93?w=400,Accessories,TrendyBits,$50.99
B00BQXUSJ8,Classic Denim Pants,https://images.unsplash.com/photo-1595777457583-95e059d581b8?w=400,Women's Clothing,ChicWear,$116.99
B000PMPTF4,Essential Printed Messenger Bag,https://images.unsplash.com/photo-1553062407-98eeb64c6a62?w=400,Bags & Luggage,BagMaster,$225.99
B001OOLCQC,Casual Canvas Handbag,https://images.unsplash.com/photo-1553062407-98eeb64c6a62?w=400,Bags & Luggage,BagMaster,$129.99
B01E09Y10G,Designer Woven Tie,https://images.unsplash.com/photo-1492707892479-7bc8d5a4ee93?w=400,Accessories,TrendyBits,$64.99
B0054ZEQRY,Classic Canvas Dress,https://images.unsplash.com/photo-1595777457583-95e059d581b8?w=400,Women's Clothing,ChicWear,$35.99
B01H6ED2IY,Classic Canvas Dress,https://images.unsplash.com/photo-1595777457583-95e059d581b8?w=400,Women's Clothing,ChicWear,$70.99
B00YMCQRP4,Modern Wool Jacket,https://images.unsplash.com/photo-1586790170083-2f9ceadc732d?w=400,Men's Clothing,UrbanGent,$25.99
B01DOBP4VG,Casual Printed Handbag,https://images.unsplash.com/photo-1553062407-98eeb64c6a62?w=400,Bags & Luggage,BagMaster,$237.99
B00IHXQLM8,Trendy Solid Jacket,https://images.unsplash.com/photo-1586790170083-2f9ceadc732d?w=400,Men's Clothing,UrbanGent,$85.99
B000K2PJ4K,Stylish Canvas Running Shoes,https://images.unsplash.com/photo-1542291026-7eec264c27ff?w=400,Footwear,WalkEasy,$152.99
B00UPN42RY,Stylish Cotton Sandals,https://images.unsplash.com/photo-1542291026-7eec264c27ff?w=400,Footwear,WalkEasy,$52.99
B00HQP1UE2,Premium Canvas Hat,https://images.unsplash.com/photo-1492707892479-7bc8d5a4ee93?w=400,Accessories,TrendyBits,$38.99
B007ZF55JE,Stylish Canvas Running Shoes,https://images.unsplash.com/photo-1542291026-7eec264c27ff?w=400,Footwear,WalkEasy,$104.99
B00Q66XEHI,Stylish Knit Sandals,https://images.unsplash.com/photo-1542291026-7eec264c27ff?w=400,Footwear,WalkEasy,$97.99
B00V7GQ23A,Classic Suede Skirt,https://images.unsplash.com/photo-1595777457583-95e059d581b8?w=400,Women's Clothing,ChicWear,$112.99
B00B7UTV0W,Casual Solid Suitcase,https://images.unsplash.com/photo-1553062407-98eeb64c6a62?w=400,Bags & Luggage,BagMaster,$117.99
B00BD5QHDU,Vintage Woven Sneakers,https://images.unsplash.com/photo-1542291026-7eec264c27ff?w=400,Footwear,WalkEasy,$129.99
B016X7JSNS,Stylish Suede Running Shoes,https://images.unsplash.com/photo-1542291026-7eec264c27ff?w=400,Footwear,WalkEasy,$78.99
B004UN0AWG,Casual Knit Suitcase,https://images.unsplash.com/photo-1553062407-98eeb64c6a62?w=400,Bags & Luggage,BagMaster,$129.99
B019NU7U96,Elegant Knit Necklace,https://images.unsplash.com/photo-1535632066927-ab7c9ab60908?w=400,Jewelry,LuxeJewel,$320.99
B00I0VHS10,Casual Suede Suitcase,https://images.unsplash.com/photo-1553062407-98eeb64c6a62?w=400,Bags & Luggage,BagMaster,$171.99
B00WGA6WPO,Trendy Woven T-Shirt,https://images.unsplash.com/photo-1586790170083-2f9ceadc732d?w=400,Men's Clothing,UrbanGent,$41.99
B00Y1VEA96,Comfortable Knit Jacket,https://images.unsplash.com/photo-1595777457583-95e059d581b8?w=400,Women's Clothing,ChicWear,$33.99
B00LHJMCCW,Comfortable Canvas Jacket,https://images.unsplash.com/photo-1595777457583-95e059d581b8?w=400,Women's Clothing,ChicWear,$33.99
B006OC9OO6,Comfortable Canvas Jacket,https://images.unsplash.com/photo-1595777457583-95e059d581b8?w=400,Women's Clothing,ChicWear,$113.99
B00NFIIGYQ,Vintage Printed Sneakers,https://images.unsplash.com/photo-1542291026-7eec264c27ff?w=400,Footwear,WalkEasy,$156.99
B00IC71TBM,Classic Canvas Jacket,https://images.unsplash.com/photo-1595777457583-95e059d581b8?w=400,Women's Clothing,ChicWear,$58.99
B00DGGEU38,Classic Woven Pants,https://images.unsplash.com/photo-1595777457583-95e059d581b8?w=400,Women's Clothing,ChicWear,$26.99
B01CK9KPCG,Casual Wool Suitcase,https://images.unsplash.com/photo-1553062407-98eeb64c6a62?w=400,Bags & Luggage,BagMaster,$231.99
B0092BO4XM,Stylish Knit Sandals,https://images.unsplash.com/photo-1542291026-7eec264c27ff?w=400,Footwear,WalkEasy,$83.99
B00TPY1I30,Comfortable Wool Skirt,https://images.unsplash.com/photo-1595777457583-95e059d581b8?w=400,Women's Clothing,ChicWear,$117.99
B00E834CJA,Modern Canvas Jeans,https://images.unsplash.com/photo-1586790170083-2f9ceadc732d?w=400,Men's Clothing,UrbanGent,$123.99
B007J89RGO,Essential Printed Messenger Bag,https://images.unsplash.com/photo-1553062407-98eeb64c6a62?w=400,Bags & Luggage,BagMaster,$165.99
B01C5PH280,Luxury Knit Brooch,https://images.unsplash.com/photo-1535632066927-ab7c9ab60908?w=400,Jewelry,LuxeJewel,$378.99
B001BFPQQQ,Essential Wool Messenger Bag,https://images.unsplash.com/photo-1553062407-98eeb64c6a62?w=400,Bags & Luggage,BagMaster,$57.99
B00DJP22IQ,Vintage Printed Flats,https://images.unsplash.com/photo-1542291026-7eec264c27ff?w=400,Footwear,WalkEasy,$128.99
B0091V6SXM,Casual Suede Handbag,https://images.unsplash.com/photo-1553062407-98eeb64c6a62?w=400,Bags & Luggage,BagMaster,$75.99
B00Q1S1ZLI,Premium Canvas Hat,https://images.unsplash.com/photo-1492707892479-7bc8d5a4ee93?w=400,Accessories,TrendyBits,$198.99
B00J2KZQG2,Trendy Synthetic Jacket,https://images.unsplash.com/photo-1586790170083-2f9ceadc732d?w=400,Men's Clothing,UrbanGent,$45.99
B006K078VS,Luxury Canvas Earrings,https://images.unsplash.com/photo-1535632066927-ab7c9ab60908?w=400,Jewelry,LuxeJewel,$450.99
B00GINH628,Stylish Suede Running Shoes,https://images.unsplash.com/photo-1542291026-7eec264c27ff?w=400,Footwear,WalkEasy,$132.99
B016AMA3P8,Casual Synthetic Handbag,https://images.unsplash.com/photo-1553062407-98eeb64c6a62?w=400,Bags & Luggage,BagMaster,$129.99
B007AK4DPG,Casual Synthetic Handbag,https://images.unsplash.com/photo-1553062407-98eeb64c6a62?w=400,Bags & Luggage,BagMaster,$105.99
B00FXW81RY,Stylish Knit Sandals,https://images.unsplash.com/photo-1542291026-7eec264c27ff?w=400,Footwear,WalkEasy,$55.99
B00PSM5ENS,Comfortable Knit Pants,https://images.unsplash.com/photo-1595777457583-95e059d581b8?w=400,Women's Clothing,ChicWear,$26.99
B00D8H9O2C,Luxury Wool Earrings,https://images.unsplash.com/photo-1535632066927-ab7c9ab60908?w=400,Jewelry,LuxeJewel,$308.99
B01750UGEW,Trendy Suede Suit,https://images.unsplash.com/photo-1586790170083-2f9ceadc732d?w=400,Men's Clothing,UrbanGent,$109.99
B019PUL3KQ,Luxury Woven Earrings,https://images.unsplash.com/photo-1535632066927-ab7c9ab60908?w=400,Jewelry,LuxeJewel,$306.99
B01EJDS6N6,Premium Leather Tie,https://images.unsplash.com/photo-1492707892479-7bc8d5a4ee93?w=400,Accessories,TrendyBits,$109.99
B0009M96EK,Essential Cotton Messenger Bag,https://images.unsplash.com/photo-1553062407-98eeb64c6a62?w=400,Bags & Luggage,BagMaster,$111.99
B01CIPCKW0,Premium Knit Wallet,https://images.unsplash.com/photo-1492707892479-7bc8d5a4ee93?w=400,Accessories,TrendyBits,$136.99
B00NJ4IU56,Essential Solid Crossbody,https://images.unsplash.com/photo-1553062407-98eeb64c6a62?w=400,Bags & Luggage,BagMaster,$213.99
B00QT61KZS,Luxury Cotton Earrings,https://images.unsplash.com/photo-1535632066927-ab7c9ab60908?w=400,Jewelry,LuxeJewel,$252.99
B000NGJ41W,Trendy Canvas Suit,https://images.unsplash.com/photo-1586790170083-2f9ceadc732d?w=400,Men's Clothing,UrbanGent,$79.99
B00DR72YMU,Elegant Woven Necklace,https://images.unsplash.com/photo-1535632066927-ab7c9ab60908?w=400,Jewelry,LuxeJewel,$232.99
B004ZFIG1G,Stylish Solid Sandals,https://images.unsplash.com/photo-1542291026-7eec264c27ff?w=400,Footwear,WalkEasy,$90.99
B00N5B71U8,Essential Canvas Crossbody,https://images.unsplash.com/photo-1553062407-98eeb64c6a62?w=400,Bags & Luggage,BagMaster,$63.99
B01CHATMV8,Modern Woven Jeans,https://images.unsplash.com/photo-1586790170083-2f9ceadc732d?w=400,Men's Clothing,UrbanGent,$33.99
B017DX7BEE,Designer Knit Tie,https://images.unsplash.com/photo-1492707892479-7bc8d5a4ee93?w=400,Accessories,TrendyBits,$59.99
B00DQYYLWA,Essential Knit Crossbody,https://images.unsplash.com/photo-1553062407-98eeb64c6a62?w=400,Bags & Luggage,BagMaster,$111.99
B016NBPFJU,Essential Woven Messenger Bag,https://images.unsplash.com/photo-1553062407-98eeb64c6a62?w=400,Bags & Luggage,BagMaster,$219.99
B00GOQ3U88,Vintage Suede Flats,https://images.unsplash.com/photo-1542291026-7eec264c27ff?w=400,Footwear,WalkEasy,$153.99
B00C5U7WZY,Trendy Knit Jeans,https://images.unsplash.com/photo-1586790170083-2f9ceadc732d?w=400,Men's Clothing,UrbanGent,$103.99
B00269WK1U,Comfortable Solid Jacket,https://images.unsplash.com/photo-1595777457583-95e059d581b8?w=400,Women's Clothing,ChicWear,$88.99
B01H5TVS40,Comfortable Cotton Jacket,https://images.unsplash.com/photo-1595777457583-95e059d581b8?w=400,Women's Clothing,ChicWear,$73.99
B00NDVKQSO,Elegant Suede Pendant,https://images.unsplash.com/photo-1535632066927-ab7c9ab60908?w=400,Jewelry,LuxeJewel,$128.99
B00RL8G22O,Luxury Solid Earrings,https://images.unsplash.com/photo-1535632066927-ab7c9ab60908?w=400,Jewelry,LuxeJewel,$212.99
B00PVPFPFY,Designer Leather Tie,https://images.unsplash.com/photo-1492707892479-7bc8d5a4ee93?w=400,Accessories,TrendyBits,$19.99
B00U5QQCI8,Classic Synthetic Pants,https://images.unsplash.com/photo-1595777457583-95e059d581b8?w=400,Women's Clothing,ChicWear,$81.99
B00ET9YND8,Casual Woven Handbag,https://images.unsplash.com/photo-1553062407-98eeb64c6a62?w=400,Bags & Luggage,BagMaster,$207.99
B015PAWB2E,Vintage Knit Sneakers,https://images.unsplash.com/photo-1542291026-7eec264c27ff?w=400,Footwear,WalkEasy,$140.99
B00SFTU1PM,Premium Synthetic Gloves,https://images.unsplash.com/photo-1492707892479-7bc8d5a4ee93?w=400,Accessories,TrendyBits,$170.99
B019Q4HE6I,Stylish Woven Running Shoes,https://images.unsplash.com/photo-1542291026-7eec264c27ff?w=400,Footwear,WalkEasy,$166.99
B015PAW9ZI,Stylish Canvas Sandals,https://images.unsplash.com/photo-1542291026-7eec264c27ff?w=400,Footwear,WalkEasy,$164.99
B01FXEZKJS,Comfortable Woven Skirt,https://images.unsplash.com/photo-1595777457583-95e059d581b8?w=400,Women's Clothing,ChicWear,$82.99
B01AP2OXPA,Trendy Leather Hoodie,https://images.unsplash.com/photo-1586790170083-2f9ceadc732d?w=400,Men's Clothing,UrbanGent,$67.99
B014EUYYXU,Classic Printed Pants,https://images.unsplash.com/photo-1595777457583-95e059d581b8?w=400,Women's Clothing,ChicWear,$116.99
B007J89RL4,Comfortable Synthetic Skirt,https://images.unsplash.com/photo-1595777457583-95e059d581b8?w=400,Women's Clothing,ChicWear,$57.99
B017JA11BK,Classic Knit Pants,https://images.unsplash.com/photo-1595777457583-95e059d581b8?w=400,Women's Clothing,ChicWear,$56.99
B018T2L5ZY,Luxury Denim Brooch,https://images.unsplash.com/photo-1535632066927-ab7c9ab60908?w=400,Jewelry,LuxeJewel,$248.99
B015HS6YNQ,Stylish Solid Running Shoes,https://images.unsplash.com/photo-1542291026-7eec264c27ff?w=400,Footwear,WalkEasy,$132.99
B00XVRIKEC,Casual Silk Handbag,https://images.unsplash.com/photo-1553062407-98eeb64c6a62?w=400,Bags & Luggage,BagMaster,$237.99
B01GHNHL78,Elegant Solid Necklace,https://images.unsplash.com/photo-1535632066927-ab7c9ab60908?w=400,Jewelry,LuxeJewel,$450.99
B00IRW7FNS,Designer Denim Wallet,https://images.unsplash.com/photo-1492707892479-7bc8d5a4ee93?w=400,Accessories,TrendyBits,$141.99
B00W0YL7ME,Vintage Leather Flats,https://images.unsplash.com/photo-1542291026-7eec264c27ff?w=400,Footwear,WalkEasy,$131.99
B00NCO2U40,Elegant Synthetic Necklace,https://images.unsplash.com/photo-1535632066927-ab7c9ab60908?w=400,Jewelry,LuxeJewel,$178.99
B000HOGHMO,Casual Canvas Suitcase,https://images.unsplash.com/photo-1553062407-98eeb64c6a62?w=400,Bags & Luggage,BagMaster,$249.99
B01369YMZA,Classic Printed Dress,https://images.unsplash.com/photo-1595777457583-95e059d581b8?w=400,Women's Clothing,ChicWear,$115.99
B00W8SUYXK,Vintage Woven Sneakers,https://images.unsplash.com/photo-1542291026-7eec264c27ff?w=400,Footwear,WalkEasy,$59.99
B017NX5K6K,Modern Leather Jacket,https://images.unsplash.com/photo-1586790170083-2f9ceadc732d?w=400,Men's Clothing,UrbanGent,$85.99
B0184NBHGU,Trendy Cotton T-Shirt,https://images.unsplash.com/photo-1586790170083-2f9ceadc732d?w=400,Men's Clothing,UrbanGent,$61.99
B00NZAKRNC,Classic Cotton Dress,https://images.unsplash.com/photo-1595777457583-95e059d581b8?w=400,Women's Clothing,ChicWear,$25.99
B0176NF1PM,Premium Canvas Gloves,https://images.unsplash.com/photo-1492707892479-7bc8d5a4ee93?w=400,Accessories,TrendyBits,$190.99
B0046ANG9W,Comfortable Printed Dress,https://images.unsplash.com/photo-1595777457583-95e059d581b8?w=400,Women's Clothing,ChicWear,$110.99
B00VAV2Z56,Casual Knit Handbag,https://images.unsplash.com/photo-1553062407-98eeb64c6a62?w=400,Bags & Luggage,BagMaster,$111.99
B0059N4CZ2,Essential Canvas Messenger Bag,https://images.unsplash.com/photo-1553062407-98eeb64c6a62?w=400,Bags & Luggage,BagMaster,$171.99
B011M6L1AS,Classic Woven Skirt,https://images.unsplash.com/photo-1595777457583-95e059d581b8?w=400,Women's Clothing,ChicWear,$82.99
B011J0RAKC,Elegant Woven Necklace,https://images.unsplash.com/photo-1535632066927-ab7c9ab60908?w=400,Jewelry,LuxeJewel,$484.99
B00OHANWAY,Stylish Solid Sandals,https://images.unsplash.com/photo-1542291026-7eec264c27ff?w=400,Footwear,WalkEasy,$174.99
B0134IUR02,Premium Leather Wallet,https://images.unsplash.com/photo-1492707892479-7bc8d5a4ee93?w=400,Accessories,TrendyBits,$176.99
B00GX6AGW2,Premium Synthetic Tie,https://images.unsplash.com/photo-1492707892479-7bc8d5a4ee93?w=400,Accessories,TrendyBits,$144.99
B01DMQLKQG,Classic Suede Jacket,https://images.unsplash.com/photo-1595777457583-95e059d581b8?w=400,Women's Clothing,ChicWear,$38.99
B01EUI552K,Elegant Wool Necklace,https://images.unsplash.com/photo-1535632066927-ab7c9ab60908?w=400,Jewelry,LuxeJewel,$212.99
B00KTXVWH8,Luxury Synthetic Brooch,https://images.unsplash.com/photo-1535632066927-ab7c9ab60908?w=400,Jewelry,LuxeJewel,$202.99
B00EVOOQGU,Premium Silk Wallet,https://images.unsplash.com/photo-1492707892479-7bc8d5a4ee93?w=400,Accessories,TrendyBits,$191.99
B00XJ8XWS2,Vintage Leather Sneakers,https://images.unsplash.com/photo-1542291026-7eec264c27ff?w=400,Footwear,WalkEasy,$144.99
B00DM76ENA,Casual Denim Handbag,https://images.unsplash.com/photo-1553062407-98eeb64c6a62?w=400,Bags & Luggage,BagMaster,$177.99
B0062HQ7L6,Modern Printed Hoodie,https://images.unsplash.com/photo-1586790170083-2f9ceadc732d?w=400,Men's Clothing,UrbanGent,$117.99
B01CTK5URQ,Trendy Denim Jeans,https://images.unsplash.com/photo-1586790170083-2f9ceadc732d?w=400,Men's Clothing,UrbanGent,$33.99
B017LTWPDC,Elegant Woven Necklace,https://images.unsplash.com/photo-1535632066927-ab7c9ab60908?w=400,Jewelry,LuxeJewel,$154.99
B00QLZN2H6,Comfortable Denim Dress,https://images.unsplash.com/photo-1595777457583-95e059d581b8?w=400,Women's Clothing,ChicWear,$90.99
B01AIFPQEG,Elegant Wool Necklace,https://images.unsplash.com/photo-1535632066927-ab7c9ab60908?w=400,Jewelry,LuxeJewel,$162.99
B00PMIFM9E,Premium Solid Wallet,https://images.unsplash.com/photo-1492707892479-7bc8d5a4ee93?w=400,Accessories,TrendyBits,$126.99
B00TSBO5E4,Luxury Printed Earrings,https://images.unsplash.com/photo-1535632066927-ab7c9ab60908?w=400,Jewelry,LuxeJewel,$456.99
B00I2TJS0E,Vintage Solid Sneakers,https://images.unsplash.com/photo-1542291026-7eec264c27ff?w=400,Footwear,WalkEasy,$155.99
B00CPBRDWA,Classic Denim Jacket,https://images.unsplash.com/photo-1595777457583-95e059d581b8?w=400,Women's Clothing,ChicWear,$93.99
B002EBJ6OE,Modern Knit Hoodie,https://images.unsplash.com/photo-1586790170083-2f9ceadc732d?w=400,Men's Clothing,UrbanGent,$97.99
B0145FFPDC,Stylish Denim Running Shoes,https://images.unsplash.com/photo-1542291026-7eec264c27ff?w=400,Footwear,WalkEasy,$111.99
B01FD4LPHE,Casual Printed Handbag,https://images.unsplash.com/photo-1553062407-98eeb64c6a62?w=400,Bags & Luggage,BagMaster,$165.99
B00GQVC3DY,Classic Silk Cardigan,https://images.unsplash.com/photo-1595777457583-95e059d581b8?w=400,Women's Clothing,ChicWear,$69.99
B01D8DNI0E,Casual Cotton Handbag,https://images.unsplash.com/photo-1553062407-98eeb64c6a62?w=400,Bags & Luggage,BagMaster,$117.99
B008BJMPCI,Designer Denim Watch,https://images.unsplash.com/photo-1492707892479-7bc8d5a4ee93?w=400,Accessories,TrendyBits,$162.99
B01B15QAH4,Elegant Solid Necklace,https://images.unsplash.com/photo-1535632066927-ab7c9ab60908?w=400,Jewelry,LuxeJewel,$312.99
B01BW9FFIO,Premium Synthetic Wallet,https://images.unsplash.com/photo-1492707892479-7bc8d5a4ee93?w=400,Accessories,TrendyBits,$41.99
B006CVYRWI,Essential Wool Crossbody,https://images.unsplash.com/photo-1553062407-98eeb64c6a62?w=400,Bags & Luggage,BagMaster,$141.99
B00U829PGA,Premium Wool Hat,https://images.unsplash.com/photo-1492707892479-7bc8d5a4ee93?w=400,Accessories,TrendyBits,$38.99
B00DNNWNZG,Comfortable Silk Dress,https://images.unsplash.com/photo-1595777457583-95e059d581b8?w=400,Women's Clothing,ChicWear,$60.99
B011MP1ODS,Casual Cotton Suitcase,https://images.unsplash.com/photo-1553062407-98eeb64c6a62?w=400,Bags & Luggage,BagMaster,$243.99
B00FKFLFKY,Luxury Silk Earrings,https://images.unsplash.com/photo-1535632066927-ab7c9ab60908?w=400,Jewelry,LuxeJewel,$102.99
B0144VE3GM,Vintage Woven Sneakers,https://images.unsplash.com/photo-1542291026-7eec264c27ff?w=400,Footwear,WalkEasy,$83.99
B00B5J66NA,Luxury Wool Brooch,https://images.unsplash.com/photo-1535632066927-ab7c9ab60908?w=400,Jewelry,LuxeJewel,$184.99
B019VW1QL4,Trendy Cotton Jeans,https://images.unsplash.com/photo-1586790170083-2f9ceadc732d?w=400,Men's Clothing,UrbanGent,$73.99
B00BCFU4SA,Luxury Solid Brooch,https://images.unsplash.com/photo-1535632066927-ab7c9ab60908?w=400,Jewelry,LuxeJewel,$146.99
B019RXNVXI,Modern Wool Jacket,https://images.unsplash.com/photo-1586790170083-2f9ceadc732d?w=400,Men's Clothing,UrbanGent,$95.99
B0054Z2A3G,Designer Synthetic Wallet,https://images.unsplash.com/photo-1492707892479-7bc8d5a4ee93?w=400,Accessories,TrendyBits,$21.99
B00SLSK4RW,Premium Printed Watch,https://images.unsplash.com/photo-1492707892479-7bc8d5a4ee93?w=400,Accessories,TrendyBits,$182.99
B01G0YFAWW,Comfortable Woven Cardigan,https://images.unsplash.com/photo-1595777457583-95e059d581b8?w=400,Women's Clothing,ChicWear,$104.99
B0014JDIW8,Stylish Canvas Sandals,https://images.unsplash.com/photo-1542291026-7eec264c27ff?w=400,Footwear,WalkEasy,$178.99
B00Q6XZT92,Classic Wool Skirt,https://images.unsplash.com/photo-1595777457583-95e059d581b8?w=400,Women's Clothing,ChicWear,$72.99
B000RAOEZA,Essential Silk Crossbody,https://images.unsplash.com/photo-1553062407-98eeb64c6a62?w=400,Bags & Luggage,BagMaster,$123.99
B0120YLMBE,Luxury Solid Earrings,https://images.unsplash.com/photo-1535632066927-ab7c9ab60908?w=400,Jewelry,LuxeJewel,$298.99
B0017YZO8G,Modern Denim Suit,https://images.unsplash.com/photo-1586790170083-2f9ceadc732d?w=400,Men's Clothing,UrbanGent,$139.99
B00NYBFGLU,Elegant Solid Necklace,https://images.unsplash.com/photo-1535632066927-ab7c9ab60908?w=400,Jewelry,LuxeJewel,$468.99
B00BIESO9Q,Luxury Printed Earrings,https://images.unsplash.com/photo-1535632066927-ab7c9ab60908?w=400,Jewelry,LuxeJewel,$172.99
B00IK6FS6M,Designer Leather Gloves,https://images.unsplash.com/photo-1492707892479-7bc8d5a4ee93?w=400,Accessories,TrendyBits,$45.99
B018V4WXT2,Elegant Printed Pendant,https://images.unsplash.com/photo-1535632066927-ab7c9ab60908?w=400,Jewelry,LuxeJewel,$92.99
B00P31JUWK,Trendy Suede Hoodie,https://images.unsplash.com/photo-1586790170083-2f9ceadc732d?w=400,Men's Clothing,UrbanGent,$57.99
B00H9ZBSLO,Classic Printed Pants,https://images.unsplash.com/photo-1595777457583-95e059d581b8?w=400,Women's Clothing,ChicWear,$101.99
B01EZHW8I0,Trendy Woven Suit,https://images.unsplash.com/photo-1586790170083-2f9ceadc732d?w=400,Men's Clothing,UrbanGent,$139.99
B01GP8TYES,Luxury Leather Earrings,https://images.unsplash.com/photo-1535632066927-ab7c9ab60908?w=400,Jewelry,LuxeJewel,$246.99
B0095K7AJU,Stylish Denim Sandals,https://images.unsplash.com/photo-1542291026-7eec264c27ff?w=400,Footwear,WalkEasy,$52.99
B009HVARDS,Designer Printed Gloves,https://images.unsplash.com/photo-1492707892479-7bc8d5a4ee93?w=400,Accessories,TrendyBits,$120.99
B00YNQU72I,Trendy Cotton Jacket,https://images.unsplash.com/photo-1586790170083-2f9ceadc732d?w=400,Men's Clothing,UrbanGent,$45.99
B01EMMJR0A,Comfortable Denim Jacket,https://images.unsplash.com/photo-1595777457583-95e059d581b8?w=400,Women's Clothing,ChicWear,$103.99
B01FEYO20U,Classic Knit Pants,https://images.unsplash.com/photo-1595777457583-95e059d581b8?w=400,Women's Clothing,ChicWear,$116.99
B018G1RRLO,Designer Silk Wallet,https://images.unsplash.com/photo-1492707892479-7bc8d5a4ee93?w=400,Accessories,TrendyBits,$91.99
B0120YLKC0,Luxury Printed Earrings,https://images.unsplash.com/photo-1535632066927-ab7c9ab60908?w=400,Jewelry,LuxeJewel,$266.99
B00GGE1P9E,Trendy Cotton Suit,https://images.unsplash.com/photo-1586790170083-2f9ceadc732d?w=400,Men's Clothing,UrbanGent,$39.99
B004UUHCM0,Luxury Silk Earrings,https://images.unsplash.com/photo-1535632066927-ab7c9ab60908?w=400,Jewelry,LuxeJewel,$276.99
B00FLH921U,Casual Silk Suitcase,https://images.unsplash.com/photo-1553062407-98eeb64c6a62?w=400,Bags & Luggage,BagMaster,$249.99
B00O0ZTS04,Luxury Printed Earrings,https://images.unsplash.com/photo-1535632066927-ab7c9ab60908?w=400,Jewelry,LuxeJewel,$328.99
B01589Z96M,Vintage Synthetic Sneakers,https://images.unsplash.com/photo-1542291026-7eec264c27ff?w=400,Footwear,WalkEasy,$52.99
B01HBJW7DU,Comfortable Canvas Cardigan,https://images.unsplash.com/photo-1595777457583-95e059d581b8?w=400,Women's Clothing,ChicWear,$69.99
B00ECGFAIA,Vintage Denim Flats,https://images.unsplash.com/photo-1542291026-7eec264c27ff?w=400,Footwear,WalkEasy,$97.99
B016D7C6IC,Premium Silk Watch,https://images.unsplash.com/photo-1492707892479-7bc8d5a4ee93?w=400,Accessories,TrendyBits,$127.99
B00OHSIV2A,Casual Synthetic Handbag,https://images.unsplash.com/photo-1553062407-98eeb64c6a62?w=400,Bags & Luggage,BagMaster,$45.99
B000PQJQUY,Vintage Silk Flats,https://images.unsplash.com/photo-1542291026-7eec264c27ff?w=400,Footwear,WalkEasy,$78.99
B00XNPT820,Premium Printed Hat,https://images.unsplash.com/photo-1492707892479-7bc8d5a4ee93?w=400,Accessories,TrendyBits,$28.99
B01D65H4EU,Comfortable Suede Cardigan,https://images.unsplash.com/photo-1595777457583-95e059d581b8?w=400,Women's Clothing,ChicWear,$69.99
B017I18NMA,Casual Woven Handbag,https://images.unsplash.com/photo-1553062407-98eeb64c6a62?w=400,Bags & Luggage,BagMaster,$87.99
B0050JR8DS,Casual Wool Handbag,https://images.unsplash.com/photo-1553062407-98eeb64c6a62?w=400,Bags & Luggage,BagMaster,$243.99
B00T6QLZZI,Elegant Suede Pendant,https://images.unsplash.com/photo-1535632066927-ab7c9ab60908?w=400,Jewelry,LuxeJewel,$36.99
B00HR5SIPA,Elegant Leather Pendant,https://images.unsplash.com/photo-1535632066927-ab7c9ab60908?w=400,Jewelry,LuxeJewel,$64.99
B016TPBP3K,Casual Denim Handbag,https://images.unsplash.com/photo-1553062407-98eeb64c6a62?w=400,Bags & Luggage,BagMaster,$213.99
B000P0X15G,Stylish Synthetic Sandals,https://images.unsplash.com/photo-1542291026-7eec264c27ff?w=400,Footwear,WalkEasy,$70.99
B00G4CJY7S,Modern Woven Hoodie,https://images.unsplash.com/photo-1586790170083-2f9ceadc732d?w=400,Men's Clothing,UrbanGent,$107.99
B00LXBGU7W,Essential Synthetic Crossbody,https://images.unsplash.com/photo-1553062407-98eeb64c6a62?w=400,Bags & Luggage,BagMaster,$75.99
B00AEYXOX2,Designer Solid Watch,https://images.unsplash.com/photo-1492707892479-7bc8d5a4ee93?w=400,Accessories,TrendyBits,$142.99
B004CLGVLU,Trendy Silk Hoodie,https://images.unsplash.com/photo-1586790170083-2f9ceadc732d?w=400,Men's Clothing,UrbanGent,$137.99
B00CZ50CXI,Trendy Suede Jacket,https://images.unsplash.com/photo-1586790170083-2f9ceadc732d?w=400,Men's Clothing,UrbanGent,$95.99
B00YUSAZAS,Modern Suede Suit,https://images.unsplash.com/photo-1586790170083-2f9ceadc732d?w=400,Men's Clothing,UrbanGent,$59.99
B011U9K9O6,Modern Denim T-Shirt,https://images.unsplash.com/photo-1586790170083-2f9ceadc732d?w=400,Men's Clothing,UrbanGent,$21.99
B00KTG489E,Casual Leather Handbag,https://images.unsplash.com/photo-1553062407-98eeb64c6a62?w=400,Bags & Luggage,BagMaster,$87.99
B00GYE22M0,Vintage Cotton Sneakers,https://images.unsplash.com/photo-1542291026-7eec264c27ff?w=400,Footwear,WalkEasy,$56.99
B00NB966BE,Stylish Synthetic Running Shoes,https://images.unsplash.com/photo-1542291026-7eec264c27ff?w=400,Footwear,WalkEasy,$77.99
B004UUDE1I,Essential Suede Crossbody,https://images.unsplash.com/photo-1553062407-98eeb64c6a62?w=400,Bags & Luggage,BagMaster,$225.99
B00XIH6VIW,Modern Woven Hoodie,https://images.unsplash.com/photo-1586790170083-2f9ceadc732d?w=400,Men's Clothing,UrbanGent,$137.99
B017N9WZ3K,Elegant Denim Pendant,https://images.unsplash.com/photo-1535632066927-ab7c9ab60908?w=400,Jewelry,LuxeJewel,$440.99
B00L5W29CO,Essential Synthetic Crossbody,https://images.unsplash.com/photo-1553062407-98eeb64c6a62?w=400,Bags & Luggage,BagMaster,$237.99
B01EFMDSF2,Casual Printed Handbag,https://images.unsplash.com/photo-1553062407-98eeb64c6a62?w=400,Bags & Luggage,BagMaster,$99.99
B015GJ738G,Designer Solid Watch,https://images.unsplash.com/photo-1492707892479-7bc8d5a4ee93?w=400,Accessories,TrendyBits,$62.99
B00I52C7UG,Elegant Wool Necklace,https://images.unsplash.com/photo-1535632066927-ab7c9ab60908?w=400,Jewelry,LuxeJewel,$120.99
B00NOQ6ZA6,Stylish Canvas Sandals,https://images.unsplash.com/photo-1542291026-7eec264c27ff?w=400,Footwear,WalkEasy,$175.99
B005BH3ORS,Modern Denim Hoodie,https://images.unsplash.com/photo-1586790170083-2f9ceadc732d?w=400,Men's Clothing,UrbanGent,$147.99
B00BBVRU7S,Casual Silk Handbag,https://images.unsplash.com/photo-1553062407-98eeb64c6a62?w=400,Bags & Luggage,BagMaster,$147.99
B019DXHDN6,Casual Cotton Suitcase,https://images.unsplash.com/photo-1553062407-98eeb64c6a62?w=400,Bags & Luggage,BagMaster,$45.99
B00PM2EMFU,Stylish Woven Sandals,https://images.unsplash.com/photo-1542291026-7eec264c27ff?w=400,Footwear,WalkEasy,$102.99
B011OWC5EG,Premium Solid Watch,https://images.unsplash.com/photo-1492707892479-7bc8d5a4ee93?w=400,Accessories,TrendyBits,$157.99
B009VNFNOU,Casual Cotton Handbag,https://images.unsplash.com/photo-1553062407-98eeb64c6a62?w=400,Bags & Luggage,BagMaster,$129.99
B00K5G0O6Y,Trendy Wool Jacket,https://images.unsplash.com/photo-1586790170083-2f9ceadc732d?w=400,Men's Clothing,UrbanGent,$45.99
B01AQB48Q4,Premium Canvas Gloves,https://images.unsplash.com/photo-1492707892479-7bc8d5a4ee93?w=400,Accessories,TrendyBits,$35.99
B00U77G5W8,Elegant Denim Necklace,https://images.unsplash.com/photo-1535632066927-ab7c9ab60908?w=400,Jewelry,LuxeJewel,$128.99
B00QMLHIV0,Essential Canvas Messenger Bag,https://images.unsplash.com/photo-1553062407-98eeb64c6a62?w=400,Bags & Luggage,BagMaster,$153.99
B019SXU996,Premium Silk Gloves,https://images.unsplash.com/photo-1492707892479-7bc8d5a4ee93?w=400,Accessories,TrendyBits,$140.99
B00DYYBMSI,Essential Solid Messenger Bag,https://images.unsplash.com/photo-1553062407-98eeb64c6a62?w=400,Bags & Luggage,BagMaster,$201.99
B01EZHW7RC,Vintage Suede Sneakers,https://images.unsplash.com/photo-1542291026-7eec264c27ff?w=400,Footwear,WalkEasy,$152.99
B01FN001CI,Premium Solid Wallet,https://images.unsplash.com/photo-1492707892479-7bc8d5a4ee93?w=400,Accessories,TrendyBits,$71.99
B0092BGHGO,Modern Canvas Jeans,https://images.unsplash.com/photo-1586790170083-2f9ceadc732d?w=400,Men's Clothing,UrbanGent,$73.99
B003ESTRW2,Trendy Silk Jacket,https://images.unsplash.com/photo-1586790170083-2f9ceadc732d?w=400,Men's Clothing,UrbanGent,$105.99
B00LQZBB5G,Essential Leather Messenger Bag,https://images.unsplash.com/photo-1553062407-98eeb64c6a62?w=400,Bags & Luggage,BagMaster,$51.99
B007S9B1JA,Trendy Suede T-Shirt,https://images.unsplash.com/photo-1586790170083-2f9ceadc732d?w=400,Men's Clothing,UrbanGent,$51.99
B00KMRRFPE,Comfortable Knit Cardigan,https://images.unsplash.com/photo-1595777457583-95e059d581b8?w=400,Women's Clothing,ChicWear,$109.99
B00O22IRM0,Elegant Denim Necklace,https://images.unsplash.com/photo-1535632066927-ab7c9ab60908?w=400,Jewelry,LuxeJewel,$358.99
B006N8U55I,Luxury Cotton Earrings,https://images.unsplash.com/photo-1535632066927-ab7c9ab60908?w=400,Jewelry,LuxeJewel,$62.99
B0159WGAB6,Vintage Canvas Sneakers,https://images.unsplash.com/photo-1542291026-7eec264c27ff?w=400,Footwear,WalkEasy,$70.99
B00II93282,Luxury Silk Brooch,https://images.unsplash.com/photo-1535632066927-ab7c9ab60908?w=400,Jewelry,LuxeJewel,$112.99
B00GWVD9DG,Elegant Cotton Pendant,https://images.unsplash.com/photo-1535632066927-ab7c9ab60908?w=400,Jewelry,LuxeJewel,$294.99
B01H4RIFYY,Casual Printed Handbag,https://images.unsplash.com/photo-1553062407-98eeb64c6a62?w=400,Bags & Luggage,BagMaster,$135.99
B00REK5LZI,Classic Suede Dress,https://images.unsplash.com/photo-1595777457583-95e059d581b8?w=400,Women's Clothing,ChicWear,$55.99
B00ID798VO,Modern Synthetic Hoodie,https://images.unsplash.com/photo-1586790170083-2f9ceadc732d?w=400,Men's Clothing,UrbanGent,$67.99
B016H0FJ8Y,Casual Solid Suitcase,https://images.unsplash.com/photo-1553062407-98eeb64c6a62?w=400,Bags & Luggage,BagMaster,$51.99
B01GFT4KSC,Trendy Silk Jacket,https://images.unsplash.com/photo-1586790170083-2f9ceadc732d?w=400,Men's Clothing,UrbanGent,$65.99
B008DYJJ2U,Luxury Cotton Brooch,https://images.unsplash.com/photo-1535632066927-ab7c9ab60908?w=400,Jewelry,LuxeJewel,$176.99
B00BH07U2I,Classic Woven Dress,https://images.unsplash.com/photo-1595777457583-95e059d581b8?w=400,Women's Clothing,ChicWear,$55.99
B00N4FU882,Essential Silk Messenger Bag,https://images.unsplash.com/photo-1553062407-98eeb64c6a62?w=400,Bags & Luggage,BagMaster,$225.99
B00JVYIM06,Essential Woven Crossbody,https://images.unsplash.com/photo-1553062407-98eeb64c6a62?w=400,Bags & Luggage,BagMaster,$51.99
B0073LT5I2,Stylish Knit Running Shoes,https://images.unsplash.com/photo-1542291026-7eec264c27ff?w=400,Footwear,WalkEasy,$113.99
B000PMKBL6,Trendy Printed Hoodie,https://images.unsplash.com/photo-1586790170083-2f9ceadc732d?w=400,Men's Clothing,UrbanGent,$107.99
B00JVFC51M,Stylish Canvas Sandals,https://images.unsplash.com/photo-1542291026-7eec264c27ff?w=400,Footwear,WalkEasy,$91.99
B00S8B57VU,Casual Leather Suitcase,https://images.unsplash.com/photo-1553062407-98eeb64c6a62?w=400,Bags & Luggage,BagMaster,$243.99
B00BGZUTA4,Designer Printed Hat,https://images.unsplash.com/photo-1492707892479-7bc8d5a4ee93?w=400,Accessories,TrendyBits,$93.99
B01D45LARE,Casual Suede Suitcase,https://images.unsplash.com/photo-1553062407-98eeb64c6a62?w=400,Bags & Luggage,BagMaster,$225.99
B00PZVDJH0,Stylish Printed Running Shoes,https://images.unsplash.com/photo-1542291026-7eec264c27ff?w=400,Footwear,WalkEasy,$39.99
B013NLZTO4,Designer Suede Watch,https://images.unsplash.com/photo-1492707892479-7bc8d5a4ee93?w=400,Accessories,TrendyBits,$112.99
B01DNQ1NSA,Classic Knit Jacket,https://images.unsplash.com/photo-1595777457583-95e059d581b8?w=400,Women's Clothing,ChicWear,$103.99
B00O1V7HBE,Classic Cotton Dress,https://images.unsplash.com/photo-1595777457583-95e059d581b8?w=400,Women's Clothing,ChicWear,$30.99
B015T2KTP4,Premium Suede Gloves,https://images.unsplash.com/photo-1492707892479-7bc8d5a4ee93?w=400,Accessories,TrendyBits,$140.99
B00FHHONP4,Essential Synthetic Crossbody,https://images.unsplash.com/photo-1553062407-98eeb64c6a62?w=400,Bags & Luggage,BagMaster,$117.99
B012A5LKOM,Essential Canvas Messenger Bag,https://images.unsplash.com/photo-1553062407-98eeb64c6a62?w=400,Bags & Luggage,BagMaster,$87.99
B00DXFRTLW,Designer Silk Hat,https://images.unsplash.com/photo-1492707892479-7bc8d5a4ee93?w=400,Accessories,TrendyBits,$43.99
B00RII1NV2,Designer Wool Wallet,https://images.unsplash.com/photo-1492707892479-7bc8d5a4ee93?w=400,Accessories,TrendyBits,$141.99
B01CNE4EE8,Stylish Denim Sandals,https://images.unsplash.com/photo-1542291026-7eec264c27ff?w=400,Footwear,WalkEasy,$78.99
B01EUFORG8,Elegant Solid Pendant,https://images.unsplash.com/photo-1535632066927-ab7c9ab60908?w=400,Jewelry,LuxeJewel,$196.99
B000673JT6,Premium Denim Wallet,https://images.unsplash.com/photo-1492707892479-7bc8d5a4ee93?w=400,Accessories,TrendyBits,$181.99
B00W1KC1PY,Classic Woven Jacket,https://images.unsplash.com/photo-1595777457583-95e059d581b8?w=400,Women's Clothing,ChicWear,$83.99
B00SKFTYPO,Vintage Cotton Sneakers,https://images.unsplash.com/photo-1542291026-7eec264c27ff?w=400,Footwear,WalkEasy,$86.99
B004XJ6N6Y,Trendy Silk Hoodie,https://images.unsplash.com/photo-1586790170083-2f9ceadc732d?w=400,Men's Clothing,UrbanGent,$67.99
B01GORQCIQ,Classic Woven Jacket,https://images.unsplash.com/photo-1595777457583-95e059d581b8?w=400,Women's Clothing,ChicWear,$83.99
B002YZ2T6C,Vintage Silk Sneakers,https://images.unsplash.com/photo-1542291026-7eec264c27ff?w=400,Footwear,WalkEasy,$113.99
B017NNHX2Y,Stylish Suede Running Shoes,https://images.unsplash.com/photo-1542291026-7eec264c27ff?w=400,Footwear,WalkEasy,$40.99
B00AO9JUFI,Stylish Silk Sandals,https://images.unsplash.com/photo-1542291026-7eec264c27ff?w=400,Footwear,WalkEasy,$159.99
B01AR9WAQK,Classic Canvas Pants,https://images.unsplash.com/photo-1595777457583-95e059d581b8?w=400,Women's Clothing,ChicWear,$71.99
B00IRWG1HE,Elegant Knit Necklace,https://images.unsplash.com/photo-1535632066927-ab7c9ab60908?w=400,Jewelry,LuxeJewel,$212.99
B01G9BCEY8,Vintage Synthetic Flats,https://images.unsplash.com/photo-1542291026-7eec264c27ff?w=400,Footwear,WalkEasy,$95.99
B004NJZP4K,Trendy Leather T-Shirt,https://images.unsplash.com/photo-1586790170083-2f9ceadc732d?w=400,Men's Clothing,UrbanGent,$81.99
B00Y3KKMVU,Vintage Printed Sneakers,https://images.unsplash.com/photo-1542291026-7eec264c27ff?w=400,Footwear,WalkEasy,$131.99
B001P19TIM,Premium Leather Gloves,https://images.unsplash.com/photo-1492707892479-7bc8d5a4ee93?w=400,Accessories,TrendyBits,$95.99
B00T39T69A,Trendy Suede Jacket,https://images.unsplash.com/photo-1586790170083-2f9ceadc732d?w=400,Men's Clothing,UrbanGent,$95.99
B014GZFGEO,Classic Suede Jacket,https://images.unsplash.com/photo-1595777457583-95e059d581b8?w=400,Women's Clothing,ChicWear,$33.99
B0155JH4CM,Modern Suede Jacket,https://images.unsplash.com/photo-1586790170083-2f9ceadc732d?w=400,Men's Clothing,UrbanGent,$105.99
B00AGSTDXG,Comfortable Solid Skirt,https://images.unsplash.com/photo-1595777457583-95e059d581b8?w=400,Women's Clothing,ChicWear,$47.99
B00GMLYG2Y,Essential Wool Messenger Bag,https://images.unsplash.com/photo-1553062407-98eeb64c6a62?w=400,Bags & Luggage,BagMaster,$231.99
B00BMLCAOA,Modern Solid T-Shirt,https://images.unsplash.com/photo-1586790170083-2f9ceadc732d?w=400,Men's Clothing,UrbanGent,$121.99
B00SWD1OHA,Classic Silk Jacket,https://images.unsplash.com/photo-1595777457583-95e059d581b8?w=400,Women's Clothing,ChicWear,$48.99
B00ZGK21ZQ,Elegant Printed Necklace,https://images.unsplash.com/photo-1535632066927-ab7c9ab60908?w=400,Jewelry,LuxeJewel,$474.99
B00K1KZCTI,Modern Woven T-Shirt,https://images.unsplash.com/photo-1586790170083-2f9ceadc732d?w=400,Men's Clothing,UrbanGent,$51.99
B00BAQ0DJG,Comfortable Wool Skirt,https://images.unsplash.com/photo-1595777457583-95e059d581b8?w=400,Women's Clothing,ChicWear,$37.99
B00AY8M3KI,Essential Suede Crossbody,https://images.unsplash.com/photo-1553062407-98eeb64c6a62?w=400,Bags & Luggage,BagMaster,$207.99
B01CDY546A,Classic Suede Jacket,https://images.unsplash.com/photo-1595777457583-95e059d581b8?w=400,Women's Clothing,ChicWear,$103.99
B006ATHGWU,Vintage Canvas Sneakers,https://images.unsplash.com/photo-1542291026-7eec264c27ff?w=400,Footwear,WalkEasy,$46.99
B00BA1KHUG,Vintage Solid Sneakers,https://images.unsplash.com/photo-1542291026-7eec264c27ff?w=400,Footwear,WalkEasy,$57.99
B017WMKLV6,Modern Leather Suit,https://images.unsplash.com/photo-1586790170083-2f9ceadc732d?w=400,Men's Clothing,UrbanGent,$99.99
B00KDPM758,Stylish Printed Sandals,https://images.unsplash.com/photo-1542291026-7eec264c27ff?w=400,Footwear,WalkEasy,$67.99
B00JJ5EG84,Comfortable Canvas Dress,https://images.unsplash.com/photo-1595777457583-95e059d581b8?w=400,Women's Clothing,ChicWear,$40.99
B00SKFT9UE,Essential Synthetic Messenger Bag,https://images.unsplash.com/photo-1553062407-98eeb64c6a62?w=400,Bags & Luggage,BagMaster,$213.99
B01B1X0JCS,Vintage Synthetic Sneakers,https://images.unsplash.com/photo-1542291026-7eec264c27ff?w=400,Footwear,WalkEasy,$159.99
B014GZFIPQ,Vintage Synthetic Flats,https://images.unsplash.com/photo-1542291026-7eec264c27ff?w=400,Footwear,WalkEasy,$101.99
B017DX77WA,Casual Leather Suitcase,https://images.unsplash.com/photo-1553062407-98eeb64c6a62?w=400,Bags & Luggage,BagMaster,$81.99
B00IKH56V8,Stylish Printed Sandals,https://images.unsplash.com/photo-1542291026-7eec264c27ff?w=400,Footwear,WalkEasy,$84.99
B00MX1TJGA,Designer Suede Watch,https://images.unsplash.com/photo-1492707892479-7bc8d5a4ee93?w=400,Accessories,TrendyBits,$92.99
B00VVSNIY0,Elegant Cotton Pendant,https://images.unsplash.com/photo-1535632066927-ab7c9ab60908?w=400,Jewelry,LuxeJewel,$214.99
B011PHP9XY,Premium Solid Tie,https://images.unsplash.com/photo-1492707892479-7bc8d5a4ee93?w=400,Accessories,TrendyBits,$84.99
B018KDQUZW,Casual Denim Suitcase,https://images.unsplash.com/photo-1553062407-98eeb64c6a62?w=400,Bags & Luggage,BagMaster,$201.99
B00915VKOU,Casual Wool Suitcase,https://images.unsplash.com/photo-1553062407-98eeb64c6a62?w=400,Bags & Luggage,BagMaster,$147.99
B00O0ZMY9Q,Designer Knit Wallet,https://images.unsplash.com/photo-1492707892479-7bc8d5a4ee93?w=400,Accessories,TrendyBits,$41.99
B00FQN3MX8,Essential Denim Crossbody,https://images.unsplash.com/photo-1553062407-98eeb64c6a62?w=400,Bags & Luggage,BagMaster,$57.99
B00JKSV0MK,Comfortable Woven Pants,https://images.unsplash.com/photo-1595777457583-95e059d581b8?w=400,Women's Clothing,ChicWear,$56.99
B017776SDQ,Essential Wool Crossbody,https://images.unsplash.com/photo-1553062407-98eeb64c6a62?w=400,Bags & Luggage,BagMaster,$177.99
B00L7QNVDY,Luxury Printed Earrings,https://images.unsplash.com/photo-1535632066927-ab7c9ab60908?w=400,Jewelry,LuxeJewel,$120.99
B0123E9PJW,Stylish Printed Running Shoes,https://images.unsplash.com/photo-1542291026-7eec264c27ff?w=400,Footwear,WalkEasy,$45.99
B01E7PV3WW,Luxury Solid Earrings,https://images.unsplash.com/photo-1535632066927-ab7c9ab60908?w=400,Jewelry,LuxeJewel,$342.99
B00QS30904,Comfortable Printed Jacket,https://images.unsplash.com/photo-1595777457583-95e059d581b8?w=400,Women's Clothing,ChicWear,$103.99
B01FCWS8CM,Casual Knit Handbag,https://images.unsplash.com/photo-1553062407-98eeb64c6a62?w=400,Bags & Luggage,BagMaster,$213.99
B01C94IS1W,Designer Synthetic Gloves,https://images.unsplash.com/photo-1492707892479-7bc8d5a4ee93?w=400,Accessories,TrendyBits,$55.99
B00FN0GFX8,Premium Silk Gloves,https://images.unsplash.com/photo-1492707892479-7bc8d5a4ee93?w=400,Accessories,TrendyBits,$25.99
B00BT0D1JM,Trendy Wool Jacket,https://images.unsplash.com/photo-1586790170083-2f9ceadc732d?w=400,Men's Clothing,UrbanGent,$135.99
B004D8Z3XE,Stylish Denim Running Shoes,https://images.unsplash.com/photo-1542291026-7eec264c27ff?w=400,Footwear,WalkEasy,$70.99
B01FGZEZPO,Casual Woven Handbag,https://images.unsplash.com/photo-1553062407-98eeb64c6a62?w=400,Bags & Luggage,BagMaster,$165.99
B00I1AEA02,Essential Leather Crossbody,https://images.unsplash.com/photo-1553062407-98eeb64c6a62?w=400,Bags & Luggage,BagMaster,$147.99
B002OQWN0I,Vintage Suede Flats,https://images.unsplash.com/photo-1542291026-7eec264c27ff?w=400,Footwear,WalkEasy,$39.99
B011ABRVUY,Designer Woven Gloves,https://images.unsplash.com/photo-1492707892479-7bc8d5a4ee93?w=400,Accessories,TrendyBits,$35.99
B0113RDAKK,Classic Leather Jacket,https://images.unsplash.com/photo-1595777457583-95e059d581b8?w=400,Women's Clothing,ChicWear,$93.99
B015O5IPZ2,Classic Synthetic Pants,https://images.unsplash.com/photo-1595777457583-95e059d581b8?w=400,Women's Clothing,ChicWear,$61.99
B00WQY61CO,Casual Knit Handbag,https://images.unsplash.com/photo-1553062407-98eeb64c6a62?w=400,Bags & Luggage,BagMaster,$231.99
B004LOCTE6,Designer Cotton Gloves,https://images.unsplash.com/photo-1492707892479-7bc8d5a4ee93?w=400,Accessories,TrendyBits,$65.99
B00BLSXQ9W,Classic Wool Jacket,https://images.unsplash.com/photo-1595777457583-95e059d581b8?w=400,Women's Clothing,ChicWear,$28.99
B00H5UW4H0,Essential Synthetic Messenger Bag,https://images.unsplash.com/photo-1553062407-98eeb64c6a62?w=400,Bags & Luggage,BagMaster,$237.99
B011DF35QG,Trendy Solid T-Shirt,https://images.unsplash.com/photo-1586790170083-2f9ceadc732d?w=400,Men's Clothing,UrbanGent,$91.99
B00WSAOUBK,Classic Leather Pants,https://images.unsplash.com/photo-1595777457583-95e059d581b8?w=400,Women's Clothing,ChicWear,$96.99
B00J8H9NJK,Luxury Denim Earrings,https://images.unsplash.com/photo-1535632066927-ab7c9ab60908?w=400,Jewelry,LuxeJewel,$354.99
B009IPPHW4,Classic Knit Dress,https://images.unsplash.com/photo-1595777457583-95e059d581b8?w=400,Women's Clothing,ChicWear,$115.99
B00GJ77JOS,Classic Suede Skirt,https://images.unsplash.com/photo-1595777457583-95e059d581b8?w=400,Women's Clothing,ChicWear,$77.99
B01F3OD9CS,Vintage Knit Flats,https://images.unsplash.com/photo-1542291026-7eec264c27ff?w=400,Footwear,WalkEasy,$92.99
B00BT9NGR0,Designer Knit Hat,https://images.unsplash.com/photo-1492707892479-7bc8d5a4ee93?w=400,Accessories,TrendyBits,$118.99
B001IKJOLW,Classic Cotton Dress,https://images.unsplash.com/photo-1595777457583-95e059d581b8?w=400,Women's Clothing,ChicWear,$55.99
B01A0QCBQO,Luxury Woven Brooch,https://images.unsplash.com/photo-1535632066927-ab7c9ab60908?w=400,Jewelry,LuxeJewel,$188.99
B00NB963PS,Casual Leather Suitcase,https://images.unsplash.com/photo-1553062407-98eeb64c6a62?w=400,Bags & Luggage,BagMaster,$237.99
B00D7UX1YM,Comfortable Synthetic Skirt,https://images.unsplash.com/photo-1595777457583-95e059d581b8?w=400,Women's Clothing,ChicWear,$107.99
B01E5T5IR6,Luxury Cotton Earrings,https://images.unsplash.com/photo-1535632066927-ab7c9ab60908?w=400,Jewelry,LuxeJewel,$112.99
B005XBHL26,Comfortable Printed Jacket,https://images.unsplash.com/photo-1595777457583-95e059d581b8?w=400,Women's Clothing,ChicWear,$73.99
B002OQEF8Q,Essential Solid Crossbody,https://images.unsplash.com/photo-1553062407-98eeb64c6a62?w=400,Bags & Luggage,BagMaster,$63.99
B01CZE62C8,Luxury Denim Earrings,https://images.unsplash.com/photo-1535632066927-ab7c9ab60908?w=400,Jewelry,LuxeJewel,$84.99
B01AW0BKO2,Premium Canvas Gloves,https://images.unsplash.com/photo-1492707892479-7bc8d5a4ee93?w=400,Accessories,TrendyBits,$30.99
B00ZGK22NC,Elegant Silk Pendant,https://images.unsplash.com/photo-1535632066927-ab7c9ab60908?w=400,Jewelry,LuxeJewel,$116.99
B00DP2O3QC,Essential Wool Messenger Bag,https://images.unsplash.com/photo-1553062407-98eeb64c6a62?w=400,Bags & Luggage,BagMaster,$201.99
B00WAK26VE,Essential Woven Crossbody,https://images.unsplash.com/photo-1553062407-98eeb64c6a62?w=400,Bags & Luggage,BagMaster,$51.99
B00QMGK6L4,Essential Denim Crossbody,https://images.unsplash.com/photo-1553062407-98eeb64c6a62?w=400,Bags & Luggage,BagMaster,$159.99
B00M3EPAII,Designer Denim Gloves,https://images.unsplash.com/photo-1492707892479-7bc8d5a4ee93?w=400,Accessories,TrendyBits,$115.99
B0041D9080,Vintage Leather Flats,https://images.unsplash.com/photo-1542291026-7eec264c27ff?w=400,Footwear,WalkEasy,$120.99
B019FDELQ6,Vintage Silk Flats,https://images.unsplash.com/photo-1542291026-7eec264c27ff?w=400,Footwear,WalkEasy,$60.99
B00XM5G0MM,Stylish Woven Running Shoes,https://images.unsplash.com/photo-1542291026-7eec264c27ff?w=400,Footwear,WalkEasy,$50.99
B0072D8N9S,Vintage Cotton Sneakers,https://images.unsplash.com/photo-1542291026-7eec264c27ff?w=400,Footwear,WalkEasy,$172.99
B00IID3U26,Luxury Solid Brooch,https://images.unsplash.com/photo-1535632066927-ab7c9ab60908?w=400,Jewelry,LuxeJewel,$414.99
B00WAXCE18,Premium Denim Tie,https://images.unsplash.com/photo-1492707892479-7bc8d5a4ee93?w=400,Accessories,TrendyBits,$89.99
B00VJZP8I4,Stylish Synthetic Running Shoes,https://images.unsplash.com/photo-1542291026-7eec264c27ff?w=400,Footwear,WalkEasy,$112.99
B00KQ4FFCS,Luxury Denim Earrings,https://images.unsplash.com/photo-1535632066927-ab7c9ab60908?w=400,Jewelry,LuxeJewel,$338.99
B01H84IMXM,Luxury Knit Earrings,https://images.unsplash.com/photo-1535632066927-ab7c9ab60908?w=400,Jewelry,LuxeJewel,$224.99
B007498MPK,Classic Wool Pants,https://images.unsplash.com/photo-1595777457583-95e059d581b8?w=400,Women's Clothing,ChicWear,$51.99
B00OWFPJJG,Stylish Wool Running Shoes,https://images.unsplash.com/photo-1542291026-7eec264c27ff?w=400,Footwear,WalkEasy,$166.99
B010RGY55M,Trendy Solid T-Shirt,https://images.unsplash.com/photo-1586790170083-2f9ceadc732d?w=400,Men's Clothing,UrbanGent,$61.99
B01G7ZVR9Y,Modern Leather Jacket,https://images.unsplash.com/photo-1586790170083-2f9ceadc732d?w=400,Men's Clothing,UrbanGent,$105.99
B00QI7BVNY,Modern Printed Jacket,https://images.unsplash.com/photo-1586790170083-2f9ceadc732d?w=400,Men's Clothing,UrbanGent,$35.99
B000JOOR7O,Trendy Knit T-Shirt,https://images.unsplash.com/photo-1586790170083-2f9ceadc732d?w=400,Men's Clothing,UrbanGent,$81.99
B00SKFTOUY,Classic Canvas Cardigan,https://images.unsplash.com/photo-1595777457583-95e059d581b8?w=400,Women's Clothing,ChicWear,$79.99
B000EVEAS8,Classic Leather Dress,https://images.unsplash.com/photo-1595777457583-95e059d581b8?w=400,Women's Clothing,ChicWear,$70.99
B014879Y52,Comfortable Canvas Cardigan,https://images.unsplash.com/photo-1595777457583-95e059d581b8?w=400,Women's Clothing,ChicWear,$74.99
B001U4XO3A,Modern Suede Suit,https://images.unsplash.com/photo-1586790170083-2f9ceadc732d?w=400,Men's Clothing,UrbanGent,$79.99
B000PMNS3E,Luxury Woven Earrings,https://images.unsplash.com/photo-1535632066927-ab7c9ab60908?w=400,Jewelry,LuxeJewel,$120.99
B017NNHSCE,Premium Woven Watch,https://images.unsplash.com/photo-1492707892479-7bc8d5a4ee93?w=400,Accessories,TrendyBits,$47.99
B00533A2CU,Premium Knit Tie,https://images.unsplash.com/photo-1492707892479-7bc8d5a4ee93?w=400,Accessories,TrendyBits,$89.99
B01D8ILINI,Elegant Solid Necklace,https://images.unsplash.com/photo-1535632066927-ab7c9ab60908?w=400,Jewelry,LuxeJewel,$380.99
B01FQ114LG,Stylish Denim Sandals,https://images.unsplash.com/photo-1542291026-7eec264c27ff?w=400,Footwear,WalkEasy,$155.99
B0140QNK74,Classic Canvas Pants,https://images.unsplash.com/photo-1595777457583-95e059d581b8?w=400,Women's Clothing,ChicWear,$71.99
B001G7R0CM,Elegant Suede Necklace,https://images.unsplash.com/photo-1535632066927-ab7c9ab60908?w=400,Jewelry,LuxeJewel,$382.99
B000QWCB4A,Stylish Leather Running Shoes,https://images.unsplash.com/photo-1542291026-7eec264c27ff?w=400,Footwear,WalkEasy,$47.99
B014W6UBWE,Trendy Synthetic Jeans,https://images.unsplash.com/photo-1586790170083-2f9ceadc732d?w=400,Men's Clothing,UrbanGent,$33.99
B019VV664W,Modern Synthetic Hoodie,https://images.unsplash.com/photo-1586790170083-2f9ceadc732d?w=400,Men's Clothing,UrbanGent,$107.99
B016RCM20K,Luxury Synthetic Brooch,https://images.unsplash.com/photo-1535632066927-ab7c9ab60908?w=400,Jewelry,LuxeJewel,$380.99
B019OJFTBM,Designer Solid Hat,https://images.unsplash.com/photo-1492707892479-7bc8d5a4ee93?w=400,Accessories,TrendyBits,$118.99
B00GA3LSQQ,Vintage Printed Flats,https://images.unsplash.com/photo-1542291026-7eec264c27ff?w=400,Footwear,WalkEasy,$82.99
B00B4NIOPU,Comfortable Printed Jacket,https://images.unsplash.com/photo-1595777457583-95e059d581b8?w=400,Women's Clothing,ChicWear,$68.99
B0018N8CHQ,Comfortable Solid Pants,https://images.unsplash.com/photo-1595777457583-95e059d581b8?w=400,Women's Clothing,ChicWear,$41.99
B01FTDNS5G,Essential Silk Messenger Bag,https://images.unsplash.com/photo-1553062407-98eeb64c6a62?w=400,Bags & Luggage,BagMaster,$225.99
B007O3IK1C,Casual Suede Suitcase,https://images.unsplash.com/photo-1553062407-98eeb64c6a62?w=400,Bags & Luggage,BagMaster,$225.99
B00GA35LBY,Classic Cotton Cardigan,https://images.unsplash.com/photo-1595777457583-95e059d581b8?w=400,Women's Clothing,ChicWear,$39.99
B001I123W8,Casual Wool Suitcase,https://images.unsplash.com/photo-1553062407-98eeb64c6a62?w=400,Bags & Luggage,BagMaster,$117.99
B002FVPQWY,Vintage Cotton Flats,https://images.unsplash.com/photo-1542291026-7eec264c27ff?w=400,Footwear,WalkEasy,$124.99
B00N12N3YO,Designer Silk Tie,https://images.unsplash.com/photo-1492707892479-7bc8d5a4ee93?w=400,Accessories,TrendyBits,$24.99
B017TZUE90,Stylish Woven Sandals,https://images.unsplash.com/photo-1542291026-7eec264c27ff?w=400,Footwear,WalkEasy,$73.99
B00XN0SJ1Q,Vintage Knit Flats,https://images.unsplash.com/photo-1542291026-7eec264c27ff?w=400,Footwear,WalkEasy,$60.99
B00NR1Y30C,Stylish Wool Running Shoes,https://images.unsplash.com/photo-1542291026-7eec264c27ff?w=400,Footwear,WalkEasy,$141.99
B00986G538,Trendy Synthetic Jeans,https://images.unsplash.com/photo-1586790170083-2f9ceadc732d?w=400,Men's Clothing,UrbanGent,$33.99
B00FA80S68,Stylish Suede Running Shoes,https://images.unsplash.com/photo-1542291026-7eec264c27ff?w=400,Footwear,WalkEasy,$103.99
B00KCYSRN6,Classic Woven Jacket,https://images.unsplash.com/photo-1595777457583-95e059d581b8?w=400,Women's Clothing,ChicWear,$73.99
B015HZSDF6,Comfortable Knit Pants,https://images.unsplash.com/photo-1595777457583-95e059d581b8?w=400,Women's Clothing,ChicWear,$61.99
B01CJY0TE6,Stylish Wool Running Shoes,https://images.unsplash.com/photo-1542291026-7eec264c27ff?w=400,Footwear,WalkEasy,$125.99
B005E06OVK,Stylish Suede Sandals,https://images.unsplash.com/photo-1542291026-7eec264c27ff?w=400,Footwear,WalkEasy,$52.99
B01CBQLBIK,Comfortable Suede Dress,https://images.unsplash.com/photo-1595777457583-95e059d581b8?w=400,Women's Clothing,ChicWear,$25.99
B0049SNLCS,Trendy Woven Suit,https://images.unsplash.com/photo-1586790170083-2f9ceadc732d?w=400,Men's Clothing,UrbanGent,$69.99
B00I36LLLU,Comfortable Solid Jacket,https://images.unsplash.com/photo-1595777457583-95e059d581b8?w=400,Women's Clothing,ChicWear,$73.99
B01FHBU8IU,Comfortable Cotton Cardigan,https://images.unsplash.com/photo-1595777457583-95e059d581b8?w=400,Women's Clothing,ChicWear,$39.99
B014LJQ784,Trendy Leather Jeans,https://images.unsplash.com/photo-1586790170083-2f9ceadc732d?w=400,Men's Clothing,UrbanGent,$83.99
B003F1PX12,Premium Synthetic Tie,https://images.unsplash.com/photo-1492707892479-7bc8d5a4ee93?w=400,Accessories,TrendyBits,$144.99
B00LV561CE,Essential Leather Crossbody,https://images.unsplash.com/photo-1553062407-98eeb64c6a62?w=400,Bags & Luggage,BagMaster,$237.99
B016N70YFE,Essential Solid Crossbody,https://images.unsplash.com/photo-1553062407-98eeb64c6a62?w=400,Bags & Luggage,BagMaster,$183.99
B012H70RP6,Essential Canvas Messenger Bag,https://images.unsplash.com/photo-1553062407-98eeb64c6a62?w=400,Bags & Luggage,BagMaster,$141.99
B01FLQE00S,Trendy Woven Suit,https://images.unsplash.com/photo-1586790170083-2f9ceadc732d?w=400,Men's Clothing,UrbanGent,$39.99
B010DMVJEK,Stylish Knit Sandals,https://images.unsplash.com/photo-1542291026-7eec264c27ff?w=400,Footwear,WalkEasy,$76.99
B00O59EQB6,Vintage Synthetic Flats,https://images.unsplash.com/photo-1542291026-7eec264c27ff?w=400,Footwear,WalkEasy,$173.99
B01HFW4U60,Stylish Canvas Sandals,https://images.unsplash.com/photo-1542291026-7eec264c27ff?w=400,Footwear,WalkEasy,$178.99
B00ITWZ8IU,Modern Suede T-Shirt,https://images.unsplash.com/photo-1586790170083-2f9ceadc732d?w=400,Men's Clothing,UrbanGent,$141.99
B0130TSWMU,Essential Suede Crossbody,https://images.unsplash.com/photo-1553062407-98eeb64c6a62?w=400,Bags & Luggage,BagMaster,$207.99
B000E3AUIA,Casual Printed Suitcase,https://images.unsplash.com/photo-1553062407-98eeb64c6a62?w=400,Bags & Luggage,BagMaster,$177.99
B010SEWMCG,Luxury Cotton Brooch,https://images.unsplash.com/photo-1535632066927-ab7c9ab60908?w=400,Jewelry,LuxeJewel,$400.99
B01AVF704M,Comfortable Solid Dress,https://images.unsplash.com/photo-1595777457583-95e059d581b8?w=400,Women's Clothing,ChicWear,$65.99
B01AT4IBZW,Stylish Synthetic Sandals,https://images.unsplash.com/photo-1542291026-7eec264c27ff?w=400,Footwear,WalkEasy,$163.99
B00IB1SVHY,Trendy Cotton Hoodie,https://images.unsplash.com/photo-1586790170083-2f9ceadc732d?w=400,Men's Clothing,UrbanGent,$27.99
B004CA2TJE,Stylish Suede Sandals,https://images.unsplash.com/photo-1542291026-7eec264c27ff?w=400,Footwear,WalkEasy,$64.99
B015ODN5SQ,Classic Denim Dress,https://images.unsplash.com/photo-1595777457583-95e059d581b8?w=400,Women's Clothing,ChicWear,$95.99
B00L2HDTSA,Premium Silk Wallet,https://images.unsplash.com/photo-1492707892479-7bc8d5a4ee93?w=400,Accessories,TrendyBits,$26.99
B015NKHD7E,Essential Printed Crossbody,https://images.unsplash.com/photo-1553062407-98eeb64c6a62?w=400,Bags & Luggage,BagMaster,$69.99
B004HX6P1E,Elegant Cotton Pendant,https://images.unsplash.com/photo-1535632066927-ab7c9ab60908?w=400,Jewelry,LuxeJewel,$44.99
B0140FXPUM,Premium Solid Tie,https://images.unsplash.com/photo-1492707892479-7bc8d5a4ee93?w=400,Accessories,TrendyBits,$24.99
B00M6SF71G,Classic Leather Skirt,https://images.unsplash.com/photo-1595777457583-95e059d581b8?w=400,Women's Clothing,ChicWear,$112.99
B01186RK4I,Essential Woven Crossbody,https://images.unsplash.com/photo-1553062407-98eeb64c6a62?w=400,Bags & Luggage,BagMaster,$93.99
B00FLH91ZM,Premium Solid Gloves,https://images.unsplash.com/photo-1492707892479-7bc8d5a4ee93?w=400,Accessories,TrendyBits,$45.99
B00F203H9E,Comfortable Suede Dress,https://images.unsplash.com/photo-1595777457583-95e059d581b8?w=400,Women's Clothing,ChicWear,$30.99
B0015IL4W4,Luxury Leather Brooch,https://images.unsplash.com/photo-1535632066927-ab7c9ab60908?w=400,Jewelry,LuxeJewel,$60.99
B00KDQAAZG,Modern Synthetic Suit,https://images.unsplash.com/photo-1586790170083-2f9ceadc732d?w=400,Men's Clothing,UrbanGent,$129.99
B00WGL2IRY,Vintage Denim Sneakers,https://images.unsplash.com/photo-1542291026-7eec264c27ff?w=400,Footwear,WalkEasy,$90.99
B01FNBWOG8,Trendy Woven T-Shirt,https://images.unsplash.com/photo-1586790170083-2f9ceadc732d?w=400,Men's Clothing,UrbanGent,$81.99
B00FXW7ZZS,Elegant Leather Necklace,https://images.unsplash.com/photo-1535632066927-ab7c9ab60908?w=400,Jewelry,LuxeJewel,$386.99
B0014HA6VG,Trendy Leather Jacket,https://images.unsplash.com/photo-1586790170083-2f9ceadc732d?w=400,Men's Clothing,UrbanGent,$75.99
B01CPP7550,Designer Leather Gloves,https://images.unsplash.com/photo-1492707892479-7bc8d5a4ee93?w=400,Accessories,TrendyBits,$30.99
B00DZX6M7Y,Classic Canvas Skirt,https://images.unsplash.com/photo-1595777457583-95e059d581b8?w=400,Women's Clothing,ChicWear,$27.99
B00MOT7YG8,Classic Silk Cardigan,https://images.unsplash.com/photo-1595777457583-95e059d581b8?w=400,Women's Clothing,ChicWear,$119.99
B01H58YU0U,Elegant Suede Pendant,https://images.unsplash.com/photo-1535632066927-ab7c9ab60908?w=400,Jewelry,LuxeJewel,$484.99
B01BZI5AMI,Elegant Cotton Necklace,https://images.unsplash.com/photo-1535632066927-ab7c9ab60908?w=400,Jewelry,LuxeJewel,$116.99
B00P9RG7I8,Casual Knit Handbag,https://images.unsplash.com/photo-1553062407-98eeb64c6a62?w=400,Bags & Luggage,BagMaster,$153.99
B015L2QT56,Elegant Synthetic Necklace,https://images.unsplash.com/photo-1535632066927-ab7c9ab60908?w=400,Jewelry,LuxeJewel,$292.99
B00NENZ6EA,Trendy Leather Jeans,https://images.unsplash.com/photo-1586790170083-2f9ceadc732d?w=400,Men's Clothing,UrbanGent,$113.99
B0113ZHTK4,Elegant Solid Necklace,https://images.unsplash.com/photo-1535632066927-ab7c9ab60908?w=400,Jewelry,LuxeJewel,$220.99
B00LWZH8C0,Comfortable Denim Cardigan,https://images.unsplash.com/photo-1595777457583-95e059d581b8?w=400,Women's Clothing,ChicWear,$39.99
B00JG1KBBC,Elegant Synthetic Necklace,https://images.unsplash.com/photo-1535632066927-ab7c9ab60908?w=400,Jewelry,LuxeJewel,$182.99
B00HFKN2IU,Luxury Printed Brooch,https://images.unsplash.com/photo-1535632066927-ab7c9ab60908?w=400,Jewelry,LuxeJewel,$374.99
B0155NBN3E,Casual Knit Suitcase,https://images.unsplash.com/photo-1553062407-98eeb64c6a62?w=400,Bags & Luggage,BagMaster,$123.99
B004M4VQAS,Luxury Knit Earrings,https://images.unsplash.com/photo-1535632066927-ab7c9ab60908?w=400,Jewelry,LuxeJewel,$110.99
B002PIHWMO,Premium Wool Wallet,https://images.unsplash.com/photo-1492707892479-7bc8d5a4ee93?w=400,Accessories,TrendyBits,$121.99
B0081W0WRA,Elegant Wool Necklace,https://images.unsplash.com/photo-1535632066927-ab7c9ab60908?w=400,Jewelry,LuxeJewel,$220.99
B01C05O29C,Luxury Leather Earrings,https://images.unsplash.com/photo-1535632066927-ab7c9ab60908?w=400,Jewelry,LuxeJewel,$126.99
B00EJ5Y7CE,Comfortable Silk Pants,https://images.unsplash.com/photo-1595777457583-95e059d581b8?w=400,Women's Clothing,ChicWear,$116.99
B00KWA8TDI,Casual Suede Handbag,https://images.unsplash.com/photo-1553062407-98eeb64c6a62?w=400,Bags & Luggage,BagMaster,$105.99
B0152Z36EY,Designer Cotton Hat,https://images.unsplash.com/photo-1492707892479-7bc8d5a4ee93?w=400,Accessories,TrendyBits,$103.99
B00GMR9YUW,Comfortable Silk Skirt,https://images.unsplash.com/photo-1595777457583-95e059d581b8?w=400,Women's Clothing,ChicWear,$37.99
B0112Q15IQ,Trendy Solid Jacket,https://images.unsplash.com/photo-1586790170083-2f9ceadc732d?w=400,Men's Clothing,UrbanGent,$75.99
B00YF0W23O,Elegant Wool Pendant,https://images.unsplash.com/photo-1535632066927-ab7c9ab60908?w=400,Jewelry,LuxeJewel,$196.99
B00JB0Y9MK,Stylish Knit Sandals,https://images.unsplash.com/photo-1542291026-7eec264c27ff?w=400,Footwear,WalkEasy,$70.99
B016LP1QI2,Elegant Leather Necklace,https://images.unsplash.com/photo-1535632066927-ab7c9ab60908?w=400,Jewelry,LuxeJewel,$46.99
B01D8M5H3G,Modern Woven Hoodie,https://images.unsplash.com/photo-1586790170083-2f9ceadc732d?w=400,Men's Clothing,UrbanGent,$127.99
B00CCWXVZA,Modern Suede T-Shirt,https://images.unsplash.com/photo-1586790170083-2f9ceadc732d?w=400,Men's Clothing,UrbanGent,$131.99
B00JQZ4LKK,Trendy Knit Jeans,https://images.unsplash.com/photo-1586790170083-2f9ceadc732d?w=400,Men's Clothing,UrbanGent,$43.99
B00HSBOMS0,Designer Synthetic Wallet,https://images.unsplash.com/photo-1492707892479-7bc8d5a4ee93?w=400,Accessories,TrendyBits,$166.99
B00NUM6U0O,Comfortable Denim Skirt,https://images.unsplash.com/photo-1595777457583-95e059d581b8?w=400,Women's Clothing,ChicWear,$47.99
B013MUV3X2,Casual Leather Suitcase,https://images.unsplash.com/photo-1553062407-98eeb64c6a62?w=400,Bags & Luggage,BagMaster,$177.99
B005PP6LF8,Stylish Leather Running Shoes,https://images.unsplash.com/photo-1542291026-7eec264c27ff?w=400,Footwear,WalkEasy,$68.99
B01G502QQE,Elegant Canvas Pendant,https://images.unsplash.com/photo-1535632066927-ab7c9ab60908?w=400,Jewelry,LuxeJewel,$408.99
B014E36IQI,Classic Canvas Pants,https://images.unsplash.com/photo-1595777457583-95e059d581b8?w=400,Women's Clothing,ChicWear,$106.99
B01B2DFWOM,Luxury Wool Brooch,https://images.unsplash.com/photo-1535632066927-ab7c9ab60908?w=400,Jewelry,LuxeJewel,$130.99
B00RL1KVV4,Classic Denim Pants,https://images.unsplash.com/photo-1595777457583-95e059d581b8?w=400,Women's Clothing,ChicWear,$96.99
B00FPILJQG,Designer Silk Tie,https://images.unsplash.com/photo-1492707892479-7bc8d5a4ee93?w=400,Accessories,TrendyBits,$194.99
B00MFBHWE4,Comfortable Synthetic Cardigan,https://images.unsplash.com/photo-1595777457583-95e059d581b8?w=400,Women's Clothing,ChicWear,$39.99
B013CZXV50,Modern Woven Jacket,https://images.unsplash.com/photo-1586790170083-2f9ceadc732d?w=400,Men's Clothing,UrbanGent,$105.99
B00SOACE8E,Premium Canvas Tie,https://images.unsplash.com/photo-1492707892479-7bc8d5a4ee93?w=400,Accessories,TrendyBits,$129.99
B01DF2SO6Q,Essential Canvas Crossbody,https://images.unsplash.com/photo-1553062407-98eeb64c6a62?w=400,Bags & Luggage,BagMaster,$105.99
B0030MC9EA,Designer Silk Hat,https://images.unsplash.com/photo-1492707892479-7bc8d5a4ee93?w=400,Accessories,TrendyBits,$148.99
B017NMJUC6,Classic Cotton Skirt,https://images.unsplash.com/photo-1595777457583-95e059d581b8?w=400,Women's Clothing,ChicWear,$77.99
B011KAMVJQ,Stylish Leather Running Shoes,https://images.unsplash.com/photo-1542291026-7eec264c27ff?w=400,Footwear,WalkEasy,$160.99
B01AB8IPKW,Stylish Printed Sandals,https://images.unsplash.com/photo-1542291026-7eec264c27ff?w=400,Footwear,WalkEasy,$128.99
B014CKJQQ2,Designer Solid Watch,https://images.unsplash.com/photo-1492707892479-7bc8d5a4ee93?w=400,Accessories,TrendyBits,$72.99
B01C85528O,Vintage Wool Flats,https://images.unsplash.com/photo-1542291026-7eec264c27ff?w=400,Footwear,WalkEasy,$127.99
B01B2FZJCK,Stylish Leather Sandals,https://images.unsplash.com/photo-1542291026-7eec264c27ff?w=400,Footwear,WalkEasy,$69.99
B00EHJ288W,Trendy Canvas Jacket,https://images.unsplash.com/photo-1586790170083-2f9ceadc732d?w=400,Men's Clothing,UrbanGent,$135.99
B018HH0BHE,Casual Solid Handbag,https://images.unsplash.com/photo-1553062407-98eeb64c6a62?w=400,Bags & Luggage,BagMaster,$201.99
B016FZVVZQ,Elegant Leather Pendant,https://images.unsplash.com/photo-1535632066927-ab7c9ab60908?w=400,Jewelry,LuxeJewel,$306.99
B015RPTN14,Modern Suede Suit,https://images.unsplash.com/photo-1586790170083-2f9ceadc732d?w=400,Men's Clothing,UrbanGent,$39.99
B01AYPQ248,Classic Knit Pants,https://images.unsplash.com/photo-1595777457583-95e059d581b8?w=400,Women's Clothing,ChicWear,$41.99
B0080RI3R2,Premium Cotton Gloves,https://images.unsplash.com/photo-1492707892479-7bc8d5a4ee93?w=400,Accessories,TrendyBits,$120.99
B015MFDM2K,Classic Printed Skirt,https://images.unsplash.com/photo-1595777457583-95e059d581b8?w=400,Women's Clothing,ChicWear,$77.99
B01B1W7KQ2,Stylish Cotton Sandals,https://images.unsplash.com/photo-1542291026-7eec264c27ff?w=400,Footwear,WalkEasy,$118.99
B014GP1RPG,Stylish Suede Running Shoes,https://images.unsplash.com/photo-1542291026-7eec264c27ff?w=400,Footwear,WalkEasy,$178.99
B01FLS3ER6,Comfortable Woven Jacket,https://images.unsplash.com/photo-1595777457583-95e059d581b8?w=400,Women's Clothing,ChicWear,$43.99
B00BK7XHIO,Modern Cotton T-Shirt,https://images.unsplash.com/photo-1586790170083-2f9ceadc732d?w=400,Men's Clothing,UrbanGent,$91.99
B0006V9HI4,Vintage Woven Sneakers,https://images.unsplash.com/photo-1542291026-7eec264c27ff?w=400,Footwear,WalkEasy,$63.99
B00D5EM1TQ,Elegant Cotton Necklace,https://images.unsplash.com/photo-1535632066927-ab7c9ab60908?w=400,Jewelry,LuxeJewel,$204.99
B00KC8CLB6,Trendy Canvas Hoodie,https://images.unsplash.com/photo-1586790170083-2f9ceadc732d?w=400,Men's Clothing,UrbanGent,$57.99
B00KQFXJ9I,Elegant Printed Pendant,https://images.unsplash.com/photo-1535632066927-ab7c9ab60908?w=400,Jewelry,LuxeJewel,$56.99
B00L9XCGGI,Classic Woven Dress,https://images.unsplash.com/photo-1595777457583-95e059d581b8?w=400,Women's Clothing,ChicWear,$90.99
B009B128TU,Modern Solid Jacket,https://images.unsplash.com/photo-1586790170083-2f9ceadc732d?w=400,Men's Clothing,UrbanGent,$85.99
B00MOY7VWU,Luxury Wool Earrings,https://images.unsplash.com/photo-1535632066927-ab7c9ab60908?w=400,Jewelry,LuxeJewel,$192.99
B00XPXYE38,Comfortable Knit Jacket,https://images.unsplash.com/photo-1595777457583-95e059d581b8?w=400,Women's Clothing,ChicWear,$58.99
B004XO3Q8M,Essential Suede Messenger Bag,https://images.unsplash.com/photo-1553062407-98eeb64c6a62?w=400,Bags & Luggage,BagMaster,$141.99
B00ECFZQJO,Essential Denim Messenger Bag,https://images.unsplash.com/photo-1553062407-98eeb64c6a62?w=400,Bags & Luggage,BagMaster,$237.99
B00HSHGSD6,Casual Suede Handbag,https://images.unsplash.com/photo-1553062407-98eeb64c6a62?w=400,Bags & Luggage,BagMaster,$243.99
B018G16KBM,Premium Wool Wallet,https://images.unsplash.com/photo-1492707892479-7bc8d5a4ee93?w=400,Accessories,TrendyBits,$156.99
B003YD3LPQ,Casual Leather Handbag,https://images.unsplash.com/photo-1553062407-98eeb64c6a62?w=400,Bags & Luggage,BagMaster,$51.99
B01D67EL6C,Stylish Wool Running Shoes,https://images.unsplash.com/photo-1542291026-7eec264c27ff?w=400,Footwear,WalkEasy,$131.99
B01EAFWYHW,Modern Canvas Jacket,https://images.unsplash.com/photo-1586790170083-2f9ceadc732d?w=400,Men's Clothing,UrbanGent,$95.99
B013TGLOB0,Premium Denim Watch,https://images.unsplash.com/photo-1492707892479-7bc8d5a4ee93?w=400,Accessories,TrendyBits,$122.99
B019DSHIWC,Comfortable Leather Skirt,https://images.unsplash.com/photo-1595777457583-95e059d581b8?w=400,Women's Clothing,ChicWear,$92.99
B012BO3Y6E,Luxury Denim Earrings,https://images.unsplash.com/photo-1535632066927-ab7c9ab60908?w=400,Jewelry,LuxeJewel,$460.99
B01DKL0MJE,Vintage Leather Sneakers,https://images.unsplash.com/photo-1542291026-7eec264c27ff?w=400,Footwear,WalkEasy,$173.99
B01E0FDV7O,Premium Printed Gloves,https://images.unsplash.com/photo-1492707892479-7bc8d5a4ee93?w=400,Accessories,TrendyBits,$195.99
B00PI0XD74,Trendy Wool Jacket,https://images.unsplash.com/photo-1586790170083-2f9ceadc732d?w=400,Men's Clothing,UrbanGent,$125.99
B00APKNCW8,Essential Printed Messenger Bag,https://images.unsplash.com/photo-1553062407-98eeb64c6a62?w=400,Bags & Luggage,BagMaster,$69.99
B00STVFVGA,Stylish Synthetic Running Shoes,https://images.unsplash.com/photo-1542291026-7eec264c27ff?w=400,Footwear,WalkEasy,$148.99
B00IT8O7AY,Casual Denim Suitcase,https://images.unsplash.com/photo-1553062407-98eeb64c6a62?w=400,Bags & Luggage,BagMaster,$165.99
B00HARYIRC,Essential Leather Crossbody,https://images.unsplash.com/photo-1553062407-98eeb64c6a62?w=400,Bags & Luggage,BagMaster,$207.99
B015ZNA9TI,Elegant Canvas Pendant,https://images.unsplash.com/photo-1535632066927-ab7c9ab60908?w=400,Jewelry,LuxeJewel,$288.99
B015SXWWPO,Casual Leather Suitcase,https://images.unsplash.com/photo-1553062407-98eeb64c6a62?w=400,Bags & Luggage,BagMaster,$135.99
B01DVEI03A,Elegant Solid Pendant,https://images.unsplash.com/photo-1535632066927-ab7c9ab60908?w=400,Jewelry,LuxeJewel,$376.99
B018Y0MRNA,Casual Canvas Suitcase,https://images.unsplash.com/photo-1553062407-98eeb64c6a62?w=400,Bags & Luggage,BagMaster,$129.99
B00K1J4AS8,Premium Solid Gloves,https://images.unsplash.com/photo-1492707892479-7bc8d5a4ee93?w=400,Accessories,TrendyBits,$185.99
B00P90J6YM,Stylish Solid Running Shoes,https://images.unsplash.com/photo-1542291026-7eec264c27ff?w=400,Footwear,WalkEasy,$50.99
B00GXFKU0Q,Designer Woven Wallet,https://images.unsplash.com/photo-1492707892479-7bc8d5a4ee93?w=400,Accessories,TrendyBits,$41.99
B0140L1BRK,Vintage Canvas Flats,https://images.unsplash.com/photo-1542291026-7eec264c27ff?w=400,Footwear,WalkEasy,$88.99
B015790Y7W,Classic Knit Skirt,https://images.unsplash.com/photo-1595777457583-95e059d581b8?w=400,Women's Clothing,ChicWear,$97.99
B0142ISYYO,Trendy Suede Jeans,https://images.unsplash.com/photo-1586790170083-2f9ceadc732d?w=400,Men's Clothing,UrbanGent,$103.99
B019S1UDPS,Essential Silk Messenger Bag,https://images.unsplash.com/photo-1553062407-98eeb64c6a62?w=400,Bags & Luggage,BagMaster,$225.99
B006E9MZZY,Stylish Denim Running Shoes,https://images.unsplash.com/photo-1542291026-7eec264c27ff?w=400,Footwear,WalkEasy,$48.99
B003VH03G0,Casual Silk Handbag,https://images.unsplash.com/photo-1553062407-98eeb64c6a62?w=400,Bags & Luggage,BagMaster,$207.99
B00WCC3OLG,Premium Cotton Watch,https://images.unsplash.com/photo-1492707892479-7bc8d5a4ee93?w=400,Accessories,TrendyBits,$152.99
B0189OELWG,Premium Solid Hat,https://images.unsplash.com/photo-1492707892479-7bc8d5a4ee93?w=400,Accessories,TrendyBits,$158.99
B01F6HD3H8,Comfortable Printed Jacket,https://images.unsplash.com/photo-1595777457583-95e059d581b8?w=400,Women's Clothing,ChicWear,$73.99
B003XD7KLS,Casual Synthetic Handbag,https://images.unsplash.com/photo-1553062407-98eeb64c6a62?w=400,Bags & Luggage,BagMaster,$45.99
B01C5XST34,Essential Synthetic Crossbody,https://images.unsplash.com/photo-1553062407-98eeb64c6a62?w=400,Bags & Luggage,BagMaster,$45.99
B00FJ92AC8,Designer Printed Gloves,https://images.unsplash.com/photo-1492707892479-7bc8d5a4ee93?w=400,Accessories,TrendyBits,$95.99
B015QTWN4A,Trendy Leather Jeans,https://images.unsplash.com/photo-1586790170083-2f9ceadc732d?w=400,Men's Clothing,UrbanGent,$123.99
B017LKXFKI,Elegant Woven Necklace,https://images.unsplash.com/photo-1535632066927-ab7c9ab60908?w=400,Jewelry,LuxeJewel,$34.99
B01F4D18KS,Elegant Knit Necklace,https://images.unsplash.com/photo-1535632066927-ab7c9ab60908?w=400,Jewelry,LuxeJewel,$190.99
B016D4ZNK8,Elegant Synthetic Necklace,https://images.unsplash.com/photo-1535632066927-ab7c9ab60908?w=400,Jewelry,LuxeJewel,$150.99
B0099SSCKY,Vintage Silk Sneakers,https://images.unsplash.com/photo-1542291026-7eec264c27ff?w=400,Footwear,WalkEasy,$79.99
B01F2KDUAE,Classic Suede Jacket,https://images.unsplash.com/photo-1595777457583-95e059d581b8?w=400,Women's Clothing,ChicWear,$118.99
B0155BWQ3M,Luxury Solid Earrings,https://images.unsplash.com/photo-1535632066927-ab7c9ab60908?w=400,Jewelry,LuxeJewel,$128.99
B01EXXM246,Vintage Knit Sneakers,https://images.unsplash.com/photo-1542291026-7eec264c27ff?w=400,Footwear,WalkEasy,$58.99
B017Y9OBJA,Modern Knit Suit,https://images.unsplash.com/photo-1586790170083-2f9ceadc732d?w=400,Men's Clothing,UrbanGent,$149.99
B00L5R2HU8,Trendy Leather Jeans,https://images.unsplash.com/photo-1586790170083-2f9ceadc732d?w=400,Men's Clothing,UrbanGent,$103.99
B01A6FRF3S,Casual Canvas Suitcase,https://images.unsplash.com/photo-1553062407-98eeb64c6a62?w=400,Bags & Luggage,BagMaster,$93.99
B00O2DRGJY,Essential Suede Messenger Bag,https://images.unsplash.com/photo-1553062407-98eeb64c6a62?w=400,Bags & Luggage,BagMaster,$153.99
B00M5KE7FW,Modern Cotton Jacket,https://images.unsplash.com/photo-1586790170083-2f9ceadc732d?w=400,Men's Clothing,UrbanGent,$65.99
B00DRGCGWE,Vintage Canvas Flats,https://images.unsplash.com/photo-1542291026-7eec264c27ff?w=400,Footwear,WalkEasy,$124.99
B00IPBOVRY,Comfortable Knit Cardigan,https://images.unsplash.com/photo-1595777457583-95e059d581b8?w=400,Women's Clothing,ChicWear,$109.99
B00OCA5BZ8,Luxury Denim Earrings,https://images.unsplash.com/photo-1535632066927-ab7c9ab60908?w=400,Jewelry,LuxeJewel,$232.99
B00PITUMKG,Essential Denim Crossbody,https://images.unsplash.com/photo-1553062407-98eeb64c6a62?w=400,Bags & Luggage,BagMaster,$189.99
B006L9PLD0,Trendy Cotton T-Shirt,https://images.unsplash.com/photo-1586790170083-2f9ceadc732d?w=400,Men's Clothing,UrbanGent,$141.99
B015MKZJQW,Casual Cotton Suitcase,https://images.unsplash.com/photo-1553062407-98eeb64c6a62?w=400,Bags & Luggage,BagMaster,$123.99
B014YD2JUW,Trendy Solid Jacket,https://images.unsplash.com/photo-1586790170083-2f9ceadc732d?w=400,Men's Clothing,UrbanGent,$145.99
B00EIQPRR8,Essential Woven Crossbody,https://images.unsplash.com/photo-1553062407-98eeb64c6a62?w=400,Bags & Luggage,BagMaster,$105.99
B015V2PBGY,Essential Suede Messenger Bag,https://images.unsplash.com/photo-1553062407-98eeb64c6a62?w=400,Bags & Luggage,BagMaster,$159.99
B00I3RAFQ6,Modern Woven Jacket,https://images.unsplash.com/photo-1586790170083-2f9ceadc732d?w=400,Men's Clothing,UrbanGent,$125.99
B0121L0OTM,Vintage Silk Flats,https://images.unsplash.com/photo-1542291026-7eec264c27ff?w=400,Footwear,WalkEasy,$95.99
B01G3CDNAM,Modern Cotton T-Shirt,https://images.unsplash.com/photo-1586790170083-2f9ceadc732d?w=400,Men's Clothing,UrbanGent,$111.99
B00CZ509YU,Designer Silk Hat,https://images.unsplash.com/photo-1492707892479-7bc8d5a4ee93?w=400,Accessories,TrendyBits,$183.99
B014E9PUUC,Classic Leather Skirt,https://images.unsplash.com/photo-1595777457583-95e059d581b8?w=400,Women's Clothing,ChicWear,$87.99
B015TSZUM0,Classic Knit Pants,https://images.unsplash.com/photo-1595777457583-95e059d581b8?w=400,Women's Clothing,ChicWear,$96.99
B01BCQR3LE,Designer Solid Watch,https://images.unsplash.com/photo-1492707892479-7bc8d5a4ee93?w=400,Accessories,TrendyBits,$137.99
B01D8ULE62,Casual Solid Handbag,https://images.unsplash.com/photo-1553062407-98eeb64c6a62?w=400,Bags & Luggage,BagMaster,$51.99
B01A4YFKHE,Premium Synthetic Wallet,https://images.unsplash.com/photo-1492707892479-7bc8d5a4ee93?w=400,Accessories,TrendyBits,$26.99
B00K55ZWLW,Vintage Denim Flats,https://images.unsplash.com/photo-1542291026-7eec264c27ff?w=400,Footwear,WalkEasy,$39.99
B00KD1GXJS,Classic Suede Pants,https://images.unsplash.com/photo-1595777457583-95e059d581b8?w=400,Women's Clothing,ChicWear,$46.99
B000GHMRLW,Casual Woven Suitcase,https://images.unsplash.com/photo-1553062407-98eeb64c6a62?w=400,Bags & Luggage,BagMaster,$171.99
B000V5DJEI,Designer Canvas Hat,https://images.unsplash.com/photo-1492707892479-7bc8d5a4ee93?w=400,Accessories,TrendyBits,$188.99
B01AKZ65N0,Casual Denim Suitcase,https://images.unsplash.com/photo-1553062407-98eeb64c6a62?w=400,Bags & Luggage,BagMaster,$129.99
B0196BSE60,Trendy Canvas T-Shirt,https://images.unsplash.com/photo-1586790170083-2f9ceadc732d?w=400,Men's Clothing,UrbanGent,$111.99
B01EWW84SG,Elegant Synthetic Pendant,https://images.unsplash.com/photo-1535632066927-ab7c9ab60908?w=400,Jewelry,LuxeJewel,$132.99
B002EBHE3E,Classic Wool Dress,https://images.unsplash.com/photo-1595777457583-95e059d581b8?w=400,Women's Clothing,ChicWear,$35.99
B00O2QB59I,Stylish Knit Running Shoes,https://images.unsplash.com/photo-1542291026-7eec264c27ff?w=400,Footwear,WalkEasy,$141.99
B00JXH7L9Y,Modern Canvas Jeans,https://images.unsplash.com/photo-1586790170083-2f9ceadc732d?w=400,Men's Clothing,UrbanGent,$33.99
B005N7YWX6,Designer Silk Watch,https://images.unsplash.com/photo-1492707892479-7bc8d5a4ee93?w=400,Accessories,TrendyBits,$47.99
B00DV046HE,Comfortable Solid Cardigan,https://images.unsplash.com/photo-1595777457583-95e059d581b8?w=400,Women's Clothing,ChicWear,$59.99
B018YR54GA,Comfortable Suede Skirt,https://images.unsplash.com/photo-1595777457583-95e059d581b8?w=400,Women's Clothing,ChicWear,$102.99
B00ZQ8WRBG,Classic Knit Skirt,https://images.unsplash.com/photo-1595777457583-95e059d581b8?w=400,Women's Clothing,ChicWear,$62.99
B00J4HX886,Vintage Cotton Sneakers,https://images.unsplash.com/photo-1542291026-7eec264c27ff?w=400,Footwear,WalkEasy,$96.99
B00LKWYX2I,Stylish Woven Running Shoes,https://images.unsplash.com/photo-1542291026-7eec264c27ff?w=400,Footwear,WalkEasy,$134.99
B00FXKK44E,Premium Printed Tie,https://images.unsplash.com/photo-1492707892479-7bc8d5a4ee93?w=400,Accessories,TrendyBits,$24.99
B002IYKIOY,Designer Leather Watch,https://images.unsplash.com/photo-1492707892479-7bc8d5a4ee93?w=400,Accessories,TrendyBits,$157.99
B009Z6MGXE,Vintage Denim Sneakers,https://images.unsplash.com/photo-1542291026-7eec264c27ff?w=400,Footwear,WalkEasy,$88.99
B00Y6ZSDFO,Elegant Leather Necklace,https://images.unsplash.com/photo-1535632066927-ab7c9ab60908?w=400,Jewelry,LuxeJewel,$72.99
B00GQVC7OY,Essential Canvas Crossbody,https://images.unsplash.com/photo-1553062407-98eeb64c6a62?w=400,Bags & Luggage,BagMaster,$99.99
B000Z3Z0ZM,Luxury Woven Brooch,https://images.unsplash.com/photo-1535632066927-ab7c9ab60908?w=400,Jewelry,LuxeJewel,$184.99
B01FGC4AYS,Essential Leather Crossbody,https://images.unsplash.com/photo-1553062407-98eeb64c6a62?w=400,Bags & Luggage,BagMaster,$165.99
B0105VP6EI,Essential Synthetic Messenger Bag,https://images.unsplash.com/photo-1553062407-98eeb64c6a62?w=400,Bags & Luggage,BagMaster,$57.99
B00LU0QDA0,Casual Synthetic Suitcase,https://images.unsplash.com/photo-1553062407-98eeb64c6a62?w=400,Bags & Luggage,BagMaster,$141.99
B00F0FWH4W,Comfortable Knit Pants,https://images.unsplash.com/photo-1595777457583-95e059d581b8?w=400,Women's Clothing,ChicWear,$96.99
B00CKLLBFU,Casual Synthetic Handbag,https://images.unsplash.com/photo-1553062407-98eeb64c6a62?w=400,Bags & Luggage,BagMaster,$141.99
B00NBAK858,Casual Leather Suitcase,https://images.unsplash.com/photo-1553062407-98eeb64c6a62?w=400,Bags & Luggage,BagMaster,$99.99
B00MVL4SGI,Luxury Suede Earrings,https://images.unsplash.com/photo-1535632066927-ab7c9ab60908?w=400,Jewelry,LuxeJewel,$226.99
B00OXS7QNY,Casual Denim Suitcase,https://images.unsplash.com/photo-1553062407-98eeb64c6a62?w=400,Bags & Luggage,BagMaster,$93.99
B007K9YMZS,Luxury Synthetic Brooch,https://images.unsplash.com/photo-1535632066927-ab7c9ab60908?w=400,Jewelry,LuxeJewel,$476.99
B001DA45OI,Luxury Knit Brooch,https://images.unsplash.com/photo-1535632066927-ab7c9ab60908?w=400,Jewelry,LuxeJewel,$238.99
B00JZSQ16A,Designer Wool Watch,https://images.unsplash.com/photo-1492707892479-7bc8d5a4ee93?w=400,Accessories,TrendyBits,$82.99
B00IZQOFCU,Classic Printed Cardigan,https://images.unsplash.com/photo-1595777457583-95e059d581b8?w=400,Women's Clothing,ChicWear,$84.99
B00NRYXVNO,Comfortable Silk Dress,https://images.unsplash.com/photo-1595777457583-95e059d581b8?w=400,Women's Clothing,ChicWear,$60.99
B00GNUKPN8,Stylish Silk Running Shoes,https://images.unsplash.com/photo-1542291026-7eec264c27ff?w=400,Footwear,WalkEasy,$179.99
B016G89OLU,Essential Leather Crossbody,https://images.unsplash.com/photo-1553062407-98eeb64c6a62?w=400,Bags & Luggage,BagMaster,$165.99
B0061MUTZM,Luxury Knit Brooch,https://images.unsplash.com/photo-1535632066927-ab7c9ab60908?w=400,Jewelry,LuxeJewel,$344.99
B00KAWJ0PE,Trendy Cotton Jeans,https://images.unsplash.com/photo-1586790170083-2f9ceadc732d?w=400,Men's Clothing,UrbanGent,$33.99
B005BT7IQ4,Vintage Knit Sneakers,https://images.unsplash.com/photo-1542291026-7eec264c27ff?w=400,Footwear,WalkEasy,$121.99
B00UXPIXOC,Stylish Canvas Sandals,https://images.unsplash.com/photo-1542291026-7eec264c27ff?w=400,Footwear,WalkEasy,$110.99
B00CKEAWK2,Comfortable Denim Dress,https://images.unsplash.com/photo-1595777457583-95e059d581b8?w=400,Women's Clothing,ChicWear,$90.99
B00GBDYAZQ,Vintage Synthetic Flats,https://images.unsplash.com/photo-1542291026-7eec264c27ff?w=400,Footwear,WalkEasy,$110.99
B01EWA1278,Trendy Canvas Suit,https://images.unsplash.com/photo-1586790170083-2f9ceadc732d?w=400,Men's Clothing,UrbanGent,$49.99
B0147QDK54,Luxury Leather Brooch,https://images.unsplash.com/photo-1535632066927-ab7c9ab60908?w=400,Jewelry,LuxeJewel,$136.99
B00LMU9BAM,Classic Canvas Pants,https://images.unsplash.com/photo-1595777457583-95e059d581b8?w=400,Women's Clothing,ChicWear,$71.99
B01C7ILF10,Stylish Cotton Sandals,https://images.unsplash.com/photo-1542291026-7eec264c27ff?w=400,Footwear,WalkEasy,$90.99
B01FXFK056,Luxury Synthetic Earrings,https://images.unsplash.com/photo-1535632066927-ab7c9ab60908?w=400,Jewelry,LuxeJewel,$234.99
B0136KPT5G,Vintage Woven Sneakers,https://images.unsplash.com/photo-1542291026-7eec264c27ff?w=400,Footwear,WalkEasy,$45.99
B019DGUYXO,Elegant Canvas Necklace,https://images.unsplash.com/photo-1535632066927-ab7c9ab60908?w=400,Jewelry,LuxeJewel,$184.99
B014KG5TDM,Elegant Solid Necklace,https://images.unsplash.com/photo-1535632066927-ab7c9ab60908?w=400,Jewelry,LuxeJewel,$360.99
B01C7ME6VC,Luxury Printed Earrings,https://images.unsplash.com/photo-1535632066927-ab7c9ab60908?w=400,Jewelry,LuxeJewel,$142.99
B00F6O2CJ2,Elegant Cotton Necklace,https://images.unsplash.com/photo-1535632066927-ab7c9ab60908?w=400,Jewelry,LuxeJewel,$86.99
B00KI2IV2E,Trendy Leather Suit,https://images.unsplash.com/photo-1586790170083-2f9ceadc732d?w=400,Men's Clothing,UrbanGent,$119.99
B004LS861W,Casual Woven Handbag,https://images.unsplash.com/photo-1553062407-98eeb64c6a62?w=400,Bags & Luggage,BagMaster,$147.99
B005XNCH3W,Luxury Denim Earrings,https://images.unsplash.com/photo-1535632066927-ab7c9ab60908?w=400,Jewelry,LuxeJewel,$112.99
B001F8LJ92,Trendy Denim Suit,https://images.unsplash.com/photo-1586790170083-2f9ceadc732d?w=400,Men's Clothing,UrbanGent,$149.99
B01EN7HVMK,Classic Woven Jacket,https://images.unsplash.com/photo-1595777457583-95e059d581b8?w=400,Women's Clothing,ChicWear,$53.99
B01A7D4QH2,Trendy Knit Jacket,https://images.unsplash.com/photo-1586790170083-2f9ceadc732d?w=400,Men's Clothing,UrbanGent,$25.99
B01216S49E,Essential Synthetic Messenger Bag,https://images.unsplash.com/photo-1553062407-98eeb64c6a62?w=400,Bags & Luggage,BagMaster,$153.99
B0121M1AJE,Vintage Knit Sneakers,https://images.unsplash.com/photo-1542291026-7eec264c27ff?w=400,Footwear,WalkEasy,$56.99
B000E9LSSK,Essential Canvas Crossbody,https://images.unsplash.com/photo-1553062407-98eeb64c6a62?w=400,Bags & Luggage,BagMaster,$93.99
B019PCJMDY,Luxury Woven Brooch,https://images.unsplash.com/photo-1535632066927-ab7c9ab60908?w=400,Jewelry,LuxeJewel,$132.99
B00KU2I74Y,Designer Woven Wallet,https://images.unsplash.com/photo-1492707892479-7bc8d5a4ee93?w=400,Accessories,TrendyBits,$186.99
B01F9L4LAO,Trendy Knit Hoodie,https://images.unsplash.com/photo-1586790170083-2f9ceadc732d?w=400,Men's Clothing,UrbanGent,$127.99
B00VH1Q6RC,Vintage Canvas Flats,https://images.unsplash.com/photo-1542291026-7eec264c27ff?w=400,Footwear,WalkEasy,$169.99
B01D6KNKGQ,Premium Solid Gloves,https://images.unsplash.com/photo-1492707892479-7bc8d5a4ee93?w=400,Accessories,TrendyBits,$85.99
B00IRXWWXA,Vintage Leather Sneakers,https://images.unsplash.com/photo-1542291026-7eec264c27ff?w=400,Footwear,WalkEasy,$129.99
B00MVRDOZ8,Comfortable Printed Pants,https://images.unsplash.com/photo-1595777457583-95e059d581b8?w=400,Women's Clothing,ChicWear,$116.99
B005N2UBP4,Vintage Suede Sneakers,https://images.unsplash.com/photo-1542291026-7eec264c27ff?w=400,Footwear,WalkEasy,$122.99
B017U0FC50,Designer Silk Hat,https://images.unsplash.com/photo-1492707892479-7bc8d5a4ee93?w=400,Accessories,TrendyBits,$198.99
B000F4KPIS,Designer Wool Watch,https://images.unsplash.com/photo-1492707892479-7bc8d5a4ee93?w=400,Accessories,TrendyBits,$92.99
B004CLNHTE,Classic Woven Skirt,https://images.unsplash.com/photo-1595777457583-95e059d581b8?w=400,Women's Clothing,ChicWear,$27.99
B01B52AVDM,Luxury Silk Brooch,https://images.unsplash.com/photo-1535632066927-ab7c9ab60908?w=400,Jewelry,LuxeJewel,$208.99
B01HBJW712,Modern Silk Jeans,https://images.unsplash.com/photo-1586790170083-2f9ceadc732d?w=400,Men's Clothing,UrbanGent,$73.99
B00C8OEXDQ,Elegant Cotton Necklace,https://images.unsplash.com/photo-1535632066927-ab7c9ab60908?w=400,Jewelry,LuxeJewel,$434.99
B00MN7F8PK,Vintage Knit Flats,https://images.unsplash.com/photo-1542291026-7eec264c27ff?w=400,Footwear,WalkEasy,$35.99
B01CZE60V6,Essential Denim Crossbody,https://images.unsplash.com/photo-1553062407-98eeb64c6a62?w=400,Bags & Luggage,BagMaster,$141.99
B00MGSODA2,Classic Canvas Skirt,https://images.unsplash.com/photo-1595777457583-95e059d581b8?w=400,Women's Clothing,ChicWear,$37.99
B01AQGZMY6,Elegant Canvas Pendant,https://images.unsplash.com/photo-1535632066927-ab7c9ab60908?w=400,Jewelry,LuxeJewel,$344.99
B0141DW14E,Stylish Woven Sandals,https://images.unsplash.com/photo-1542291026-7eec264c27ff?w=400,Footwear,WalkEasy,$172.99
B006V635M2,Classic Synthetic Pants,https://images.unsplash.com/photo-1595777457583-95e059d581b8?w=400,Women's Clothing,ChicWear,$116.99
B01D8XYF2Y,Elegant Canvas Necklace,https://images.unsplash.com/photo-1535632066927-ab7c9ab60908?w=400,Jewelry,LuxeJewel,$136.99
B00XKGSHUG,Essential Wool Messenger Bag,https://images.unsplash.com/photo-1553062407-98eeb64c6a62?w=400,Bags & Luggage,BagMaster,$75.99
B00NW5HSFK,Designer Woven Tie,https://images.unsplash.com/photo-1492707892479-7bc8d5a4ee93?w=400,Accessories,TrendyBits,$59.99
B00HC9961G,Casual Solid Handbag,https://images.unsplash.com/photo-1553062407-98eeb64c6a62?w=400,Bags & Luggage,BagMaster,$171.99
B005G4VIRE,Premium Suede Hat,https://images.unsplash.com/photo-1492707892479-7bc8d5a4ee93?w=400,Accessories,TrendyBits,$108.99
B01EAEL6YA,Casual Knit Handbag,https://images.unsplash.com/photo-1553062407-98eeb64c6a62?w=400,Bags & Luggage,BagMaster,$57.99
B01G3EH414,Essential Synthetic Crossbody,https://images.unsplash.com/photo-1553062407-98eeb64c6a62?w=400,Bags & Luggage,BagMaster,$93.99
B01ET8W42U,Premium Silk Hat,https://images.unsplash.com/photo-1492707892479-7bc8d5a4ee93?w=400,Accessories,TrendyBits,$53.99
B00DN11OPS,Designer Solid Gloves,https://images.unsplash.com/photo-1492707892479-7bc8d5a4ee93?w=400,Accessories,TrendyBits,$40.99
B00964Q40Q,Essential Denim Crossbody,https://images.unsplash.com/photo-1553062407-98eeb64c6a62?w=400,Bags & Luggage,BagMaster,$219.99
B00AX3EZPK,Classic Wool Skirt,https://images.unsplash.com/photo-1595777457583-95e059d581b8?w=400,Women's Clothing,ChicWear,$67.99
B017ECDS96,Elegant Cotton Necklace,https://images.unsplash.com/photo-1535632066927-ab7c9ab60908?w=400,Jewelry,LuxeJewel,$134.99
B00VQCQTWO,Elegant Suede Necklace,https://images.unsplash.com/photo-1535632066927-ab7c9ab60908?w=400,Jewelry,LuxeJewel,$290.99
B00B2XWOSK,Trendy Solid Jacket,https://images.unsplash.com/photo-1586790170083-2f9ceadc732d?w=400,Men's Clothing,UrbanGent,$35.99
B01DKL0Q5Y,Modern Canvas T-Shirt,https://images.unsplash.com/photo-1586790170083-2f9ceadc732d?w=400,Men's Clothing,UrbanGent,$71.99
B00GMT1PYI,Vintage Knit Flats,https://images.unsplash.com/photo-1542291026-7eec264c27ff?w=400,Footwear,WalkEasy,$36.99
B014Z9J430,Modern Solid Hoodie,https://images.unsplash.com/photo-1586790170083-2f9ceadc732d?w=400,Men's Clothing,UrbanGent,$57.99
B00FR9IRLS,Luxury Cotton Earrings,https://images.unsplash.com/photo-1535632066927-ab7c9ab60908?w=400,Jewelry,LuxeJewel,$92.99
B016PSV9VE,Modern Synthetic Jacket,https://images.unsplash.com/photo-1586790170083-2f9ceadc732d?w=400,Men's Clothing,UrbanGent,$145.99
B00H5ICTDQ,Premium Synthetic Tie,https://images.unsplash.com/photo-1492707892479-7bc8d5a4ee93?w=400,Accessories,TrendyBits,$164.99
B0146U1TWW,Vintage Canvas Sneakers,https://images.unsplash.com/photo-1542291026-7eec264c27ff?w=400,Footwear,WalkEasy,$93.99
B00CEMPFOS,Casual Suede Handbag,https://images.unsplash.com/photo-1553062407-98eeb64c6a62?w=400,Bags & Luggage,BagMaster,$153.99
B00ZO6G9AA,Essential Synthetic Messenger Bag,https://images.unsplash.com/photo-1553062407-98eeb64c6a62?w=400,Bags & Luggage,BagMaster,$225.99
B00OJX99P6,Trendy Synthetic Hoodie,https://images.unsplash.com/photo-1586790170083-2f9ceadc732d?w=400,Men's Clothing,UrbanGent,$117.99
B00UINHJPI,Luxury Knit Brooch,https://images.unsplash.com/photo-1535632066927-ab7c9ab60908?w=400,Jewelry,LuxeJewel,$318.99
B00LI6SKA2,Casual Leather Handbag,https://images.unsplash.com/photo-1553062407-98eeb64c6a62?w=400,Bags & Luggage,BagMaster,$153.99
B00F4OPH0K,Modern Knit Suit,https://images.unsplash.com/photo-1586790170083-2f9ceadc732d?w=400,Men's Clothing,UrbanGent,$99.99
B00JTQ6BIG,Stylish Denim Running Shoes,https://images.unsplash.com/photo-1542291026-7eec264c27ff?w=400,Footwear,WalkEasy,$166.99
B0016BTZLC,Designer Solid Hat,https://images.unsplash.com/photo-1492707892479-7bc8d5a4ee93?w=400,Accessories,TrendyBits,$198.99
B01E6TV5YU,Classic Solid Cardigan,https://images.unsplash.com/photo-1595777457583-95e059d581b8?w=400,Women's Clothing,ChicWear,$79.99
B001P97D9G,Luxury Denim Brooch,https://images.unsplash.com/photo-1535632066927-ab7c9ab60908?w=400,Jewelry,LuxeJewel,$192.99
B010GIR3LY,Modern Cotton T-Shirt,https://images.unsplash.com/photo-1586790170083-2f9ceadc732d?w=400,Men's Clothing,UrbanGent,$31.99
B01BSZXAU2,Designer Synthetic Hat,https://images.unsplash.com/photo-1492707892479-7bc8d5a4ee93?w=400,Accessories,TrendyBits,$163.99
B00IGJANG8,Comfortable Suede Jacket,https://images.unsplash.com/photo-1595777457583-95e059d581b8?w=400,Women's Clothing,ChicWear,$38.99
B00VXD67S2,Premium Printed Wallet,https://images.unsplash.com/photo-1492707892479-7bc8d5a4ee93?w=400,Accessories,TrendyBits,$116.99
B00RMKGMPS,Premium Printed Tie,https://images.unsplash.com/photo-1492707892479-7bc8d5a4ee93?w=400,Accessories,TrendyBits,$119.99
B0142DIRHS,Trendy Leather Jeans,https://images.unsplash.com/photo-1586790170083-2f9ceadc732d?w=400,Men's Clothing,UrbanGent,$143.99
B005ZY3XAK,Classic Solid Skirt,https://images.unsplash.com/photo-1595777457583-95e059d581b8?w=400,Women's Clothing,ChicWear,$27.99
B00WSP870U,Casual Cotton Suitcase,https://images.unsplash.com/photo-1553062407-98eeb64c6a62?w=400,Bags & Luggage,BagMaster,$237.99
B01E5GB5D0,Luxury Knit Brooch,https://images.unsplash.com/photo-1535632066927-ab7c9ab60908?w=400,Jewelry,LuxeJewel,$368.99
B00FOCPJOQ,Trendy Cotton T-Shirt,https://images.unsplash.com/photo-1586790170083-2f9ceadc732d?w=400,Men's Clothing,UrbanGent,$121.99
B00KVA0PJA,Comfortable Canvas Jacket,https://images.unsplash.com/photo-1595777457583-95e059d581b8?w=400,Women's Clothing,ChicWear,$98.99
B01F8XCE2U,Casual Synthetic Handbag,https://images.unsplash.com/photo-1553062407-98eeb64c6a62?w=400,Bags & Luggage,BagMaster,$183.99
B017G6L8FG,Modern Silk T-Shirt,https://images.unsplash.com/photo-1586790170083-2f9ceadc732d?w=400,Men's Clothing,UrbanGent,$131.99
B004TUWEAQ,Classic Cotton Pants,https://images.unsplash.com/photo-1595777457583-95e059d581b8?w=400,Women's Clothing,ChicWear,$86.99
B00JMX6366,Elegant Silk Necklace,https://images.unsplash.com/photo-1535632066927-ab7c9ab60908?w=400,Jewelry,LuxeJewel,$192.99
B00W9PZG6M,Premium Silk Hat,https://images.unsplash.com/photo-1492707892479-7bc8d5a4ee93?w=400,Accessories,TrendyBits,$38.99
B0110BCY1K,Comfortable Canvas Jacket,https://images.unsplash.com/photo-1595777457583-95e059d581b8?w=400,Women's Clothing,ChicWear,$48.99
B00AY8M3LC,Luxury Synthetic Earrings,https://images.unsplash.com/photo-1535632066927-ab7c9ab60908?w=400,Jewelry,LuxeJewel,$498.99
B00IJHMPE0,Casual Wool Suitcase,https://images.unsplash.com/photo-1553062407-98eeb64c6a62?w=400,Bags & Luggage,BagMaster,$87.99
B015XI8GL8,Modern Woven Jacket,https://images.unsplash.com/photo-1586790170083-2f9ceadc732d?w=400,Men's Clothing,UrbanGent,$35.99
B01EI9XXUC,Comfortable Knit Dress,https://images.unsplash.com/photo-1595777457583-95e059d581b8?w=400,Women's Clothing,ChicWear,$100.99
B00ZGK2516,Premium Synthetic Gloves,https://images.unsplash.com/photo-1492707892479-7bc8d5a4ee93?w=400,Accessories,TrendyBits,$135.99
B00PJIPZGW,Luxury Silk Brooch,https://images.unsplash.com/photo-1535632066927-ab7c9ab60908?w=400,Jewelry,LuxeJewel,$158.99
B00QQ45HYI,Elegant Knit Pendant,https://images.unsplash.com/photo-1535632066927-ab7c9ab60908?w=400,Jewelry,LuxeJewel,$398.99
B0191S2QWG,Designer Silk Tie,https://images.unsplash.com/photo-1492707892479-7bc8d5a4ee93?w=400,Accessories,TrendyBits,$104.99
B004F1GSWY,Modern Cotton Jeans,https://images.unsplash.com/photo-1586790170083-2f9ceadc732d?w=400,Men's Clothing,UrbanGent,$93.99
B00J7R9026,Elegant Synthetic Necklace,https://images.unsplash.com/photo-1535632066927-ab7c9ab60908?w=400,Jewelry,LuxeJewel,$474.99
B013JV3KE4,Trendy Leather Jacket,https://images.unsplash.com/photo-1586790170083-2f9ceadc732d?w=400,Men's Clothing,UrbanGent,$115.99
B00NIVAEG8,Essential Suede Messenger Bag,https://images.unsplash.com/photo-1553062407-98eeb64c6a62?w=400,Bags & Luggage,BagMaster,$237.99
B00ADH9PI8,Stylish Suede Running Shoes,https://images.unsplash.com/photo-1542291026-7eec264c27ff?w=400,Footwear,WalkEasy,$64.99
B00X23GJMK,Designer Leather Gloves,https://images.unsplash.com/photo-1492707892479-7bc8d5a4ee93?w=400,Accessories,TrendyBits,$120.99
B0107WZ76M,Premium Silk Gloves,https://images.unsplash.com/photo-1492707892479-7bc8d5a4ee93?w=400,Accessories,TrendyBits,$65.99
B000NGMOT6,Designer Leather Hat,https://images.unsplash.com/photo-1492707892479-7bc8d5a4ee93?w=400,Accessories,TrendyBits,$83.99
B015NKHLEO,Vintage Woven Sneakers,https://images.unsplash.com/photo-1542291026-7eec264c27ff?w=400,Footwear,WalkEasy,$177.99
B00W0OHDKE,Comfortable Woven Pants,https://images.unsplash.com/photo-1595777457583-95e059d581b8?w=400,Women's Clothing,ChicWear,$86.99
B01CZE644E,Premium Denim Watch,https://images.unsplash.com/photo-1492707892479-7bc8d5a4ee93?w=400,Accessories,TrendyBits,$102.99
B00HBRTZK6,Essential Wool Messenger Bag,https://images.unsplash.com/photo-1553062407-98eeb64c6a62?w=400,Bags & Luggage,BagMaster,$231.99
B00U8O16T2,Premium Denim Wallet,https://images.unsplash.com/photo-1492707892479-7bc8d5a4ee93?w=400,Accessories,TrendyBits,$196.99
B018EN8F8I,Designer Canvas Wallet,https://images.unsplash.com/photo-1492707892479-7bc8d5a4ee93?w=400,Accessories,TrendyBits,$16.99
B00ACIFQGS,Premium Denim Wallet,https://images.unsplash.com/photo-1492707892479-7bc8d5a4ee93?w=400,Accessories,TrendyBits,$186.99
B00R7ODPMM,Essential Denim Messenger Bag,https://images.unsplash.com/photo-1553062407-98eeb64c6a62?w=400,Bags & Luggage,BagMaster,$207.99
B00SGOU3Y0,Elegant Solid Necklace,https://images.unsplash.com/photo-1535632066927-ab7c9ab60908?w=400,Jewelry,LuxeJewel,$204.99
B00PJIDFXW,Modern Wool Suit,https://images.unsplash.com/photo-1586790170083-2f9ceadc732d?w=400,Men's Clothing,UrbanGent,$49.99
B00KH99LI6,Premium Synthetic Watch,https://images.unsplash.com/photo-1492707892479-7bc8d5a4ee93?w=400,Accessories,TrendyBits,$197.99
B0093CGBQI,Modern Denim T-Shirt,https://images.unsplash.com/photo-1586790170083-2f9ceadc732d?w=400,Men's Clothing,UrbanGent,$41.99
B018782YLO,Vintage Synthetic Sneakers,https://images.unsplash.com/photo-1542291026-7eec264c27ff?w=400,Footwear,WalkEasy,$111.99
B00N1H1BBQ,Vintage Denim Flats,https://images.unsplash.com/photo-1542291026-7eec264c27ff?w=400,Footwear,WalkEasy,$94.99
B00N2B7S7W,Trendy Wool Jeans,https://images.unsplash.com/photo-1586790170083-2f9ceadc732d?w=400,Men's Clothing,UrbanGent,$123.99
B01E7XPREY,Elegant Suede Pendant,https://images.unsplash.com/photo-1535632066927-ab7c9ab60908?w=400,Jewelry,LuxeJewel,$184.99
B00YT2MTAY,Vintage Silk Flats,https://images.unsplash.com/photo-1542291026-7eec264c27ff?w=400,Footwear,WalkEasy,$130.99
B000WIREYA,Trendy Leather T-Shirt,https://images.unsplash.com/photo-1586790170083-2f9ceadc732d?w=400,Men's Clothing,UrbanGent,$91.99
B0055QNJ84,Luxury Cotton Brooch,https://images.unsplash.com/photo-1535632066927-ab7c9ab60908?w=400,Jewelry,LuxeJewel,$56.99
B01AW8GQDY,Classic Wool Skirt,https://images.unsplash.com/photo-1595777457583-95e059d581b8?w=400,Women's Clothing,ChicWear,$117.99
B01BFO4EQU,Comfortable Woven Jacket,https://images.unsplash.com/photo-1595777457583-95e059d581b8?w=400,Women's Clothing,ChicWear,$93.99
B00XNV5IGO,Luxury Silk Brooch,https://images.unsplash.com/photo-1535632066927-ab7c9ab60908?w=400,Jewelry,LuxeJewel,$314.99
B00MRXJUBS,Premium Synthetic Hat,https://images.unsplash.com/photo-1492707892479-7bc8d5a4ee93?w=400,Accessories,TrendyBits,$173.99
B00J2S89BS,Designer Silk Gloves,https://images.unsplash.com/photo-1492707892479-7bc8d5a4ee93?w=400,Accessories,TrendyBits,$165.99
B002NPC2O2,Luxury Printed Brooch,https://images.unsplash.com/photo-1535632066927-ab7c9ab60908?w=400,Jewelry,LuxeJewel,$86.99
B00B1M755Y,Classic Silk Skirt,https://images.unsplash.com/photo-1595777457583-95e059d581b8?w=400,Women's Clothing,ChicWear,$112.99
B010EJZ010,Essential Synthetic Crossbody,https://images.unsplash.com/photo-1553062407-98eeb64c6a62?w=400,Bags & Luggage,BagMaster,$243.99
B001V71K78,Essential Wool Messenger Bag,https://images.unsplash.com/photo-1553062407-98eeb64c6a62?w=400,Bags & Luggage,BagMaster,$51.99
B01FHRR5CG,Essential Synthetic Crossbody,https://images.unsplash.com/photo-1553062407-98eeb64c6a62?w=400,Bags & Luggage,BagMaster,$165.99
B0186YFYUW,Modern Woven Hoodie,https://images.unsplash.com/photo-1586790170083-2f9ceadc732d?w=400,Men's Clothing,UrbanGent,$67.99
B0097GOKS6,Vintage Cotton Flats,https://images.unsplash.com/photo-1542291026-7eec264c27ff?w=400,Footwear,WalkEasy,$143.99
B00D8408YI,Modern Cotton Jacket,https://images.unsplash.com/photo-1586790170083-2f9ceadc732d?w=400,Men's Clothing,UrbanGent,$85.99
B00XJDO93O,Elegant Wool Pendant,https://images.unsplash.com/photo-1535632066927-ab7c9ab60908?w=400,Jewelry,LuxeJewel,$330.99
B017SNXIEQ,Essential Printed Messenger Bag,https://images.unsplash.com/photo-1553062407-98eeb64c6a62?w=400,Bags & Luggage,BagMaster,$87.99
B00N2Q7EV2,Stylish Denim Running Shoes,https://images.unsplash.com/photo-1542291026-7eec264c27ff?w=400,Footwear,WalkEasy,$114.99
B000ULUS2E,Designer Denim Hat,https://images.unsplash.com/photo-1492707892479-7bc8d5a4ee93?w=400,Accessories,TrendyBits,$173.99
B00LQO1XOG,Casual Knit Suitcase,https://images.unsplash.com/photo-1553062407-98eeb64c6a62?w=400,Bags & Luggage,BagMaster,$231.99
B018G1RRNM,Comfortable Denim Jacket,https://images.unsplash.com/photo-1595777457583-95e059d581b8?w=400,Women's Clothing,ChicWear,$38.99
B01G2K2YBE,Luxury Leather Earrings,https://images.unsplash.com/photo-1535632066927-ab7c9ab60908?w=400,Jewelry,LuxeJewel,$146.99
B010WNA0BS,Casual Suede Handbag,https://images.unsplash.com/photo-1553062407-98eeb64c6a62?w=400,Bags & Luggage,BagMaster,$165.99
B00MVQ1N8O,Comfortable Silk Dress,https://images.unsplash.com/photo-1595777457583-95e059d581b8?w=400,Women's Clothing,ChicWear,$90.99
B00ADH9OUC,Trendy Denim Suit,https://images.unsplash.com/photo-1586790170083-2f9ceadc732d?w=400,Men's Clothing,UrbanGent,$139.99
B00KBV9BVW,Premium Silk Gloves,https://images.unsplash.com/photo-1492707892479-7bc8d5a4ee93?w=400,Accessories,TrendyBits,$20.99
B01A0TCFO4,Trendy Knit Jacket,https://images.unsplash.com/photo-1586790170083-2f9ceadc732d?w=400,Men's Clothing,UrbanGent,$95.99
B00XLTFT08,Comfortable Cotton Jacket,https://images.unsplash.com/photo-1595777457583-95e059d581b8?w=400,Women's Clothing,ChicWear,$78.99
B011Y8FPHY,Elegant Denim Necklace,https://images.unsplash.com/photo-1535632066927-ab7c9ab60908?w=400,Jewelry,LuxeJewel,$290.99
B00PDK9GAM,Elegant Leather Pendant,https://images.unsplash.com/photo-1535632066927-ab7c9ab60908?w=400,Jewelry,LuxeJewel,$344.99
B00XO8RYU4,Luxury Silk Earrings,https://images.unsplash.com/photo-1535632066927-ab7c9ab60908?w=400,Jewelry,LuxeJewel,$172.99
B00EM5OL40,Trendy Silk Jacket,https://images.unsplash.com/photo-1586790170083-2f9ceadc732d?w=400,Men's Clothing,UrbanGent,$75.99
B00YBILO5M,Stylish Cotton Sandals,https://images.unsplash.com/photo-1542291026-7eec264c27ff?w=400,Footwear,WalkEasy,$95.99
B007HIHL8C,Essential Canvas Crossbody,https://images.unsplash.com/photo-1553062407-98eeb64c6a62?w=400,Bags & Luggage,BagMaster,$183.99
B00DP7VAN6,Stylish Woven Sandals,https://images.unsplash.com/photo-1542291026-7eec264c27ff?w=400,Footwear,WalkEasy,$43.99
B00PV5CG6K,Vintage Denim Flats,https://images.unsplash.com/photo-1542291026-7eec264c27ff?w=400,Footwear,WalkEasy,$104.99
B01E989MZM,Stylish Synthetic Running Shoes,https://images.unsplash.com/photo-1542291026-7eec264c27ff?w=400,Footwear,WalkEasy,$126.99
B00I53Z5CC,Premium Denim Watch,https://images.unsplash.com/photo-1492707892479-7bc8d5a4ee93?w=400,Accessories,TrendyBits,$117.99
B008YOQ742,Comfortable Cotton Dress,https://images.unsplash.com/photo-1595777457583-95e059d581b8?w=400,Women's Clothing,ChicWear,$105.99
B00OX1U4ZS,Premium Wool Watch,https://images.unsplash.com/photo-1492707892479-7bc8d5a4ee93?w=400,Accessories,TrendyBits,$37.99
B00HV713ME,Casual Leather Suitcase,https://images.unsplash.com/photo-1553062407-98eeb64c6a62?w=400,Bags & Luggage,BagMaster,$45.99
B00LP4ANKM,Classic Woven Pants,https://images.unsplash.com/photo-1595777457583-95e059d581b8?w=400,Women's Clothing,ChicWear,$31.99
B00XFSDPYW,Elegant Suede Necklace,https://images.unsplash.com/photo-1535632066927-ab7c9ab60908?w=400,Jewelry,LuxeJewel,$166.99
B012S6MQ8W,Elegant Printed Pendant,https://images.unsplash.com/photo-1535632066927-ab7c9ab60908?w=400,Jewelry,LuxeJewel,$82.99
B0057ZASAA,Premium Woven Wallet,https://images.unsplash.com/photo-1492707892479-7bc8d5a4ee93?w=400,Accessories,TrendyBits,$76.99
B00FXWATVA,Casual Woven Handbag,https://images.unsplash.com/photo-1553062407-98eeb64c6a62?w=400,Bags & Luggage,BagMaster,$87.99
B00D6C89SE,Trendy Silk Suit,https://images.unsplash.com/photo-1586790170083-2f9ceadc732d?w=400,Men's Clothing,UrbanGent,$119.99
B00VHRBBU8,Essential Synthetic Messenger Bag,https://images.unsplash.com/photo-1553062407-98eeb64c6a62?w=400,Bags & Luggage,BagMaster,$225.99
B000YQXPZ2,Modern Canvas Suit,https://images.unsplash.com/photo-1586790170083-2f9ceadc732d?w=400,Men's Clothing,UrbanGent,$119.99
B00GXE331K,Trendy Denim Jacket,https://images.unsplash.com/photo-1586790170083-2f9ceadc732d?w=400,Men's Clothing,UrbanGent,$85.99
B00LUZ6NL4,Modern Suede Suit,https://images.unsplash.com/photo-1586790170083-2f9ceadc732d?w=400,Men's Clothing,UrbanGent,$29.99
B004MNDTOK,Classic Denim Pants,https://images.unsplash.com/photo-1595777457583-95e059d581b8?w=400,Women's Clothing,ChicWear,$71.99
B00K0Q7M1O,Vintage Printed Flats,https://images.unsplash.com/photo-1542291026-7eec264c27ff?w=400,Footwear,WalkEasy,$89.99
B0026PJDQE,Premium Leather Wallet,https://images.unsplash.com/photo-1492707892479-7bc8d5a4ee93?w=400,Accessories,TrendyBits,$21.99
B007GCBQU8,Classic Woven Pants,https://images.unsplash.com/photo-1595777457583-95e059d581b8?w=400,Women's Clothing,ChicWear,$106.99
B01G5VFKUW,Designer Denim Wallet,https://images.unsplash.com/photo-1492707892479-7bc8d5a4ee93?w=400,Accessories,TrendyBits,$31.99
B00P4ZYULQ,Vintage Solid Sneakers,https://images.unsplash.com/photo-1542291026-7eec264c27ff?w=400,Footwear,WalkEasy,$90.99
B00MTDBK8C,Luxury Synthetic Brooch,https://images.unsplash.com/photo-1535632066927-ab7c9ab60908?w=400,Jewelry,LuxeJewel,$414.99
B001ALCI0S,Luxury Leather Earrings,https://images.unsplash.com/photo-1535632066927-ab7c9ab60908?w=400,Jewelry,LuxeJewel,$258.99
B0007NBT3M,Designer Synthetic Watch,https://images.unsplash.com/photo-1492707892479-7bc8d5a4ee93?w=400,Accessories,TrendyBits,$72.99
B01D13FANY,Classic Cotton Dress,https://images.unsplash.com/photo-1595777457583-95e059d581b8?w=400,Women's Clothing,ChicWear,$110.99
B01E4CERUS,Trendy Knit T-Shirt,https://images.unsplash.com/photo-1586790170083-2f9ceadc732d?w=400,Men's Clothing,UrbanGent,$131.99
B00EFLM2WE,Trendy Knit T-Shirt,https://images.unsplash.com/photo-1586790170083-2f9ceadc732d?w=400,Men's Clothing,UrbanGent,$101.99
B00CS83ZYK,Classic Suede Skirt,https://images.unsplash.com/photo-1595777457583-95e059d581b8?w=400,Women's Clothing,ChicWear,$82.99
B01EI9XXSY,Stylish Synthetic Running Shoes,https://images.unsplash.com/photo-1542291026-7eec264c27ff?w=400,Footwear,WalkEasy,$132.99
B00IQAOR00,Classic Knit Cardigan,https://images.unsplash.com/photo-1595777457583-95e059d581b8?w=400,Women's Clothing,ChicWear,$84.99
B00LHK3K5O,Essential Woven Crossbody,https://images.unsplash.com/photo-1553062407-98eeb64c6a62?w=400,Bags & Luggage,BagMaster,$75.99
B010LAVKX4,Premium Silk Gloves,https://images.unsplash.com/photo-1492707892479-7bc8d5a4ee93?w=400,Accessories,TrendyBits,$105.99
B00WOSG0IC,Vintage Suede Flats,https://images.unsplash.com/photo-1542291026-7eec264c27ff?w=400,Footwear,WalkEasy,$68.99
B005NT65UC,Comfortable Suede Cardigan,https://images.unsplash.com/photo-1595777457583-95e059d581b8?w=400,Women's Clothing,ChicWear,$64.99
B00YB2FTXG,Elegant Synthetic Pendant,https://images.unsplash.com/photo-1535632066927-ab7c9ab60908?w=400,Jewelry,LuxeJewel,$340.99
B00UQZUKLI,Classic Solid Dress,https://images.unsplash.com/photo-1595777457583-95e059d581b8?w=400,Women's Clothing,ChicWear,$50.99
B007VOS4A6,Elegant Denim Pendant,https://images.unsplash.com/photo-1535632066927-ab7c9ab60908?w=400,Jewelry,LuxeJewel,$408.99
B01EZHW704,Comfortable Solid Skirt,https://images.unsplash.com/photo-1595777457583-95e059d581b8?w=400,Women's Clothing,ChicWear,$27.99
B001V7FCB8,Comfortable Denim Skirt,https://images.unsplash.com/photo-1595777457583-95e059d581b8?w=400,Women's Clothing,ChicWear,$57.99
B00PRT791W,Luxury Silk Brooch,https://images.unsplash.com/photo-1535632066927-ab7c9ab60908?w=400,Jewelry,LuxeJewel,$422.99
B00JXS1XN8,Comfortable Woven Skirt,https://images.unsplash.com/photo-1595777457583-95e059d581b8?w=400,Women's Clothing,ChicWear,$82.99
B014GBN3NE,Casual Leather Suitcase,https://images.unsplash.com/photo-1553062407-98eeb64c6a62?w=400,Bags & Luggage,BagMaster,$237.99
B00A4OM0S2,Luxury Leather Earrings,https://images.unsplash.com/photo-1535632066927-ab7c9ab60908?w=400,Jewelry,LuxeJewel,$440.99
B010MR8B7E,Premium Printed Gloves,https://images.unsplash.com/photo-1492707892479-7bc8d5a4ee93?w=400,Accessories,TrendyBits,$50.99
B010ET1H76,Modern Knit Jacket,https://images.unsplash.com/photo-1586790170083-2f9ceadc732d?w=400,Men's Clothing,UrbanGent,$125.99
B01F4OLK1Y,Casual Denim Suitcase,https://images.unsplash.com/photo-1553062407-98eeb64c6a62?w=400,Bags & Luggage,BagMaster,$105.99
B01CEZTR5C,Essential Synthetic Crossbody,https://images.unsplash.com/photo-1553062407-98eeb64c6a62?w=400,Bags & Luggage,BagMaster,$219.99
B00WHO8OJQ,Stylish Solid Sandals,https://images.unsplash.com/photo-1542291026-7eec264c27ff?w=400,Footwear,WalkEasy,$153.99
B017A8I41Q,Comfortable Suede Jacket,https://images.unsplash.com/photo-1595777457583-95e059d581b8?w=400,Women's Clothing,ChicWear,$103.99
B01CJXS4OY,Stylish Canvas Sandals,https://images.unsplash.com/photo-1542291026-7eec264c27ff?w=400,Footwear,WalkEasy,$63.99
B01970N08C,Modern Silk Jacket,https://images.unsplash.com/photo-1586790170083-2f9ceadc732d?w=400,Men's Clothing,UrbanGent,$125.99
B000NBIMG0,Casual Denim Handbag,https://images.unsplash.com/photo-1553062407-98eeb64c6a62?w=400,Bags & Luggage,BagMaster,$111.99
B00T6OSIM8,Essential Wool Messenger Bag,https://images.unsplash.com/photo-1553062407-98eeb64c6a62?w=400,Bags & Luggage,BagMaster,$171.99
B00JLFPCPS,Designer Solid Gloves,https://images.unsplash.com/photo-1492707892479-7bc8d5a4ee93?w=400,Accessories,TrendyBits,$175.99
B00LMNKIWE,Casual Denim Handbag,https://images.unsplash.com/photo-1553062407-98eeb64c6a62?w=400,Bags & Luggage,BagMaster,$153.99
B01EJVSQ38,Trendy Cotton T-Shirt,https://images.unsplash.com/photo-1586790170083-2f9ceadc732d?w=400,Men's Clothing,UrbanGent,$31.99
B016N70WTW,Premium Wool Gloves,https://images.unsplash.com/photo-1492707892479-7bc8d5a4ee93?w=400,Accessories,TrendyBits,$110.99
B016E449X4,Essential Solid Messenger Bag,https://images.unsplash.com/photo-1553062407-98eeb64c6a62?w=400,Bags & Luggage,BagMaster,$183.99
B00L4JDJ0E,Stylish Cotton Sandals,https://images.unsplash.com/photo-1542291026-7eec264c27ff?w=400,Footwear,WalkEasy,$88.99
B00EOKSQFI,Comfortable Synthetic Pants,https://images.unsplash.com/photo-1595777457583-95e059d581b8?w=400,Women's Clothing,ChicWear,$26.99
B017D0MJRQ,Essential Wool Crossbody,https://images.unsplash.com/photo-1553062407-98eeb64c6a62?w=400,Bags & Luggage,BagMaster,$153.99
B01A50HZ3Y,Casual Solid Handbag,https://images.unsplash.com/photo-1553062407-98eeb64c6a62?w=400,Bags & Luggage,BagMaster,$75.99
B00HN272MW,Stylish Leather Sandals,https://images.unsplash.com/photo-1542291026-7eec264c27ff?w=400,Footwear,WalkEasy,$90.99
B00H87O4A0,Luxury Knit Brooch,https://images.unsplash.com/photo-1535632066927-ab7c9ab60908?w=400,Jewelry,LuxeJewel,$144.99
B01842HGLQ,Modern Printed T-Shirt,https://images.unsplash.com/photo-1586790170083-2f9ceadc732d?w=400,Men's Clothing,UrbanGent,$111.99
B00D77WDB2,Trendy Leather Jeans,https://images.unsplash.com/photo-1586790170083-2f9ceadc732d?w=400,Men's Clothing,UrbanGent,$103.99
B00EQC1UY8,Trendy Knit Jacket,https://images.unsplash.com/photo-1586790170083-2f9ceadc732d?w=400,Men's Clothing,UrbanGent,$145.99
B00S6ESGQM,Designer Woven Hat,https://images.unsplash.com/photo-1492707892479-7bc8d5a4ee93?w=400,Accessories,TrendyBits,$78.99
B00EK6LVXU,Premium Leather Hat,https://images.unsplash.com/photo-1492707892479-7bc8d5a4ee93?w=400,Accessories,TrendyBits,$138.99
B00RA2UIYE,Stylish Cotton Sandals,https://images.unsplash.com/photo-1542291026-7eec264c27ff?w=400,Footwear,WalkEasy,$138.99
B00KW4LIJQ,Luxury Cotton Earrings,https://images.unsplash.com/photo-1535632066927-ab7c9ab60908?w=400,Jewelry,LuxeJewel,$298.99
B00RJM7WDA,Casual Printed Handbag,https://images.unsplash.com/photo-1553062407-98eeb64c6a62?w=400,Bags & Luggage,BagMaster,$81.99
B00DPMMB34,Premium Cotton Watch,https://images.unsplash.com/photo-1492707892479-7bc8d5a4ee93?w=400,Accessories,TrendyBits,$192.99
B00IOGB77M,Modern Wool Suit,https://images.unsplash.com/photo-1586790170083-2f9ceadc732d?w=400,Men's Clothing,UrbanGent,$39.99
B00O6RMC54,Essential Knit Crossbody,https://images.unsplash.com/photo-1553062407-98eeb64c6a62?w=400,Bags & Luggage,BagMaster,$231.99
B00KZ66MTM,Trendy Suede Hoodie,https://images.unsplash.com/photo-1586790170083-2f9ceadc732d?w=400,Men's Clothing,UrbanGent,$37.99
B015KQ3QHW,Comfortable Suede Cardigan,https://images.unsplash.com/photo-1595777457583-95e059d581b8?w=400,Women's Clothing,ChicWear,$114.99
B00QK96WA2,Trendy Silk Hoodie,https://images.unsplash.com/photo-1586790170083-2f9ceadc732d?w=400,Men's Clothing,UrbanGent,$107.99
B00UV35SQM,Casual Canvas Suitcase,https://images.unsplash.com/photo-1553062407-98eeb64c6a62?w=400,Bags & Luggage,BagMaster,$57.99
B00RG9OLXK,Comfortable Solid Jacket,https://images.unsplash.com/photo-1595777457583-95e059d581b8?w=400,Women's Clothing,ChicWear,$63.99
B00KDDFOPA,Premium Wool Gloves,https://images.unsplash.com/photo-1492707892479-7bc8d5a4ee93?w=400,Accessories,TrendyBits,$70.99
B00VAPUIZQ,Comfortable Synthetic Pants,https://images.unsplash.com/photo-1595777457583-95e059d581b8?w=400,Women's Clothing,ChicWear,$66.99
B01BDTRFMM,Premium Suede Hat,https://images.unsplash.com/photo-1492707892479-7bc8d5a4ee93?w=400,Accessories,TrendyBits,$123.99
B01EOJK0OI,Modern Cotton Hoodie,https://images.unsplash.com/photo-1586790170083-2f9ceadc732d?w=400,Men's Clothing,UrbanGent,$97.99
B00IQZZEYS,Designer Leather Tie,https://images.unsplash.com/photo-1492707892479-7bc8d5a4ee93?w=400,Accessories,TrendyBits,$39.99
B0157PJZV2,Elegant Solid Necklace,https://images.unsplash.com/photo-1535632066927-ab7c9ab60908?w=400,Jewelry,LuxeJewel,$320.99
B01E9SWTXO,Essential Suede Crossbody,https://images.unsplash.com/photo-1553062407-98eeb64c6a62?w=400,Bags & Luggage,BagMaster,$57.99
B019APRWTM,Designer Denim Gloves,https://images.unsplash.com/photo-1492707892479-7bc8d5a4ee93?w=400,Accessories,TrendyBits,$80.99
B00IDDC1EO,Trendy Knit Jeans,https://images.unsplash.com/photo-1586790170083-2f9ceadc732d?w=400,Men's Clothing,UrbanGent,$43.99
B00A8KSUXQ,Modern Knit Jacket,https://images.unsplash.com/photo-1586790170083-2f9ceadc732d?w=400,Men's Clothing,UrbanGent,$35.99
B00P0DQGP0,Trendy Canvas T-Shirt,https://images.unsplash.com/photo-1586790170083-2f9ceadc732d?w=400,Men's Clothing,UrbanGent,$141.99
B007KXZMSA,Classic Silk Dress,https://images.unsplash.com/photo-1595777457583-95e059d581b8?w=400,Women's Clothing,ChicWear,$45.99
B00GMRA9BU,Essential Cotton Messenger Bag,https://images.unsplash.com/photo-1553062407-98eeb64c6a62?w=400,Bags & Luggage,BagMaster,$183.99
B0195R2L8M,Stylish Denim Sandals,https://images.unsplash.com/photo-1542291026-7eec264c27ff?w=400,Footwear,WalkEasy,$136.99
B00AQ3Y9R6,Essential Leather Messenger Bag,https://images.unsplash.com/photo-1553062407-98eeb64c6a62?w=400,Bags & Luggage,BagMaster,$207.99
B00RTA3S6M,Elegant Wool Necklace,https://images.unsplash.com/photo-1535632066927-ab7c9ab60908?w=400,Jewelry,LuxeJewel,$408.99
B00KA3ROE2,Vintage Knit Sneakers,https://images.unsplash.com/photo-1542291026-7eec264c27ff?w=400,Footwear,WalkEasy,$108.99
B00AW80PPU,Designer Leather Gloves,https://images.unsplash.com/photo-1492707892479-7bc8d5a4ee93?w=400,Accessories,TrendyBits,$135.99
B01DI4J0FA,Modern Solid Jacket,https://images.unsplash.com/photo-1586790170083-2f9ceadc732d?w=400,Men's Clothing,UrbanGent,$125.99
B00CZ5007Q,Casual Printed Suitcase,https://images.unsplash.com/photo-1553062407-98eeb64c6a62?w=400,Bags & Luggage,BagMaster,$105.99
B00C0OUJ6O,Comfortable Denim Cardigan,https://images.unsplash.com/photo-1595777457583-95e059d581b8?w=400,Women's Clothing,ChicWear,$94.99
B01HHZ2WOW,Trendy Knit Jacket,https://images.unsplash.com/photo-1586790170083-2f9ceadc732d?w=400,Men's Clothing,UrbanGent,$125.99
B01C9KGQ92,Premium Cotton Wallet,https://images.unsplash.com/photo-1492707892479-7bc8d5a4ee93?w=400,Accessories,TrendyBits,$96.99
B01EAJECNC,Luxury Knit Earrings,https://images.unsplash.com/photo-1535632066927-ab7c9ab60908?w=400,Jewelry,LuxeJewel,$192.99
B01DI2A6BY,Trendy Knit T-Shirt,https://images.unsplash.com/photo-1586790170083-2f9ceadc732d?w=400,Men's Clothing,UrbanGent,$71.99
B005FQYD02,Comfortable Leather Pants,https://images.unsplash.com/photo-1595777457583-95e059d581b8?w=400,Women's Clothing,ChicWear,$51.99
B011VQX2NI,Casual Woven Handbag,https://images.unsplash.com/photo-1553062407-98eeb64c6a62?w=400,Bags & Luggage,BagMaster,$183.99
B00066G516,Comfortable Synthetic Dress,https://images.unsplash.com/photo-1595777457583-95e059d581b8?w=400,Women's Clothing,ChicWear,$50.99
B00YI8RAGM,Comfortable Cotton Skirt,https://images.unsplash.com/photo-1595777457583-95e059d581b8?w=400,Women's Clothing,ChicWear,$102.99
B01AXN6HTG,Vintage Solid Flats,https://images.unsplash.com/photo-1542291026-7eec264c27ff?w=400,Footwear,WalkEasy,$118.99
B00UVZ5F22,Casual Denim Suitcase,https://images.unsplash.com/photo-1553062407-98eeb64c6a62?w=400,Bags & Luggage,BagMaster,$129.99
B00UOP4WMS,Comfortable Solid Skirt,https://images.unsplash.com/photo-1595777457583-95e059d581b8?w=400,Women's Clothing,ChicWear,$102.99
B00CHFU8IU,Luxury Knit Earrings,https://images.unsplash.com/photo-1535632066927-ab7c9ab60908?w=400,Jewelry,LuxeJewel,$142.99
B005EVCUKI,Modern Leather T-Shirt,https://images.unsplash.com/photo-1586790170083-2f9ceadc732d?w=400,Men's Clothing,UrbanGent,$31.99
B00PB1889I,Stylish Canvas Sandals,https://images.unsplash.com/photo-1542291026-7eec264c27ff?w=400,Footwear,WalkEasy,$52.99
B00PC1P2DC,Vintage Knit Flats,https://images.unsplash.com/photo-1542291026-7eec264c27ff?w=400,Footwear,WalkEasy,$162.99
B01DXNPRU8,Vintage Wool Flats,https://images.unsplash.com/photo-1542291026-7eec264c27ff?w=400,Footwear,WalkEasy,$111.99
B00ULIMTVE,Essential Leather Crossbody,https://images.unsplash.com/photo-1553062407-98eeb64c6a62?w=400,Bags & Luggage,BagMaster,$81.99
B00B9LZ5AO,Classic Printed Dress,https://images.unsplash.com/photo-1595777457583-95e059d581b8?w=400,Women's Clothing,ChicWear,$95.99
B00CTW71V8,Stylish Woven Running Shoes,https://images.unsplash.com/photo-1542291026-7eec264c27ff?w=400,Footwear,WalkEasy,$176.99
B00B82L3I2,Classic Woven Skirt,https://images.unsplash.com/photo-1595777457583-95e059d581b8?w=400,Women's Clothing,ChicWear,$62.99
B01DBWQUSO,Elegant Wool Pendant,https://images.unsplash.com/photo-1535632066927-ab7c9ab60908?w=400,Jewelry,LuxeJewel,$352.99
B01D95V6HS,Designer Solid Gloves,https://images.unsplash.com/photo-1492707892479-7bc8d5a4ee93?w=400,Accessories,TrendyBits,$135.99
B00XN0H76Y,Casual Synthetic Handbag,https://images.unsplash.com/photo-1553062407-98eeb64c6a62?w=400,Bags & Luggage,BagMaster,$45.99
B01CZG9E3A,Trendy Wool Hoodie,https://images.unsplash.com/photo-1586790170083-2f9ceadc732d?w=400,Men's Clothing,UrbanGent,$67.99
B00E5IC55G,Modern Silk T-Shirt,https://images.unsplash.com/photo-1586790170083-2f9ceadc732d?w=400,Men's Clothing,UrbanGent,$101.99
B00YVPQWXO,Comfortable Denim Skirt,https://images.unsplash.com/photo-1595777457583-95e059d581b8?w=400,Women's Clothing,ChicWear,$52.99
B01FNAMTVE,Trendy Suede Jeans,https://images.unsplash.com/photo-1586790170083-2f9ceadc732d?w=400,Men's Clothing,UrbanGent,$63.99
B00ED7D684,Designer Canvas Wallet,https://images.unsplash.com/photo-1492707892479-7bc8d5a4ee93?w=400,Accessories,TrendyBits,$131.99
B01CQRGPTE,Trendy Denim T-Shirt,https://images.unsplash.com/photo-1586790170083-2f9ceadc732d?w=400,Men's Clothing,UrbanGent,$121.99
B00PW9CROQ,Luxury Solid Earrings,https://images.unsplash.com/photo-1535632066927-ab7c9ab60908?w=400,Jewelry,LuxeJewel,$354.99
B00EV5C0D0,Vintage Cotton Sneakers,https://images.unsplash.com/photo-1542291026-7eec264c27ff?w=400,Footwear,WalkEasy,$56.99
B00TZE3IBA,Stylish Wool Sandals,https://images.unsplash.com/photo-1542291026-7eec264c27ff?w=400,Footwear,WalkEasy,$65.99
B01510P634,Vintage Cotton Flats,https://images.unsplash.com/photo-1542291026-7eec264c27ff?w=400,Footwear,WalkEasy,$170.99
B00F4O129A,Premium Canvas Gloves,https://images.unsplash.com/photo-1492707892479-7bc8d5a4ee93?w=400,Accessories,TrendyBits,$115.99
B00FA3BJN4,Vintage Leather Sneakers,https://images.unsplash.com/photo-1542291026-7eec264c27ff?w=400,Footwear,WalkEasy,$58.99
B001ELOUAA,Trendy Solid Hoodie,https://images.unsplash.com/photo-1586790170083-2f9ceadc732d?w=400,Men's Clothing,UrbanGent,$37.99
B01C9O55WM,Comfortable Printed Pants,https://images.unsplash.com/photo-1595777457583-95e059d581b8?w=400,Women's Clothing,ChicWear,$71.99
B002YKD75Y,Stylish Synthetic Running Shoes,https://images.unsplash.com/photo-1542291026-7eec264c27ff?w=400,Footwear,WalkEasy,$51.99
B00FKCQHAU,Elegant Printed Necklace,https://images.unsplash.com/photo-1535632066927-ab7c9ab60908?w=400,Jewelry,LuxeJewel,$318.99
B00FKYZ0K6,Designer Leather Tie,https://images.unsplash.com/photo-1492707892479-7bc8d5a4ee93?w=400,Accessories,TrendyBits,$89.99
B00FOBL0HC,Casual Solid Suitcase,https://images.unsplash.com/photo-1553062407-98eeb64c6a62?w=400,Bags & Luggage,BagMaster,$171.99
B00FT2X2NQ,Casual Wool Suitcase,https://images.unsplash.com/photo-1553062407-98eeb64c6a62?w=400,Bags & Luggage,BagMaster,$57.99
B00FT03RHY,Classic Cotton Cardigan,https://images.unsplash.com/photo-1595777457583-95e059d581b8?w=400,Women's Clothing,ChicWear,$119.99
B00ZQ9XWT6,Luxury Cotton Earrings,https://images.unsplash.com/photo-1535632066927-ab7c9ab60908?w=400,Jewelry,LuxeJewel,$210.99
B00G1UZXEQ,Vintage Leather Sneakers,https://images.unsplash.com/photo-1542291026-7eec264c27ff?w=400,Footwear,WalkEasy,$177.99
B01C0WNDRW,Modern Wool Jacket,https://images.unsplash.com/photo-1586790170083-2f9ceadc732d?w=400,Men's Clothing,UrbanGent,$115.99
B01BR61CHA,Essential Synthetic Messenger Bag,https://images.unsplash.com/photo-1553062407-98eeb64c6a62?w=400,Bags & Luggage,BagMaster,$45.99
B00GSNI6QI,Designer Leather Tie,https://images.unsplash.com/photo-1492707892479-7bc8d5a4ee93?w=400,Accessories,TrendyBits,$19.99
B01BKSM6D4,Essential Wool Messenger Bag,https://images.unsplash.com/photo-1553062407-98eeb64c6a62?w=400,Bags & Luggage,BagMaster,$45.99
B002AQMP0A,Vintage Suede Flats,https://images.unsplash.com/photo-1542291026-7eec264c27ff?w=400,Footwear,WalkEasy,$104.99
B00H7TYRR4,Premium Leather Gloves,https://images.unsplash.com/photo-1492707892479-7bc8d5a4ee93?w=400,Accessories,TrendyBits,$70.99
B0002WUYFW,Comfortable Leather Cardigan,https://images.unsplash.com/photo-1595777457583-95e059d581b8?w=400,Women's Clothing,ChicWear,$74.99
B01EH6FBQU,Comfortable Synthetic Skirt,https://images.unsplash.com/photo-1595777457583-95e059d581b8?w=400,Women's Clothing,ChicWear,$62.99
B00T00FRRW,Casual Suede Suitcase,https://images.unsplash.com/photo-1553062407-98eeb64c6a62?w=400,Bags & Luggage,BagMaster,$213.99
B015MIEN8O,Classic Printed Cardigan,https://images.unsplash.com/photo-1595777457583-95e059d581b8?w=400,Women's Clothing,ChicWear,$74.99
B010NK8ETU,Comfortable Synthetic Cardigan,https://images.unsplash.com/photo-1595777457583-95e059d581b8?w=400,Women's Clothing,ChicWear,$69.99
B01DURR88Q,Essential Canvas Crossbody,https://images.unsplash.com/photo-1553062407-98eeb64c6a62?w=400,Bags & Luggage,BagMaster,$141.99
B00IJG61M8,Stylish Wool Sandals,https://images.unsplash.com/photo-1542291026-7eec264c27ff?w=400,Footwear,WalkEasy,$162.99
B010P4WITQ,Stylish Synthetic Sandals,https://images.unsplash.com/photo-1542291026-7eec264c27ff?w=400,Footwear,WalkEasy,$51.99
B000IBUNYE,Elegant Knit Pendant,https://images.unsplash.com/photo-1535632066927-ab7c9ab60908?w=400,Jewelry,LuxeJewel,$364.99
B010OTBTEM,Premium Canvas Gloves,https://images.unsplash.com/photo-1492707892479-7bc8d5a4ee93?w=400,Accessories,TrendyBits,$20.99
B01ADJOWUG,Designer Silk Wallet,https://images.unsplash.com/photo-1492707892479-7bc8d5a4ee93?w=400,Accessories,TrendyBits,$116.99
B01ABZ3DT8,Comfortable Knit Skirt,https://images.unsplash.com/photo-1595777457583-95e059d581b8?w=400,Women's Clothing,ChicWear,$27.99
B010SWTV2W,Comfortable Synthetic Jacket,https://images.unsplash.com/photo-1595777457583-95e059d581b8?w=400,Women's Clothing,ChicWear,$83.99
B015OTB1ZE,Comfortable Woven Jacket,https://images.unsplash.com/photo-1595777457583-95e059d581b8?w=400,Women's Clothing,ChicWear,$113.99
B00STVE0MG,Casual Silk Handbag,https://images.unsplash.com/photo-1553062407-98eeb64c6a62?w=400,Bags & Luggage,BagMaster,$159.99
B010W3MCUA,Modern Solid Hoodie,https://images.unsplash.com/photo-1586790170083-2f9ceadc732d?w=400,Men's Clothing,UrbanGent,$87.99
B00NO2Z826,Premium Knit Gloves,https://images.unsplash.com/photo-1492707892479-7bc8d5a4ee93?w=400,Accessories,TrendyBits,$95.99
B01G2IZFO4,Casual Wool Handbag,https://images.unsplash.com/photo-1553062407-98eeb64c6a62?w=400,Bags & Luggage,BagMaster,$81.99
B019TMOQ6I,Luxury Knit Earrings,https://images.unsplash.com/photo-1535632066927-ab7c9ab60908?w=400,Jewelry,LuxeJewel,$308.99
B01169KN7S,Premium Canvas Gloves,https://images.unsplash.com/photo-1492707892479-7bc8d5a4ee93?w=400,Accessories,TrendyBits,$145.99
B01H6DT0T0,Premium Printed Wallet,https://images.unsplash.com/photo-1492707892479-7bc8d5a4ee93?w=400,Accessories,TrendyBits,$41.99
B000U6GZUS,Premium Woven Gloves,https://images.unsplash.com/photo-1492707892479-7bc8d5a4ee93?w=400,Accessories,TrendyBits,$75.99
B00K2BQK6K,Premium Silk Wallet,https://images.unsplash.com/photo-1492707892479-7bc8d5a4ee93?w=400,Accessories,TrendyBits,$161.99
B00W5R8SKK,Vintage Synthetic Flats,https://images.unsplash.com/photo-1542291026-7eec264c27ff?w=400,Footwear,WalkEasy,$128.99
B00KA3TXR8,Stylish Leather Sandals,https://images.unsplash.com/photo-1542291026-7eec264c27ff?w=400,Footwear,WalkEasy,$35.99
B00K73UX0M,Modern Solid Suit,https://images.unsplash.com/photo-1586790170083-2f9ceadc732d?w=400,Men's Clothing,UrbanGent,$49.99
B011PFW79K,Casual Canvas Suitcase,https://images.unsplash.com/photo-1553062407-98eeb64c6a62?w=400,Bags & Luggage,BagMaster,$153.99
B018SP060C,Designer Printed Tie,https://images.unsplash.com/photo-1492707892479-7bc8d5a4ee93?w=400,Accessories,TrendyBits,$39.99
B00S5NY7NK,Luxury Woven Brooch,https://images.unsplash.com/photo-1535632066927-ab7c9ab60908?w=400,Jewelry,LuxeJewel,$160.99
B018FZQ0X2,Classic Solid Jacket,https://images.unsplash.com/photo-1595777457583-95e059d581b8?w=400,Women's Clothing,ChicWear,$98.99
B00N2BHMV4,Modern Wool T-Shirt,https://images.unsplash.com/photo-1586790170083-2f9ceadc732d?w=400,Men's Clothing,UrbanGent,$31.99
B0120YLHCI,Designer Knit Tie,https://images.unsplash.com/photo-1492707892479-7bc8d5a4ee93?w=400,Accessories,TrendyBits,$184.99
B013EC30E8,Luxury Silk Earrings,https://images.unsplash.com/photo-1535632066927-ab7c9ab60908?w=400,Jewelry,LuxeJewel,$60.99
B01216S8E0,Classic Wool Pants,https://images.unsplash.com/photo-1595777457583-95e059d581b8?w=400,Women's Clothing,ChicWear,$51.99
B017WN4IS2,Comfortable Suede Jacket,https://images.unsplash.com/photo-1595777457583-95e059d581b8?w=400,Women's Clothing,ChicWear,$118.99
B00LEW043Q,Stylish Knit Running Shoes,https://images.unsplash.com/photo-1542291026-7eec264c27ff?w=400,Footwear,WalkEasy,$46.99
B017R7UCL0,Designer Synthetic Gloves,https://images.unsplash.com/photo-1492707892479-7bc8d5a4ee93?w=400,Accessories,TrendyBits,$45.99
B017OITYEI,Comfortable Solid Pants,https://images.unsplash.com/photo-1595777457583-95e059d581b8?w=400,Women's Clothing,ChicWear,$66.99
B00MPZNZZA,Vintage Canvas Sneakers,https://images.unsplash.com/photo-1542291026-7eec264c27ff?w=400,Footwear,WalkEasy,$147.99
B01FX9CDNY,Elegant Synthetic Pendant,https://images.unsplash.com/photo-1535632066927-ab7c9ab60908?w=400,Jewelry,LuxeJewel,$248.99
B006VH45LG,Elegant Wool Pendant,https://images.unsplash.com/photo-1535632066927-ab7c9ab60908?w=400,Jewelry,LuxeJewel,$136.99
B004Y6O9A8,Modern Canvas Jacket,https://images.unsplash.com/photo-1586790170083-2f9ceadc732d?w=400,Men's Clothing,UrbanGent,$145.99
B003EI0WKI,Classic Wool Pants,https://images.unsplash.com/photo-1595777457583-95e059d581b8?w=400,Women's Clothing,ChicWear,$101.99
B002BBE0AC,Elegant Canvas Necklace,https://images.unsplash.com/photo-1535632066927-ab7c9ab60908?w=400,Jewelry,LuxeJewel,$440.99
B0026JGG4W,Premium Woven Hat,https://images.unsplash.com/photo-1492707892479-7bc8d5a4ee93?w=400,Accessories,TrendyBits,$178.99
B01351IF20,Luxury Cotton Earrings,https://images.unsplash.com/photo-1535632066927-ab7c9ab60908?w=400,Jewelry,LuxeJewel,$380.99
B01D4LI6MA,Designer Printed Tie,https://images.unsplash.com/photo-1492707892479-7bc8d5a4ee93?w=400,Accessories,TrendyBits,$19.99
B00IEJUHSY,Vintage Canvas Flats,https://images.unsplash.com/photo-1542291026-7eec264c27ff?w=400,Footwear,WalkEasy,$160.99
B009046YFW,Comfortable Canvas Jacket,https://images.unsplash.com/photo-1595777457583-95e059d581b8?w=400,Women's Clothing,ChicWear,$103.99
B00AQAW78W,Modern Denim Suit,https://images.unsplash.com/photo-1586790170083-2f9ceadc732d?w=400,Men's Clothing,UrbanGent,$89.99
B00R0Y1MRE,Comfortable Wool Dress,https://images.unsplash.com/photo-1595777457583-95e059d581b8?w=400,Women's Clothing,ChicWear,$90.99
B00QR7FBAO,Comfortable Wool Skirt,https://images.unsplash.com/photo-1595777457583-95e059d581b8?w=400,Women's Clothing,ChicWear,$42.99
B002A6NW0W,Elegant Leather Necklace,https://images.unsplash.com/photo-1535632066927-ab7c9ab60908?w=400,Jewelry,LuxeJewel,$306.99
B00WIWCDLM,Essential Wool Messenger Bag,https://images.unsplash.com/photo-1553062407-98eeb64c6a62?w=400,Bags & Luggage,BagMaster,$207.99
B00I1B29XG,Stylish Canvas Running Shoes,https://images.unsplash.com/photo-1542291026-7eec264c27ff?w=400,Footwear,WalkEasy,$77.99
B01DW0V2OW,Essential Synthetic Crossbody,https://images.unsplash.com/photo-1553062407-98eeb64c6a62?w=400,Bags & Luggage,BagMaster,$249.99
B013ZACC52,Vintage Suede Flats,https://images.unsplash.com/photo-1542291026-7eec264c27ff?w=400,Footwear,WalkEasy,$146.99
B00BFWAWMS,Stylish Synthetic Running Shoes,https://images.unsplash.com/photo-1542291026-7eec264c27ff?w=400,Footwear,WalkEasy,$62.99
B008AT4MDO,Classic Suede Jacket,https://images.unsplash.com/photo-1595777457583-95e059d581b8?w=400,Women's Clothing,ChicWear,$48.99
B00PQ66KQQ,Comfortable Synthetic Dress,https://images.unsplash.com/photo-1595777457583-95e059d581b8?w=400,Women's Clothing,ChicWear,$35.99
B01F1XBXN8,Vintage Canvas Sneakers,https://images.unsplash.com/photo-1542291026-7eec264c27ff?w=400,Footwear,WalkEasy,$140.99
B004O42Q8C,Premium Solid Gloves,https://images.unsplash.com/photo-1492707892479-7bc8d5a4ee93?w=400,Accessories,TrendyBits,$195.99
B00YSVITUK,Casual Knit Suitcase,https://images.unsplash.com/photo-1553062407-98eeb64c6a62?w=400,Bags & Luggage,BagMaster,$249.99
B00N45XDI4,Stylish Wool Sandals,https://images.unsplash.com/photo-1542291026-7eec264c27ff?w=400,Footwear,WalkEasy,$60.99
B000LKETU6,Modern Leather T-Shirt,https://images.unsplash.com/photo-1586790170083-2f9ceadc732d?w=400,Men's Clothing,UrbanGent,$31.99
B014TK3BS4,Premium Knit Watch,https://images.unsplash.com/photo-1492707892479-7bc8d5a4ee93?w=400,Accessories,TrendyBits,$182.99
B0012N84DY,Trendy Woven Suit,https://images.unsplash.com/photo-1586790170083-2f9ceadc732d?w=400,Men's Clothing,UrbanGent,$139.99
B01E94U0L6,Stylish Canvas Running Shoes,https://images.unsplash.com/photo-1542291026-7eec264c27ff?w=400,Footwear,WalkEasy,$176.99
B00PDACJ42,Essential Denim Messenger Bag,https://images.unsplash.com/photo-1553062407-98eeb64c6a62?w=400,Bags & Luggage,BagMaster,$165.99
B006AWWSRU,Classic Knit Jacket,https://images.unsplash.com/photo-1595777457583-95e059d581b8?w=400,Women's Clothing,ChicWear,$28.99
B0017U1KBK,Designer Cotton Hat,https://images.unsplash.com/photo-1492707892479-7bc8d5a4ee93?w=400,Accessories,TrendyBits,$88.99
B00O486Y7C,Modern Synthetic Jeans,https://images.unsplash.com/photo-1586790170083-2f9ceadc732d?w=400,Men's Clothing,UrbanGent,$113.99
B01EHU2UEM,Designer Denim Gloves,https://images.unsplash.com/photo-1492707892479-7bc8d5a4ee93?w=400,Accessories,TrendyBits,$60.99
B0183JVBA2,Comfortable Synthetic Pants,https://images.unsplash.com/photo-1595777457583-95e059d581b8?w=400,Women's Clothing,ChicWear,$56.99
B017OAC30I,Designer Silk Wallet,https://images.unsplash.com/photo-1492707892479-7bc8d5a4ee93?w=400,Accessories,TrendyBits,$166.99
B00UR9K6EE,Modern Leather Suit,https://images.unsplash.com/photo-1586790170083-2f9ceadc732d?w=400,Men's Clothing,UrbanGent,$109.99
B00XTM0ZPG,Stylish Woven Running Shoes,https://images.unsplash.com/photo-1542291026-7eec264c27ff?w=400,Footwear,WalkEasy,$59.99
B01BI7B08E,Casual Silk Suitcase,https://images.unsplash.com/photo-1553062407-98eeb64c6a62?w=400,Bags & Luggage,BagMaster,$201.99
B01FLOCVRY,Casual Leather Handbag,https://images.unsplash.com/photo-1553062407-98eeb64c6a62?w=400,Bags & Luggage,BagMaster,$111.99
B00BDV9IR6,Essential Wool Crossbody,https://images.unsplash.com/photo-1553062407-98eeb64c6a62?w=400,Bags & Luggage,BagMaster,$177.99
B00E6IW35W,Stylish Solid Sandals,https://images.unsplash.com/photo-1542291026-7eec264c27ff?w=400,Footwear,WalkEasy,$101.99
B00JGKIJ6M,Designer Canvas Gloves,https://images.unsplash.com/photo-1492707892479-7bc8d5a4ee93?w=400,Accessories,TrendyBits,$45.99
B01836CRM6,Comfortable Solid Cardigan,https://images.unsplash.com/photo-1595777457583-95e059d581b8?w=400,Women's Clothing,ChicWear,$84.99
B017NT1F4A,Comfortable Denim Dress,https://images.unsplash.com/photo-1595777457583-95e059d581b8?w=400,Women's Clothing,ChicWear,$50.99
B00CF4G3UK,Designer Canvas Tie,https://images.unsplash.com/photo-1492707892479-7bc8d5a4ee93?w=400,Accessories,TrendyBits,$19.99
B01FQILW66,Designer Wool Wallet,https://images.unsplash.com/photo-1492707892479-7bc8d5a4ee93?w=400,Accessories,TrendyBits,$26.99
B00MFEAEFK,Comfortable Cotton Jacket,https://images.unsplash.com/photo-1595777457583-95e059d581b8?w=400,Women's Clothing,ChicWear,$68.99
B009RUKQ2G,Trendy Solid T-Shirt,https://images.unsplash.com/photo-1586790170083-2f9ceadc732d?w=400,Men's Clothing,UrbanGent,$81.99
B00WHUVW62,Vintage Leather Flats,https://images.unsplash.com/photo-1542291026-7eec264c27ff?w=400,Footwear,WalkEasy,$156.99
B00R6X2QDS,Stylish Solid Running Shoes,https://images.unsplash.com/photo-1542291026-7eec264c27ff?w=400,Footwear,WalkEasy,$110.99
B01ET6JOEI,Trendy Suede Suit,https://images.unsplash.com/photo-1586790170083-2f9ceadc732d?w=400,Men's Clothing,UrbanGent,$69.99
B006GTGQ9I,Casual Solid Suitcase,https://images.unsplash.com/photo-1553062407-98eeb64c6a62?w=400,Bags & Luggage,BagMaster,$159.99
B01DHS8B4I,Elegant Wool Pendant,https://images.unsplash.com/photo-1535632066927-ab7c9ab60908?w=400,Jewelry,LuxeJewel,$260.99
B01DLK2I78,Stylish Suede Running Shoes,https://images.unsplash.com/photo-1542291026-7eec264c27ff?w=400,Footwear,WalkEasy,$120.99
B00EBAAIZC,Essential Synthetic Messenger Bag,https://images.unsplash.com/photo-1553062407-98eeb64c6a62?w=400,Bags & Luggage,BagMaster,$195.99
B01CZU8PMW,Comfortable Leather Skirt,https://images.unsplash.com/photo-1595777457583-95e059d581b8?w=400,Women's Clothing,ChicWear,$42.99
B00KZ3HH0I,Stylish Denim Running Shoes,https://images.unsplash.com/photo-1542291026-7eec264c27ff?w=400,Footwear,WalkEasy,$53.99
B00MBV31BQ,Modern Leather Jeans,https://images.unsplash.com/photo-1586790170083-2f9ceadc732d?w=400,Men's Clothing,UrbanGent,$93.99
B002KPCQD2,Classic Wool Skirt,https://images.unsplash.com/photo-1595777457583-95e059d581b8?w=400,Women's Clothing,ChicWear,$92.99
B016M7WENU,Essential Silk Messenger Bag,https://images.unsplash.com/photo-1553062407-98eeb64c6a62?w=400,Bags & Luggage,BagMaster,$225.99
B01C42XSOG,Modern Synthetic Hoodie,https://images.unsplash.com/photo-1586790170083-2f9ceadc732d?w=400,Men's Clothing,UrbanGent,$37.99
B00CWEZZQ6,Premium Suede Hat,https://images.unsplash.com/photo-1492707892479-7bc8d5a4ee93?w=400,Accessories,TrendyBits,$168.99
B006987AL4,Casual Canvas Suitcase,https://images.unsplash.com/photo-1553062407-98eeb64c6a62?w=400,Bags & Luggage,BagMaster,$93.99
B00OOLF3LW,Modern Wool Jeans,https://images.unsplash.com/photo-1586790170083-2f9ceadc732d?w=400,Men's Clothing,UrbanGent,$33.99
B00GL9S9AW,Essential Cotton Crossbody,https://images.unsplash.com/photo-1553062407-98eeb64c6a62?w=400,Bags & Luggage,BagMaster,$159.99
B00GRQJQPQ,Trendy Synthetic Jeans,https://images.unsplash.com/photo-1586790170083-2f9ceadc732d?w=400,Men's Clothing,UrbanGent,$23.99
B006OHTI24,Vintage Woven Sneakers,https://images.unsplash.com/photo-1542291026-7eec264c27ff?w=400,Footwear,WalkEasy,$172.99
B00B9TX440,Elegant Wool Necklace,https://images.unsplash.com/photo-1535632066927-ab7c9ab60908?w=400,Jewelry,LuxeJewel,$434.99
B0056IUO1G,Comfortable Knit Skirt,https://images.unsplash.com/photo-1595777457583-95e059d581b8?w=400,Women's Clothing,ChicWear,$92.99
B00KFNNU5E,Luxury Woven Brooch,https://images.unsplash.com/photo-1535632066927-ab7c9ab60908?w=400,Jewelry,LuxeJewel,$432.99
B0193GWJA0,Comfortable Canvas Dress,https://images.unsplash.com/photo-1595777457583-95e059d581b8?w=400,Women's Clothing,ChicWear,$115.99
B01GZD7EXG,Trendy Silk Hoodie,https://images.unsplash.com/photo-1586790170083-2f9ceadc732d?w=400,Men's Clothing,UrbanGent,$117.99
B00H399SDQ,Casual Knit Suitcase,https://images.unsplash.com/photo-1553062407-98eeb64c6a62?w=400,Bags & Luggage,BagMaster,$165.99
B00JTXTM08,Luxury Printed Brooch,https://images.unsplash.com/photo-1535632066927-ab7c9ab60908?w=400,Jewelry,LuxeJewel,$84.99
B01GKCXCMY,Premium Solid Wallet,https://images.unsplash.com/photo-1492707892479-7bc8d5a4ee93?w=400,Accessories,TrendyBits,$51.99
B00K5MXFWS,Classic Woven Pants,https://images.unsplash.com/photo-1595777457583-95e059d581b8?w=400,Women's Clothing,ChicWear,$111.99
B01D44KVAC,Trendy Solid Suit,https://images.unsplash.com/photo-1586790170083-2f9ceadc732d?w=400,Men's Clothing,UrbanGent,$119.99
B00XL9II3S,Classic Knit Pants,https://images.unsplash.com/photo-1595777457583-95e059d581b8?w=400,Women's Clothing,ChicWear,$51.99
B00MHVFPHI,Designer Printed Watch,https://images.unsplash.com/photo-1492707892479-7bc8d5a4ee93?w=400,Accessories,TrendyBits,$167.99
B01DMX0WZY,Stylish Canvas Running Shoes,https://images.unsplash.com/photo-1542291026-7eec264c27ff?w=400,Footwear,WalkEasy,$94.99
B016Z1D3YW,Premium Canvas Gloves,https://images.unsplash.com/photo-1492707892479-7bc8d5a4ee93?w=400,Accessories,TrendyBits,$145.99
B01DPGNYFS,Trendy Leather Hoodie,https://images.unsplash.com/photo-1586790170083-2f9ceadc732d?w=400,Men's Clothing,UrbanGent,$127.99
B01ER71NHU,Luxury Cotton Brooch,https://images.unsplash.com/photo-1535632066927-ab7c9ab60908?w=400,Jewelry,LuxeJewel,$130.99
B00BQZLGZQ,Stylish Canvas Sandals,https://images.unsplash.com/photo-1542291026-7eec264c27ff?w=400,Footwear,WalkEasy,$64.99
B00UZH9UO0,Classic Printed Jacket,https://images.unsplash.com/photo-1595777457583-95e059d581b8?w=400,Women's Clothing,ChicWear,$63.99
B00AYEVU7E,Classic Leather Skirt,https://images.unsplash.com/photo-1595777457583-95e059d581b8?w=400,Women's Clothing,ChicWear,$47.99
B01E6FRAIO,Casual Synthetic Suitcase,https://images.unsplash.com/photo-1553062407-98eeb64c6a62?w=400,Bags & Luggage,BagMaster,$213.99
B01CJJK9AU,Premium Silk Hat,https://images.unsplash.com/photo-1492707892479-7bc8d5a4ee93?w=400,Accessories,TrendyBits,$183.99
B00YUSB2DC,Trendy Woven Hoodie,https://images.unsplash.com/photo-1586790170083-2f9ceadc732d?w=400,Men's Clothing,UrbanGent,$87.99
B014UVUMAM,Vintage Canvas Flats,https://images.unsplash.com/photo-1542291026-7eec264c27ff?w=400,Footwear,WalkEasy,$80.99
B000EX9O7I,Comfortable Cotton Jacket,https://images.unsplash.com/photo-1595777457583-95e059d581b8?w=400,Women's Clothing,ChicWear,$33.99
B00BMD00BI,Premium Synthetic Gloves,https://images.unsplash.com/photo-1492707892479-7bc8d5a4ee93?w=400,Accessories,TrendyBits,$155.99
B00CY5J316,Designer Printed Watch,https://images.unsplash.com/photo-1492707892479-7bc8d5a4ee93?w=400,Accessories,TrendyBits,$62.99
B017PH09G0,Trendy Canvas Hoodie,https://images.unsplash.com/photo-1586790170083-2f9ceadc732d?w=400,Men's Clothing,UrbanGent,$107.99
B000HBH29E,Trendy Knit Jacket,https://images.unsplash.com/photo-1586790170083-2f9ceadc732d?w=400,Men's Clothing,UrbanGent,$25.99
B01BI7EI5G,Trendy Wool Jeans,https://images.unsplash.com/photo-1586790170083-2f9ceadc732d?w=400,Men's Clothing,UrbanGent,$53.99
B00PQX5M5Y,Vintage Leather Sneakers,https://images.unsplash.com/photo-1542291026-7eec264c27ff?w=400,Footwear,WalkEasy,$121.99
B00K34QQ42,Elegant Cotton Pendant,https://images.unsplash.com/photo-1535632066927-ab7c9ab60908?w=400,Jewelry,LuxeJewel,$302.99
B01D3X9VMI,Trendy Silk Hoodie,https://images.unsplash.com/photo-1586790170083-2f9ceadc732d?w=400,Men's Clothing,UrbanGent,$47.99
B01CVJJ6LG,Essential Solid Crossbody,https://images.unsplash.com/photo-1553062407-98eeb64c6a62?w=400,Bags & Luggage,BagMaster,$105.99
B01A6F6VOM,Luxury Knit Brooch,https://images.unsplash.com/photo-1535632066927-ab7c9ab60908?w=400,Jewelry,LuxeJewel,$66.99
B014ULXXI0,Elegant Cotton Pendant,https://images.unsplash.com/photo-1535632066927-ab7c9ab60908?w=400,Jewelry,LuxeJewel,$76.99
B01DWL3K4Q,Premium Cotton Gloves,https://images.unsplash.com/photo-1492707892479-7bc8d5a4ee93?w=400,Accessories,TrendyBits,$90.99
B00N593M3A,Trendy Cotton T-Shirt,https://images.unsplash.com/photo-1586790170083-2f9ceadc732d?w=400,Men's Clothing,UrbanGent,$81.99
B00TY5W31G,Classic Leather Jacket,https://images.unsplash.com/photo-1595777457583-95e059d581b8?w=400,Women's Clothing,ChicWear,$43.99
B00VXNZWRO,Designer Knit Watch,https://images.unsplash.com/photo-1492707892479-7bc8d5a4ee93?w=400,Accessories,TrendyBits,$122.99
B00YGDOQ4I,Premium Printed Hat,https://images.unsplash.com/photo-1492707892479-7bc8d5a4ee93?w=400,Accessories,TrendyBits,$93.99
B01DM4VNSI,Stylish Printed Sandals,https://images.unsplash.com/photo-1542291026-7eec264c27ff?w=400,Footwear,WalkEasy,$108.99
B01CSVI7IA,Classic Knit Pants,https://images.unsplash.com/photo-1595777457583-95e059d581b8?w=400,Women's Clothing,ChicWear,$36.99
B01C4VBBSW,Luxury Wool Brooch,https://images.unsplash.com/photo-1535632066927-ab7c9ab60908?w=400,Jewelry,LuxeJewel,$416.99
B007BHXBQ0,Trendy Denim T-Shirt,https://images.unsplash.com/photo-1586790170083-2f9ceadc732d?w=400,Men's Clothing,UrbanGent,$61.99
B00KY55ON4,Casual Denim Handbag,https://images.unsplash.com/photo-1553062407-98eeb64c6a62?w=400,Bags & Luggage,BagMaster,$183.99
B00L7O1M82,Casual Wool Suitcase,https://images.unsplash.com/photo-1553062407-98eeb64c6a62?w=400,Bags & Luggage,BagMaster,$105.99
B013I4ODKC,Essential Synthetic Messenger Bag,https://images.unsplash.com/photo-1553062407-98eeb64c6a62?w=400,Bags & Luggage,BagMaster,$99.99
B014HYO70I,Classic Silk Pants,https://images.unsplash.com/photo-1595777457583-95e059d581b8?w=400,Women's Clothing,ChicWear,$46.99
B00YUEIX9M,Vintage Silk Sneakers,https://images.unsplash.com/photo-1542291026-7eec264c27ff?w=400,Footwear,WalkEasy,$62.99
B00JQW7OCA,Casual Leather Suitcase,https://images.unsplash.com/photo-1553062407-98eeb64c6a62?w=400,Bags & Luggage,BagMaster,$93.99
B006QL7N5C,Vintage Cotton Sneakers,https://images.unsplash.com/photo-1542291026-7eec264c27ff?w=400,Footwear,WalkEasy,$101.99
B00STVDWHK,Trendy Wool Jacket,https://images.unsplash.com/photo-1586790170083-2f9ceadc732d?w=400,Men's Clothing,UrbanGent,$25.99
B00BYEAC0O,Classic Synthetic Cardigan,https://images.unsplash.com/photo-1595777457583-95e059d581b8?w=400,Women's Clothing,ChicWear,$49.99
B00HXGKD10,Luxury Printed Earrings,https://images.unsplash.com/photo-1535632066927-ab7c9ab60908?w=400,Jewelry,LuxeJewel,$322.99
B00N2DP9BC,Comfortable Knit Cardigan,https://images.unsplash.com/photo-1595777457583-95e059d581b8?w=400,Women's Clothing,ChicWear,$69.99
B01H3IFGNM,Elegant Woven Pendant,https://images.unsplash.com/photo-1535632066927-ab7c9ab60908?w=400,Jewelry,LuxeJewel,$54.99
B00Z972Y94,Designer Leather Hat,https://images.unsplash.com/photo-1492707892479-7bc8d5a4ee93?w=400,Accessories,TrendyBits,$118.99
B0170WTIXU,Stylish Silk Sandals,https://images.unsplash.com/photo-1542291026-7eec264c27ff?w=400,Footwear,WalkEasy,$57.99
B00HE49SNA,Elegant Suede Pendant,https://images.unsplash.com/photo-1535632066927-ab7c9ab60908?w=400,Jewelry,LuxeJewel,$362.99
B00NBLHA62,Classic Woven Dress,https://images.unsplash.com/photo-1595777457583-95e059d581b8?w=400,Women's Clothing,ChicWear,$50.99
B009T3SNZS,Premium Knit Watch,https://images.unsplash.com/photo-1492707892479-7bc8d5a4ee93?w=400,Accessories,TrendyBits,$182.99
B004R90DTI,Essential Wool Messenger Bag,https://images.unsplash.com/photo-1553062407-98eeb64c6a62?w=400,Bags & Luggage,BagMaster,$147.99
B01BTLLIH2,Classic Woven Cardigan,https://images.unsplash.com/photo-1595777457583-95e059d581b8?w=400,Women's Clothing,ChicWear,$39.99
B01HGKHZBS,Elegant Canvas Necklace,https://images.unsplash.com/photo-1535632066927-ab7c9ab60908?w=400,Jewelry,LuxeJewel,$46.99
B01AY3C3MU,Luxury Printed Brooch,https://images.unsplash.com/photo-1535632066927-ab7c9ab60908?w=400,Jewelry,LuxeJewel,$188.99
B00NEQWWJY,Comfortable Woven Pants,https://images.unsplash.com/photo-1595777457583-95e059d581b8?w=400,Women's Clothing,ChicWear,$81.99
B01DOKB2HC,Casual Cotton Handbag,https://images.unsplash.com/photo-1553062407-98eeb64c6a62?w=400,Bags & Luggage,BagMaster,$201.99
B00CHXTHCU,Modern Synthetic Hoodie,https://images.unsplash.com/photo-1586790170083-2f9ceadc732d?w=400,Men's Clothing,UrbanGent,$87.99
B00UHGW7GC,Trendy Suede T-Shirt,https://images.unsplash.com/photo-1586790170083-2f9ceadc732d?w=400,Men's Clothing,UrbanGent,$51.99
B00O2Q7EO8,Elegant Suede Pendant,https://images.unsplash.com/photo-1535632066927-ab7c9ab60908?w=400,Jewelry,LuxeJewel,$344.99
B007S1QGCU,Designer Printed Tie,https://images.unsplash.com/photo-1492707892479-7bc8d5a4ee93?w=400,Accessories,TrendyBits,$69.99
B00CIGY3CK,Premium Wool Gloves,https://images.unsplash.com/photo-1492707892479-7bc8d5a4ee93?w=400,Accessories,TrendyBits,$115.99
B016XG4FBE,Classic Knit Skirt,https://images.unsplash.com/photo-1595777457583-95e059d581b8?w=400,Women's Clothing,ChicWear,$27.99
B00HC720MK,Vintage Woven Flats,https://images.unsplash.com/photo-1542291026-7eec264c27ff?w=400,Footwear,WalkEasy,$102.99
B009045SIQ,Luxury Denim Brooch,https://images.unsplash.com/photo-1535632066927-ab7c9ab60908?w=400,Jewelry,LuxeJewel,$364.99
B004O4FFFS,Casual Knit Handbag,https://images.unsplash.com/photo-1553062407-98eeb64c6a62?w=400,Bags & Luggage,BagMaster,$111.99
B008I0FEGE,Stylish Wool Sandals,https://images.unsplash.com/photo-1542291026-7eec264c27ff?w=400,Footwear,WalkEasy,$83.99
B0188U8O4M,Essential Knit Crossbody,https://images.unsplash.com/photo-1553062407-98eeb64c6a62?w=400,Bags & Luggage,BagMaster,$207.99
B017AJO2NY,Casual Knit Suitcase,https://images.unsplash.com/photo-1553062407-98eeb64c6a62?w=400,Bags & Luggage,BagMaster,$249.99
B00QTNXEUA,Classic Synthetic Pants,https://images.unsplash.com/photo-1595777457583-95e059d581b8?w=400,Women's Clothing,ChicWear,$116.99
B00C453N4E,Modern Suede Hoodie,https://images.unsplash.com/photo-1586790170083-2f9ceadc732d?w=400,Men's Clothing,UrbanGent,$137.99
B00CYZHNYA,Designer Printed Watch,https://images.unsplash.com/photo-1492707892479-7bc8d5a4ee93?w=400,Accessories,TrendyBits,$182.99
B01AQCQOT2,Elegant Synthetic Necklace,https://images.unsplash.com/photo-1535632066927-ab7c9ab60908?w=400,Jewelry,LuxeJewel,$120.99
B01D2JAJWO,Designer Denim Hat,https://images.unsplash.com/photo-1492707892479-7bc8d5a4ee93?w=400,Accessories,TrendyBits,$73.99
B00P79C87C,Elegant Canvas Pendant,https://images.unsplash.com/photo-1535632066927-ab7c9ab60908?w=400,Jewelry,LuxeJewel,$424.99
B00SOFGGQ0,Trendy Synthetic Jacket,https://images.unsplash.com/photo-1586790170083-2f9ceadc732d?w=400,Men's Clothing,UrbanGent,$75.99
B015K2W5DM,Comfortable Woven Pants,https://images.unsplash.com/photo-1595777457583-95e059d581b8?w=400,Women's Clothing,ChicWear,$31.99
B00MOFEIKW,Vintage Knit Sneakers,https://images.unsplash.com/photo-1542291026-7eec264c27ff?w=400,Footwear,WalkEasy,$75.99
B00E9B62WG,Comfortable Cotton Cardigan,https://images.unsplash.com/photo-1595777457583-95e059d581b8?w=400,Women's Clothing,ChicWear,$114.99
B015M2EY7U,Designer Suede Gloves,https://images.unsplash.com/photo-1492707892479-7bc8d5a4ee93?w=400,Accessories,TrendyBits,$65.99
B011HTU480,Trendy Synthetic Jeans,https://images.unsplash.com/photo-1586790170083-2f9ceadc732d?w=400,Men's Clothing,UrbanGent,$103.99
B01CRUZVNQ,Modern Denim Jacket,https://images.unsplash.com/photo-1586790170083-2f9ceadc732d?w=400,Men's Clothing,UrbanGent,$125.99
B01GHO0P7U,Essential Leather Crossbody,https://images.unsplash.com/photo-1553062407-98eeb64c6a62?w=400,Bags & Luggage,BagMaster,$141.99
B00HN7OENM,Comfortable Synthetic Pants,https://images.unsplash.com/photo-1595777457583-95e059d581b8?w=400,Women's Clothing,ChicWear,$36.99
B010HPFVE2,Premium Silk Wallet,https://images.unsplash.com/photo-1492707892479-7bc8d5a4ee93?w=400,Accessories,TrendyBits,$101.99
B00O28VG18,Trendy Silk Jeans,https://images.unsplash.com/photo-1586790170083-2f9ceadc732d?w=400,Men's Clothing,UrbanGent,$113.99
B00IRJ5QEG,Premium Synthetic Wallet,https://images.unsplash.com/photo-1492707892479-7bc8d5a4ee93?w=400,Accessories,TrendyBits,$176.99
B00X1KDIVO,Premium Synthetic Tie,https://images.unsplash.com/photo-1492707892479-7bc8d5a4ee93?w=400,Accessories,TrendyBits,$174.99
B01CHXGJWU,Stylish Wool Running Shoes,https://images.unsplash.com/photo-1542291026-7eec264c27ff?w=400,Footwear,WalkEasy,$47.99
B00TR48RVY,Stylish Denim Running Shoes,https://images.unsplash.com/photo-1542291026-7eec264c27ff?w=400,Footwear,WalkEasy,$123.99
B00BKNP6F0,Casual Printed Handbag,https://images.unsplash.com/photo-1553062407-98eeb64c6a62?w=400,Bags & Luggage,BagMaster,$87.99
B01EM5R682,Essential Canvas Messenger Bag,https://images.unsplash.com/photo-1553062407-98eeb64c6a62?w=400,Bags & Luggage,BagMaster,$183.99
B008YGDC0C,Designer Knit Tie,https://images.unsplash.com/photo-1492707892479-7bc8d5a4ee93?w=400,Accessories,TrendyBits,$99.99
B001TJ8AS0,Comfortable Silk Skirt,https://images.unsplash.com/photo-1595777457583-95e059d581b8?w=400,Women's Clothing,ChicWear,$32.99
B017OAC0DI,Vintage Denim Sneakers,https://images.unsplash.com/photo-1542291026-7eec264c27ff?w=400,Footwear,WalkEasy,$164.99
B019PIO1OI,Comfortable Synthetic Jacket,https://images.unsplash.com/photo-1595777457583-95e059d581b8?w=400,Women's Clothing,ChicWear,$38.99
B01EZHW85I,Designer Knit Watch,https://images.unsplash.com/photo-1492707892479-7bc8d5a4ee93?w=400,Accessories,TrendyBits,$97.99
B00WNESV98,Stylish Denim Running Shoes,https://images.unsplash.com/photo-1542291026-7eec264c27ff?w=400,Footwear,WalkEasy,$66.99
B01A0RNT1E,Classic Canvas Pants,https://images.unsplash.com/photo-1595777457583-95e059d581b8?w=400,Women's Clothing,ChicWear,$111.99
B00ANK3UAE,Trendy Woven Jeans,https://images.unsplash.com/photo-1586790170083-2f9ceadc732d?w=400,Men's Clothing,UrbanGent,$53.99
B00A7YVSJ6,Comfortable Knit Jacket,https://images.unsplash.com/photo-1595777457583-95e059d581b8?w=400,Women's Clothing,ChicWear,$68.99
B01588RMOK,Vintage Wool Sneakers,https://images.unsplash.com/photo-1542291026-7eec264c27ff?w=400,Footwear,WalkEasy,$81.99
B004M489Z8,Essential Leather Crossbody,https://images.unsplash.com/photo-1553062407-98eeb64c6a62?w=400,Bags & Luggage,BagMaster,$171.99
B00T5DNTCO,Trendy Denim T-Shirt,https://images.unsplash.com/photo-1586790170083-2f9ceadc732d?w=400,Men's Clothing,UrbanGent,$141.99
B002VJT8HY,Casual Synthetic Suitcase,https://images.unsplash.com/photo-1553062407-98eeb64c6a62?w=400,Bags & Luggage,BagMaster,$231.99
B01AGB5D68,Comfortable Canvas Dress,https://images.unsplash.com/photo-1595777457583-95e059d581b8?w=400,Women's Clothing,ChicWear,$70.99
B017FYYUKO,Designer Printed Watch,https://images.unsplash.com/photo-1492707892479-7bc8d5a4ee93?w=400,Accessories,TrendyBits,$27.99
B00EA8E0TK,Luxury Cotton Brooch,https://images.unsplash.com/photo-1535632066927-ab7c9ab60908?w=400,Jewelry,LuxeJewel,$286.99
B00IE3JZB0,Vintage Silk Sneakers,https://images.unsplash.com/photo-1542291026-7eec264c27ff?w=400,Footwear,WalkEasy,$174.99
B00M1ZXUR2,Modern Denim Jacket,https://images.unsplash.com/photo-1586790170083-2f9ceadc732d?w=400,Men's Clothing,UrbanGent,$85.99
B00PIAVWA4,Vintage Canvas Sneakers,https://images.unsplash.com/photo-1542291026-7eec264c27ff?w=400,Footwear,WalkEasy,$105.99
B00D11CGVQ,Modern Cotton Jacket,https://images.unsplash.com/photo-1586790170083-2f9ceadc732d?w=400,Men's Clothing,UrbanGent,$45.99
B01E9S10VQ,Luxury Suede Earrings,https://images.unsplash.com/photo-1535632066927-ab7c9ab60908?w=400,Jewelry,LuxeJewel,$164.99
B001KHINJW,Modern Canvas Hoodie,https://images.unsplash.com/photo-1586790170083-2f9ceadc732d?w=400,Men's Clothing,UrbanGent,$57.99
B01FVEWC8M,Casual Denim Suitcase,https://images.unsplash.com/photo-1553062407-98eeb64c6a62?w=400,Bags & Luggage,BagMaster,$153.99
B00E9MVH4S,Comfortable Synthetic Jacket,https://images.unsplash.com/photo-1595777457583-95e059d581b8?w=400,Women's Clothing,ChicWear,$93.99
B00KVMNH3O,Designer Silk Hat,https://images.unsplash.com/photo-1492707892479-7bc8d5a4ee93?w=400,Accessories,TrendyBits,$178.99
B013USYCPC,Trendy Wool Suit,https://images.unsplash.com/photo-1586790170083-2f9ceadc732d?w=400,Men's Clothing,UrbanGent,$129.99
B01EXAVCXG,Casual Wool Suitcase,https://images.unsplash.com/photo-1553062407-98eeb64c6a62?w=400,Bags & Luggage,BagMaster,$153.99
B013EXSPQA,Vintage Knit Sneakers,https://images.unsplash.com/photo-1542291026-7eec264c27ff?w=400,Footwear,WalkEasy,$50.99
B018TTPHOC,Comfortable Synthetic Dress,https://images.unsplash.com/photo-1595777457583-95e059d581b8?w=400,Women's Clothing,ChicWear,$80.99
B00GLHLMVM,Comfortable Printed Skirt,https://images.unsplash.com/photo-1595777457583-95e059d581b8?w=400,Women's Clothing,ChicWear,$47.99
B00BC4IR0I,Designer Knit Gloves,https://images.unsplash.com/photo-1492707892479-7bc8d5a4ee93?w=400,Accessories,TrendyBits,$115.99
B01E5GNWMW,Classic Printed Dress,https://images.unsplash.com/photo-1595777457583-95e059d581b8?w=400,Women's Clothing,ChicWear,$100.99
B00WSCSGFY,Comfortable Suede Jacket,https://images.unsplash.com/photo-1595777457583-95e059d581b8?w=400,Women's Clothing,ChicWear,$53.99
B00CTIL8NY,Elegant Canvas Pendant,https://images.unsplash.com/photo-1535632066927-ab7c9ab60908?w=400,Jewelry,LuxeJewel,$486.99
B00NGUFBIW,Luxury Knit Earrings,https://images.unsplash.com/photo-1535632066927-ab7c9ab60908?w=400,Jewelry,LuxeJewel,$456.99
B00LNBWC42,Luxury Wool Brooch,https://images.unsplash.com/photo-1535632066927-ab7c9ab60908?w=400,Jewelry,LuxeJewel,$66.99
B01HGIDX5M,Comfortable Suede Pants,https://images.unsplash.com/photo-1595777457583-95e059d581b8?w=400,Women's Clothing,ChicWear,$56.99
B00PJIO5PO,Comfortable Suede Pants,https://images.unsplash.com/photo-1595777457583-95e059d581b8?w=400,Women's Clothing,ChicWear,$106.99
B017NNHUOU,Stylish Wool Running Shoes,https://images.unsplash.com/photo-1542291026-7eec264c27ff?w=400,Footwear,WalkEasy,$72.99
B00MUG2Z3M,Elegant Leather Pendant,https://images.unsplash.com/photo-1535632066927-ab7c9ab60908?w=400,Jewelry,LuxeJewel,$356.99
B01GLDMDOK,Modern Synthetic Suit,https://images.unsplash.com/photo-1586790170083-2f9ceadc732d?w=400,Men's Clothing,UrbanGent,$149.99
B01DISNIQI,Comfortable Woven Dress,https://images.unsplash.com/photo-1595777457583-95e059d581b8?w=400,Women's Clothing,ChicWear,$85.99
B00SMC3D7K,Luxury Cotton Earrings,https://images.unsplash.com/photo-1535632066927-ab7c9ab60908?w=400,Jewelry,LuxeJewel,$334.99
B010SQQQPS,Luxury Denim Earrings,https://images.unsplash.com/photo-1535632066927-ab7c9ab60908?w=400,Jewelry,LuxeJewel,$108.99
B017TMJAH0,Casual Knit Handbag,https://images.unsplash.com/photo-1553062407-98eeb64c6a62?w=400,Bags & Luggage,BagMaster,$93.99
B00JPRC8I6,Premium Cotton Gloves,https://images.unsplash.com/photo-1492707892479-7bc8d5a4ee93?w=400,Accessories,TrendyBits,$150.99
B015DZWIUQ,Luxury Printed Brooch,https://images.unsplash.com/photo-1535632066927-ab7c9ab60908?w=400,Jewelry,LuxeJewel,$190.99
B013WKPWCA,Essential Cotton Crossbody,https://images.unsplash.com/photo-1553062407-98eeb64c6a62?w=400,Bags & Luggage,BagMaster,$111.99
B005CD3AH0,Stylish Cotton Sandals,https://images.unsplash.com/photo-1542291026-7eec264c27ff?w=400,Footwear,WalkEasy,$72.99
B00TY602V8,Modern Canvas Suit,https://images.unsplash.com/photo-1586790170083-2f9ceadc732d?w=400,Men's Clothing,UrbanGent,$139.99
B010MFKWSC,Classic Denim Dress,https://images.unsplash.com/photo-1595777457583-95e059d581b8?w=400,Women's Clothing,ChicWear,$115.99
B01BO2Z2IM,Luxury Silk Earrings,https://images.unsplash.com/photo-1535632066927-ab7c9ab60908?w=400,Jewelry,LuxeJewel,$220.99
B005DFOBIE,Premium Canvas Hat,https://images.unsplash.com/photo-1492707892479-7bc8d5a4ee93?w=400,Accessories,TrendyBits,$188.99
B00Y3TSQ14,Luxury Canvas Brooch,https://images.unsplash.com/photo-1535632066927-ab7c9ab60908?w=400,Jewelry,LuxeJewel,$120.99
B01DJLM4FU,Essential Solid Messenger Bag,https://images.unsplash.com/photo-1553062407-98eeb64c6a62?w=400,Bags & Luggage,BagMaster,$75.99
B00AFY7ESW,Premium Synthetic Watch,https://images.unsplash.com/photo-1492707892479-7bc8d5a4ee93?w=400,Accessories,TrendyBits,$87.99
B01352VGHA,Vintage Printed Sneakers,https://images.unsplash.com/photo-1542291026-7eec264c27ff?w=400,Footwear,WalkEasy,$91.99
B005JB8LFQ,Essential Woven Messenger Bag,https://images.unsplash.com/photo-1553062407-98eeb64c6a62?w=400,Bags & Luggage,BagMaster,$195.99
B00JGBDLXW,Modern Canvas Hoodie,https://images.unsplash.com/photo-1586790170083-2f9ceadc732d?w=400,Men's Clothing,UrbanGent,$27.99
B01BWTH4KG,Luxury Wool Earrings,https://images.unsplash.com/photo-1535632066927-ab7c9ab60908?w=400,Jewelry,LuxeJewel,$148.99
B00N3GTTSC,Classic Cotton Pants,https://images.unsplash.com/photo-1595777457583-95e059d581b8?w=400,Women's Clothing,ChicWear,$36.99
B00VIOUBAQ,Elegant Canvas Pendant,https://images.unsplash.com/photo-1535632066927-ab7c9ab60908?w=400,Jewelry,LuxeJewel,$278.99
B019K65YJG,Modern Cotton Jeans,https://images.unsplash.com/photo-1586790170083-2f9ceadc732d?w=400,Men's Clothing,UrbanGent,$33.99
B00DH6LY90,Classic Cotton Skirt,https://images.unsplash.com/photo-1595777457583-95e059d581b8?w=400,Women's Clothing,ChicWear,$107.99
B00A026BTC,Vintage Knit Flats,https://images.unsplash.com/photo-1542291026-7eec264c27ff?w=400,Footwear,WalkEasy,$75.99
B0140IMTLK,Premium Cotton Wallet,https://images.unsplash.com/photo-1492707892479-7bc8d5a4ee93?w=400,Accessories,TrendyBits,$181.99
B017KKD6VC,Modern Suede Jacket,https://images.unsplash.com/photo-1586790170083-2f9ceadc732d?w=400,Men's Clothing,UrbanGent,$45.99
B00SSYV1AI,Elegant Cotton Necklace,https://images.unsplash.com/photo-1535632066927-ab7c9ab60908?w=400,Jewelry,LuxeJewel,$258.99
B00N8Q3JTM,Stylish Canvas Sandals,https://images.unsplash.com/photo-1542291026-7eec264c27ff?w=400,Footwear,WalkEasy,$172.99
B000UJA696,Luxury Woven Earrings,https://images.unsplash.com/photo-1535632066927-ab7c9ab60908?w=400,Jewelry,LuxeJewel,$472.99
B00JXH7RLQ,Modern Denim T-Shirt,https://images.unsplash.com/photo-1586790170083-2f9ceadc732d?w=400,Men's Clothing,UrbanGent,$61.99
B01B4RWOB0,Casual Printed Handbag,https://images.unsplash.com/photo-1553062407-98eeb64c6a62?w=400,Bags & Luggage,BagMaster,$159.99
B00QWNIP3S,Modern Suede Hoodie,https://images.unsplash.com/photo-1586790170083-2f9ceadc732d?w=400,Men's Clothing,UrbanGent,$97.99
B01C72ON2O,Elegant Canvas Pendant,https://images.unsplash.com/photo-1535632066927-ab7c9ab60908?w=400,Jewelry,LuxeJewel,$466.99
B00GOCDFB4,Premium Cotton Gloves,https://images.unsplash.com/photo-1492707892479-7bc8d5a4ee93?w=400,Accessories,TrendyBits,$40.99
B00P0BBUDU,Comfortable Canvas Dress,https://images.unsplash.com/photo-1595777457583-95e059d581b8?w=400,Women's Clothing,ChicWear,$55.99
B00W1GA92K,Premium Woven Hat,https://images.unsplash.com/photo-1492707892479-7bc8d5a4ee93?w=400,Accessories,TrendyBits,$18.99
B00M1E9O2S,Trendy Synthetic T-Shirt,https://images.unsplash.com/photo-1586790170083-2f9ceadc732d?w=400,Men's Clothing,UrbanGent,$41.99
B00BLSX1FQ,Classic Printed Dress,https://images.unsplash.com/photo-1595777457583-95e059d581b8?w=400,Women's Clothing,ChicWear,$55.99
B0154PRE0E,Essential Knit Messenger Bag,https://images.unsplash.com/photo-1553062407-98eeb64c6a62?w=400,Bags & Luggage,BagMaster,$195.99
B001874V68,Casual Denim Handbag,https://images.unsplash.com/photo-1553062407-98eeb64c6a62?w=400,Bags & Luggage,BagMaster,$147.99
B00C9F9ACS,Luxury Denim Earrings,https://images.unsplash.com/photo-1535632066927-ab7c9ab60908?w=400,Jewelry,LuxeJewel,$348.99
B000HQ4P9O,Modern Suede T-Shirt,https://images.unsplash.com/photo-1586790170083-2f9ceadc732d?w=400,Men's Clothing,UrbanGent,$131.99
B010QNFA14,Trendy Silk Jeans,https://images.unsplash.com/photo-1586790170083-2f9ceadc732d?w=400,Men's Clothing,UrbanGent,$53.99
B00V0FO1PO,Elegant Synthetic Necklace,https://images.unsplash.com/photo-1535632066927-ab7c9ab60908?w=400,Jewelry,LuxeJewel,$102.99
B00NLOCADW,Modern Silk Jacket,https://images.unsplash.com/photo-1586790170083-2f9ceadc732d?w=400,Men's Clothing,UrbanGent,$125.99
B0186TVLOA,Essential Knit Messenger Bag,https://images.unsplash.com/photo-1553062407-98eeb64c6a62?w=400,Bags & Luggage,BagMaster,$117.99
B017VON5ZO,Premium Solid Tie,https://images.unsplash.com/photo-1492707892479-7bc8d5a4ee93?w=400,Accessories,TrendyBits,$49.99
B01GPL92LA,Modern Knit Jacket,https://images.unsplash.com/photo-1586790170083-2f9ceadc732d?w=400,Men's Clothing,UrbanGent,$55.99
B00DM2OI60,Vintage Knit Sneakers,https://images.unsplash.com/photo-1542291026-7eec264c27ff?w=400,Footwear,WalkEasy,$93.99
B00H54IQXW,Casual Wool Suitcase,https://images.unsplash.com/photo-1553062407-98eeb64c6a62?w=400,Bags & Luggage,BagMaster,$93.99
B00MRMIPWO,Classic Suede Dress,https://images.unsplash.com/photo-1595777457583-95e059d581b8?w=400,Women's Clothing,ChicWear,$70.99
B00J8LNK5Y,Casual Knit Suitcase,https://images.unsplash.com/photo-1553062407-98eeb64c6a62?w=400,Bags & Luggage,BagMaster,$171.99
B00VE53MN2,Luxury Synthetic Brooch,https://images.unsplash.com/photo-1535632066927-ab7c9ab60908?w=400,Jewelry,LuxeJewel,$282.99
B00JLOEXMC,Modern Synthetic Hoodie,https://images.unsplash.com/photo-1586790170083-2f9ceadc732d?w=400,Men's Clothing,UrbanGent,$27.99
B00JQ36X9O,Modern Leather Suit,https://images.unsplash.com/photo-1586790170083-2f9ceadc732d?w=400,Men's Clothing,UrbanGent,$29.99
B00DB8DWY4,Designer Leather Tie,https://images.unsplash.com/photo-1492707892479-7bc8d5a4ee93?w=400,Accessories,TrendyBits,$174.99
B00PR1GGVO,Trendy Woven Hoodie,https://images.unsplash.com/photo-1586790170083-2f9ceadc732d?w=400,Men's Clothing,UrbanGent,$77.99
B01BAOTGAE,Essential Woven Messenger Bag,https://images.unsplash.com/photo-1553062407-98eeb64c6a62?w=400,Bags & Luggage,BagMaster,$69.99
B00UAPGBPI,Premium Leather Wallet,https://images.unsplash.com/photo-1492707892479-7bc8d5a4ee93?w=400,Accessories,TrendyBits,$66.99
B006W4J3CE,Essential Knit Crossbody,https://images.unsplash.com/photo-1553062407-98eeb64c6a62?w=400,Bags & Luggage,BagMaster,$231.99
B0195KE7CW,Stylish Silk Sandals,https://images.unsplash.com/photo-1542291026-7eec264c27ff?w=400,Footwear,WalkEasy,$122.99
B00A0GGKJ4,Elegant Wool Necklace,https://images.unsplash.com/photo-1535632066927-ab7c9ab60908?w=400,Jewelry,LuxeJewel,$266.99
B00V8SSWXK,Casual Knit Suitcase,https://images.unsplash.com/photo-1553062407-98eeb64c6a62?w=400,Bags & Luggage,BagMaster,$165.99
B010LWUNFS,Luxury Knit Earrings,https://images.unsplash.com/photo-1535632066927-ab7c9ab60908?w=400,Jewelry,LuxeJewel,$494.99
B00SODKB86,Luxury Leather Brooch,https://images.unsplash.com/photo-1535632066927-ab7c9ab60908?w=400,Jewelry,LuxeJewel,$250.99
B00Z89UTPO,Luxury Cotton Earrings,https://images.unsplash.com/photo-1535632066927-ab7c9ab60908?w=400,Jewelry,LuxeJewel,$430.99
B00X69GNV2,Stylish Woven Running Shoes,https://images.unsplash.com/photo-1542291026-7eec264c27ff?w=400,Footwear,WalkEasy,$117.99
B00U2W045W,Classic Leather Skirt,https://images.unsplash.com/photo-1595777457583-95e059d581b8?w=400,Women's Clothing,ChicWear,$87.99
B013XWWY14,Modern Printed Jeans,https://images.unsplash.com/photo-1586790170083-2f9ceadc732d?w=400,Men's Clothing,UrbanGent,$93.99
B00F01KCMU,Comfortable Solid Dress,https://images.unsplash.com/photo-1595777457583-95e059d581b8?w=400,Women's Clothing,ChicWear,$55.99
B00VHEBV10,Casual Wool Suitcase,https://images.unsplash.com/photo-1553062407-98eeb64c6a62?w=400,Bags & Luggage,BagMaster,$243.99
B00PRB2EYW,Premium Denim Watch,https://images.unsplash.com/photo-1492707892479-7bc8d5a4ee93?w=400,Accessories,TrendyBits,$87.99
B0114CX0ZE,Elegant Printed Pendant,https://images.unsplash.com/photo-1535632066927-ab7c9ab60908?w=400,Jewelry,LuxeJewel,$92.99
B0079Q71AU,Modern Woven Jacket,https://images.unsplash.com/photo-1586790170083-2f9ceadc732d?w=400,Men's Clothing,UrbanGent,$65.99
B00N8FJGI6,Designer Suede Watch,https://images.unsplash.com/photo-1492707892479-7bc8d5a4ee93?w=400,Accessories,TrendyBits,$187.99
B01FY9M3E2,Vintage Cotton Sneakers,https://images.unsplash.com/photo-1542291026-7eec264c27ff?w=400,Footwear,WalkEasy,$153.99
B00GQ4MMXW,Premium Suede Gloves,https://images.unsplash.com/photo-1492707892479-7bc8d5a4ee93?w=400,Accessories,TrendyBits,$85.99
B005ZUH19I,Elegant Leather Pendant,https://images.unsplash.com/photo-1535632066927-ab7c9ab60908?w=400,Jewelry,LuxeJewel,$246.99
B00H03D624,Elegant Solid Pendant,https://images.unsplash.com/photo-1535632066927-ab7c9ab60908?w=400,Jewelry,LuxeJewel,$272.99
B00DR5V8E2,Modern Canvas Jeans,https://images.unsplash.com/photo-1586790170083-2f9ceadc732d?w=400,Men's Clothing,UrbanGent,$63.99
B00KW4KR66,Designer Silk Tie,https://images.unsplash.com/photo-1492707892479-7bc8d5a4ee93?w=400,Accessories,TrendyBits,$84.99
B00K1KZ7X4,Elegant Cotton Necklace,https://images.unsplash.com/photo-1535632066927-ab7c9ab60908?w=400,Jewelry,LuxeJewel,$408.99
B014VMLIT4,Classic Leather Jacket,https://images.unsplash.com/photo-1595777457583-95e059d581b8?w=400,Women's Clothing,ChicWear,$103.99
B00CZ5067A,Stylish Canvas Running Shoes,https://images.unsplash.com/photo-1542291026-7eec264c27ff?w=400,Footwear,WalkEasy,$154.99
B00BSE5S9A,Stylish Denim Sandals,https://images.unsplash.com/photo-1542291026-7eec264c27ff?w=400,Footwear,WalkEasy,$103.99
B01485ZG7O,Luxury Canvas Earrings,https://images.unsplash.com/photo-1535632066927-ab7c9ab60908?w=400,Jewelry,LuxeJewel,$318.99
B00M1E85IC,Designer Synthetic Gloves,https://images.unsplash.com/photo-1492707892479-7bc8d5a4ee93?w=400,Accessories,TrendyBits,$60.99
B001WQKYM0,Trendy Printed Suit,https://images.unsplash.com/photo-1586790170083-2f9ceadc732d?w=400,Men's Clothing,UrbanGent,$119.99
B00EFJJSWI,Elegant Denim Necklace,https://images.unsplash.com/photo-1535632066927-ab7c9ab60908?w=400,Jewelry,LuxeJewel,$428.99
B00B551I1Y,Classic Silk Pants,https://images.unsplash.com/photo-1595777457583-95e059d581b8?w=400,Women's Clothing,ChicWear,$41.99
B01G84U7NQ,Trendy Wool Jacket,https://images.unsplash.com/photo-1586790170083-2f9ceadc732d?w=400,Men's Clothing,UrbanGent,$25.99
B009DKJPKY,Comfortable Wool Jacket,https://images.unsplash.com/photo-1595777457583-95e059d581b8?w=400,Women's Clothing,ChicWear,$73.99
B005GVBAHK,Modern Wool Hoodie,https://images.unsplash.com/photo-1586790170083-2f9ceadc732d?w=400,Men's Clothing,UrbanGent,$97.99
B004CLICKI,Luxury Woven Earrings,https://images.unsplash.com/photo-1535632066927-ab7c9ab60908?w=400,Jewelry,LuxeJewel,$370.99
B00IMEH3F6,Casual Cotton Handbag,https://images.unsplash.com/photo-1553062407-98eeb64c6a62?w=400,Bags & Luggage,BagMaster,$159.99
B003BRC73C,Stylish Synthetic Running Shoes,https://images.unsplash.com/photo-1542291026-7eec264c27ff?w=400,Footwear,WalkEasy,$52.99
B01BV5J0EY,Casual Printed Handbag,https://images.unsplash.com/photo-1553062407-98eeb64c6a62?w=400,Bags & Luggage,BagMaster,$129.99
B015UIVB4A,Casual Leather Handbag,https://images.unsplash.com/photo-1553062407-98eeb64c6a62?w=400,Bags & Luggage,BagMaster,$207.99
B011M3IWGW,Luxury Printed Brooch,https://images.unsplash.com/photo-1535632066927-ab7c9ab60908?w=400,Jewelry,LuxeJewel,$250.99
B00LHJMHVS,Vintage Knit Sneakers,https://images.unsplash.com/photo-1542291026-7eec264c27ff?w=400,Footwear,WalkEasy,$122.99
B00YO1Y0HU,Luxury Printed Brooch,https://images.unsplash.com/photo-1535632066927-ab7c9ab60908?w=400,Jewelry,LuxeJewel,$386.99
B01GUIAVI6,Trendy Leather Suit,https://images.unsplash.com/photo-1586790170083-2f9ceadc732d?w=400,Men's Clothing,UrbanGent,$89.99
B001FLAR24,Vintage Canvas Sneakers,https://images.unsplash.com/photo-1542291026-7eec264c27ff?w=400,Footwear,WalkEasy,$130.99
B01941IDYU,Essential Woven Messenger Bag,https://images.unsplash.com/photo-1553062407-98eeb64c6a62?w=400,Bags & Luggage,BagMaster,$249.99
B016YWH0PA,Vintage Suede Flats,https://images.unsplash.com/photo-1542291026-7eec264c27ff?w=400,Footwear,WalkEasy,$161.99
B01HECB0RS,Casual Woven Suitcase,https://images.unsplash.com/photo-1553062407-98eeb64c6a62?w=400,Bags & Luggage,BagMaster,$75.99
B016XUM238,Premium Solid Hat,https://images.unsplash.com/photo-1492707892479-7bc8d5a4ee93?w=400,Accessories,TrendyBits,$63.99
B01COYTLFY,Modern Silk Hoodie,https://images.unsplash.com/photo-1586790170083-2f9ceadc732d?w=400,Men's Clothing,UrbanGent,$67.99
B01AV866DU,Premium Silk Tie,https://images.unsplash.com/photo-1492707892479-7bc8d5a4ee93?w=400,Accessories,TrendyBits,$154.99
B00MM3YG1C,Elegant Leather Pendant,https://images.unsplash.com/photo-1535632066927-ab7c9ab60908?w=400,Jewelry,LuxeJewel,$246.99
B012N205GQ,Comfortable Knit Jacket,https://images.unsplash.com/photo-1595777457583-95e059d581b8?w=400,Women's Clothing,ChicWear,$28.99
B0162SHOGG,Essential Cotton Crossbody,https://images.unsplash.com/photo-1553062407-98eeb64c6a62?w=400,Bags & Luggage,BagMaster,$165.99
B01CL3YAK4,Vintage Synthetic Sneakers,https://images.unsplash.com/photo-1542291026-7eec264c27ff?w=400,Footwear,WalkEasy,$137.99
B00513PYSO,Vintage Synthetic Flats,https://images.unsplash.com/photo-1542291026-7eec264c27ff?w=400,Footwear,WalkEasy,$145.99
B013E17TDM,Casual Woven Suitcase,https://images.unsplash.com/photo-1553062407-98eeb64c6a62?w=400,Bags & Luggage,BagMaster,$75.99
B01BPEIWKO,Elegant Silk Pendant,https://images.unsplash.com/photo-1535632066927-ab7c9ab60908?w=400,Jewelry,LuxeJewel,$484.99
B00DQBC72O,Elegant Solid Necklace,https://images.unsplash.com/photo-1535632066927-ab7c9ab60908?w=400,Jewelry,LuxeJewel,$414.99
B01G5VFO58,Stylish Cotton Sandals,https://images.unsplash.com/photo-1542291026-7eec264c27ff?w=400,Footwear,WalkEasy,$76.99
B00IK4GEXK,Premium Solid Watch,https://images.unsplash.com/photo-1492707892479-7bc8d5a4ee93?w=400,Accessories,TrendyBits,$152.99
B002M3GYSU,Vintage Synthetic Flats,https://images.unsplash.com/photo-1542291026-7eec264c27ff?w=400,Footwear,WalkEasy,$117.99
B00IEXDOYO,Classic Knit Jacket,https://images.unsplash.com/photo-1595777457583-95e059d581b8?w=400,Women's Clothing,ChicWear,$53.99
B00XFX2RN2,Classic Cotton Pants,https://images.unsplash.com/photo-1595777457583-95e059d581b8?w=400,Women's Clothing,ChicWear,$91.99
B01GRH5JXW,Luxury Woven Brooch,https://images.unsplash.com/photo-1535632066927-ab7c9ab60908?w=400,Jewelry,LuxeJewel,$154.99
B00ZUA6AJK,Modern Printed Jeans,https://images.unsplash.com/photo-1586790170083-2f9ceadc732d?w=400,Men's Clothing,UrbanGent,$33.99
B00E57RDEK,Luxury Solid Earrings,https://images.unsplash.com/photo-1535632066927-ab7c9ab60908?w=400,Jewelry,LuxeJewel,$234.99
B0152IOYFG,Stylish Suede Running Shoes,https://images.unsplash.com/photo-1542291026-7eec264c27ff?w=400,Footwear,WalkEasy,$145.99
B01F4GW02U,Premium Suede Watch,https://images.unsplash.com/photo-1492707892479-7bc8d5a4ee93?w=400,Accessories,TrendyBits,$177.99
B0164FLKLW,Essential Denim Crossbody,https://images.unsplash.com/photo-1553062407-98eeb64c6a62?w=400,Bags & Luggage,BagMaster,$45.99
B00LNCQ2C4,Essential Knit Crossbody,https://images.unsplash.com/photo-1553062407-98eeb64c6a62?w=400,Bags & Luggage,BagMaster,$165.99
B00US1F47K,Essential Wool Crossbody,https://images.unsplash.com/photo-1553062407-98eeb64c6a62?w=400,Bags & Luggage,BagMaster,$81.99
B018V7QGVU,Trendy Silk Hoodie,https://images.unsplash.com/photo-1586790170083-2f9ceadc732d?w=400,Men's Clothing,UrbanGent,$107.99
B00JWRE4DG,Classic Canvas Cardigan,https://images.unsplash.com/photo-1595777457583-95e059d581b8?w=400,Women's Clothing,ChicWear,$119.99
B00JUZIBFM,Vintage Wool Flats,https://images.unsplash.com/photo-1542291026-7eec264c27ff?w=400,Footwear,WalkEasy,$53.99
B01FSBJHWC,Elegant Canvas Pendant,https://images.unsplash.com/photo-1535632066927-ab7c9ab60908?w=400,Jewelry,LuxeJewel,$344.99
B00OOT93K6,Stylish Suede Sandals,https://images.unsplash.com/photo-1542291026-7eec264c27ff?w=400,Footwear,WalkEasy,$172.99
B00IG3PG3Y,Stylish Suede Running Shoes,https://images.unsplash.com/photo-1542291026-7eec264c27ff?w=400,Footwear,WalkEasy,$135.99
B010TRJ30G,Vintage Canvas Sneakers,https://images.unsplash.com/photo-1542291026-7eec264c27ff?w=400,Footwear,WalkEasy,$161.99
B00E0G2NB4,Stylish Wool Running Shoes,https://images.unsplash.com/photo-1542291026-7eec264c27ff?w=400,Footwear,WalkEasy,$154.99
B00OV94WE6,Classic Synthetic Cardigan,https://images.unsplash.com/photo-1595777457583-95e059d581b8?w=400,Women's Clothing,ChicWear,$104.99
B00KEA0SDU,Classic Denim Dress,https://images.unsplash.com/photo-1595777457583-95e059d581b8?w=400,Women's Clothing,ChicWear,$60.99
B01EOL3ENU,Essential Printed Messenger Bag,https://images.unsplash.com/photo-1553062407-98eeb64c6a62?w=400,Bags & Luggage,BagMaster,$171.99
B00C1N2ESA,Stylish Woven Sandals,https://images.unsplash.com/photo-1542291026-7eec264c27ff?w=400,Footwear,WalkEasy,$67.99
B00GSNHT6G,Stylish Knit Running Shoes,https://images.unsplash.com/photo-1542291026-7eec264c27ff?w=400,Footwear,WalkEasy,$63.99
B00HZ31VBC,Luxury Denim Brooch,https://images.unsplash.com/photo-1535632066927-ab7c9ab60908?w=400,Jewelry,LuxeJewel,$434.99
B0182SAWA4,Casual Leather Suitcase,https://images.unsplash.com/photo-1553062407-98eeb64c6a62?w=400,Bags & Luggage,BagMaster,$69.99
B01FCU67X6,Trendy Printed Hoodie,https://images.unsplash.com/photo-1586790170083-2f9ceadc732d?w=400,Men's Clothing,UrbanGent,$87.99
B00ICFBVOO,Classic Suede Jacket,https://images.unsplash.com/photo-1595777457583-95e059d581b8?w=400,Women's Clothing,ChicWear,$33.99
B006T7Y2XE,Comfortable Woven Pants,https://images.unsplash.com/photo-1595777457583-95e059d581b8?w=400,Women's Clothing,ChicWear,$36.99
B00IOY1OTK,Trendy Wool Jeans,https://images.unsplash.com/photo-1586790170083-2f9ceadc732d?w=400,Men's Clothing,UrbanGent,$93.99
B00CIDDSO2,Luxury Solid Earrings,https://images.unsplash.com/photo-1535632066927-ab7c9ab60908?w=400,Jewelry,LuxeJewel,$252.99
B004AROJRY,Comfortable Denim Cardigan,https://images.unsplash.com/photo-1595777457583-95e059d581b8?w=400,Women's Clothing,ChicWear,$119.99
B00KVMX8LA,Trendy Solid T-Shirt,https://images.unsplash.com/photo-1586790170083-2f9ceadc732d?w=400,Men's Clothing,UrbanGent,$71.99
B00RYZ3I4O,Essential Denim Crossbody,https://images.unsplash.com/photo-1553062407-98eeb64c6a62?w=400,Bags & Luggage,BagMaster,$45.99
B018672KWO,Casual Synthetic Handbag,https://images.unsplash.com/photo-1553062407-98eeb64c6a62?w=400,Bags & Luggage,BagMaster,$69.99
B00WNESN3W,Classic Solid Cardigan,https://images.unsplash.com/photo-1595777457583-95e059d581b8?w=400,Women's Clothing,ChicWear,$74.99
B00Z5V7PQ6,Vintage Leather Flats,https://images.unsplash.com/photo-1542291026-7eec264c27ff?w=400,Footwear,WalkEasy,$148.99
B00C5WFYEI,Vintage Wool Sneakers,https://images.unsplash.com/photo-1542291026-7eec264c27ff?w=400,Footwear,WalkEasy,$131.99
B004O8M304,Vintage Wool Sneakers,https://images.unsplash.com/photo-1542291026-7eec264c27ff?w=400,Footwear,WalkEasy,$175.99
B007X4D2CE,Trendy Knit T-Shirt,https://images.unsplash.com/photo-1586790170083-2f9ceadc732d?w=400,Men's Clothing,UrbanGent,$101.99
B004DB6966,Classic Synthetic Jacket,https://images.unsplash.com/photo-1595777457583-95e059d581b8?w=400,Women's Clothing,ChicWear,$63.99
B0111HQYS2,Premium Cotton Tie,https://images.unsplash.com/photo-1492707892479-7bc8d5a4ee93?w=400,Accessories,TrendyBits,$174.99
B00CRWIGUA,Casual Silk Handbag,https://images.unsplash.com/photo-1553062407-98eeb64c6a62?w=400,Bags & Luggage,BagMaster,$57.99
B008JG8R84,Elegant Wool Pendant,https://images.unsplash.com/photo-1535632066927-ab7c9ab60908?w=400,Jewelry,LuxeJewel,$240.99
B01B9QXPXW,Essential Denim Crossbody,https://images.unsplash.com/photo-1553062407-98eeb64c6a62?w=400,Bags & Luggage,BagMaster,$231.99
B00L5RINJC,Comfortable Canvas Dress,https://images.unsplash.com/photo-1595777457583-95e059d581b8?w=400,Women's Clothing,ChicWear,$65.99
B018KRRD4A,Comfortable Denim Jacket,https://images.unsplash.com/photo-1595777457583-95e059d581b8?w=400,Women's Clothing,ChicWear,$48.99
B00LM1OMYG,Vintage Synthetic Sneakers,https://images.unsplash.com/photo-1542291026-7eec264c27ff?w=400,Footwear,WalkEasy,$79.99
B004ARPYK0,Luxury Synthetic Brooch,https://images.unsplash.com/photo-1535632066927-ab7c9ab60908?w=400,Jewelry,LuxeJewel,$276.99
B00PAGXCE0,Trendy Silk Suit,https://images.unsplash.com/photo-1586790170083-2f9ceadc732d?w=400,Men's Clothing,UrbanGent,$109.99
B005GINP94,Modern Printed Hoodie,https://images.unsplash.com/photo-1586790170083-2f9ceadc732d?w=400,Men's Clothing,UrbanGent,$47.99
B00XTHCQTY,Comfortable Silk Jacket,https://images.unsplash.com/photo-1595777457583-95e059d581b8?w=400,Women's Clothing,ChicWear,$73.99
B00PN0RHR6,Vintage Denim Sneakers,https://images.unsplash.com/photo-1542291026-7eec264c27ff?w=400,Footwear,WalkEasy,$79.99
B00S99PBRG,Luxury Synthetic Brooch,https://images.unsplash.com/photo-1535632066927-ab7c9ab60908?w=400,Jewelry,LuxeJewel,$354.99
B0178ZD7I6,Premium Synthetic Hat,https://images.unsplash.com/photo-1492707892479-7bc8d5a4ee93?w=400,Accessories,TrendyBits,$58.99
B00O734GK6,Casual Woven Suitcase,https://images.unsplash.com/photo-1553062407-98eeb64c6a62?w=400,Bags & Luggage,BagMaster,$75.99
B00EZD0MOM,Vintage Wool Flats,https://images.unsplash.com/photo-1542291026-7eec264c27ff?w=400,Footwear,WalkEasy,$146.99
B017XX4M96,Modern Printed T-Shirt,https://images.unsplash.com/photo-1586790170083-2f9ceadc732d?w=400,Men's Clothing,UrbanGent,$51.99
B0179KB8PY,Classic Solid Cardigan,https://images.unsplash.com/photo-1595777457583-95e059d581b8?w=400,Women's Clothing,ChicWear,$49.99
B00UP69EO2,Premium Knit Tie,https://images.unsplash.com/photo-1492707892479-7bc8d5a4ee93?w=400,Accessories,TrendyBits,$169.99
B014TVU0Y6,Modern Suede Jeans,https://images.unsplash.com/photo-1586790170083-2f9ceadc732d?w=400,Men's Clothing,UrbanGent,$123.99
B0183R42CS,Designer Knit Hat,https://images.unsplash.com/photo-1492707892479-7bc8d5a4ee93?w=400,Accessories,TrendyBits,$193.99
B00WWQNDCM,Trendy Cotton Jacket,https://images.unsplash.com/photo-1586790170083-2f9ceadc732d?w=400,Men's Clothing,UrbanGent,$115.99
B01B2AOT3K,Stylish Solid Running Shoes,https://images.unsplash.com/photo-1542291026-7eec264c27ff?w=400,Footwear,WalkEasy,$57.99
B00GYS6CGI,Modern Suede Jeans,https://images.unsplash.com/photo-1586790170083-2f9ceadc732d?w=400,Men's Clothing,UrbanGent,$93.99
B00G9HULXE,Designer Wool Watch,https://images.unsplash.com/photo-1492707892479-7bc8d5a4ee93?w=400,Accessories,TrendyBits,$117.99
B0018N66X8,Essential Solid Crossbody,https://images.unsplash.com/photo-1553062407-98eeb64c6a62?w=400,Bags & Luggage,BagMaster,$237.99
B00MCYI31U,Elegant Printed Pendant,https://images.unsplash.com/photo-1535632066927-ab7c9ab60908?w=400,Jewelry,LuxeJewel,$234.99
B0051SV90G,Vintage Suede Sneakers,https://images.unsplash.com/photo-1542291026-7eec264c27ff?w=400,Footwear,WalkEasy,$99.99
B001JE5E9I,Vintage Woven Sneakers,https://images.unsplash.com/photo-1542291026-7eec264c27ff?w=400,Footwear,WalkEasy,$60.99
B01488OOMY,Casual Silk Handbag,https://images.unsplash.com/photo-1553062407-98eeb64c6a62?w=400,Bags & Luggage,BagMaster,$69.99
B003D2U6HY,Premium Wool Gloves,https://images.unsplash.com/photo-1492707892479-7bc8d5a4ee93?w=400,Accessories,TrendyBits,$60.99
B00U8OWTH0,Classic Woven Skirt,https://images.unsplash.com/photo-1595777457583-95e059d581b8?w=400,Women's Clothing,ChicWear,$47.99
B00IOXL4SM,Trendy Knit T-Shirt,https://images.unsplash.com/photo-1586790170083-2f9ceadc732d?w=400,Men's Clothing,UrbanGent,$91.99
B00H7IQ44E,Comfortable Canvas Dress,https://images.unsplash.com/photo-1595777457583-95e059d581b8?w=400,Women's Clothing,ChicWear,$30.99
B016B3SH36,Casual Silk Handbag,https://images.unsplash.com/photo-1553062407-98eeb64c6a62?w=400,Bags & Luggage,BagMaster,$225.99
B00WDJ2JV4,Stylish Leather Running Shoes,https://images.unsplash.com/photo-1542291026-7eec264c27ff?w=400,Footwear,WalkEasy,$103.99
B000H5MAC4,Designer Cotton Gloves,https://images.unsplash.com/photo-1492707892479-7bc8d5a4ee93?w=400,Accessories,TrendyBits,$25.99
B010R066N2,Casual Canvas Suitcase,https://images.unsplash.com/photo-1553062407-98eeb64c6a62?w=400,Bags & Luggage,BagMaster,$219.99
B01AB15HOG,Trendy Woven T-Shirt,https://images.unsplash.com/photo-1586790170083-2f9ceadc732d?w=400,Men's Clothing,UrbanGent,$141.99
B015U9F8DE,Vintage Printed Sneakers,https://images.unsplash.com/photo-1542291026-7eec264c27ff?w=400,Footwear,WalkEasy,$94.99
B01ET56ZYQ,Vintage Leather Flats,https://images.unsplash.com/photo-1542291026-7eec264c27ff?w=400,Footwear,WalkEasy,$61.99
B01B6IIOPC,Comfortable Solid Dress,https://images.unsplash.com/photo-1595777457583-95e059d581b8?w=400,Women's Clothing,ChicWear,$90.99
B0051BZ9RC,Vintage Denim Flats,https://images.unsplash.com/photo-1542291026-7eec264c27ff?w=400,Footwear,WalkEasy,$96.99
B00QUGZIVE,Casual Wool Handbag,https://images.unsplash.com/photo-1553062407-98eeb64c6a62?w=400,Bags & Luggage,BagMaster,$219.99
B01E0WEL2Q,Elegant Canvas Pendant,https://images.unsplash.com/photo-1535632066927-ab7c9ab60908?w=400,Jewelry,LuxeJewel,$194.99
B00YZ56PPK,Designer Solid Tie,https://images.unsplash.com/photo-1492707892479-7bc8d5a4ee93?w=400,Accessories,TrendyBits,$134.99
B00E46J8DG,Classic Suede Pants,https://images.unsplash.com/photo-1595777457583-95e059d581b8?w=400,Women's Clothing,ChicWear,$111.99
B00WFEM7Q4,Comfortable Printed Jacket,https://images.unsplash.com/photo-1595777457583-95e059d581b8?w=400,Women's Clothing,ChicWear,$58.99
B00W6U16CS,Essential Printed Messenger Bag,https://images.unsplash.com/photo-1553062407-98eeb64c6a62?w=400,Bags & Luggage,BagMaster,$75.99
B01FVOCDS6,Vintage Woven Flats,https://images.unsplash.com/photo-1542291026-7eec264c27ff?w=400,Footwear,WalkEasy,$48.99
B00E0JPUSE,Luxury Leather Brooch,https://images.unsplash.com/photo-1535632066927-ab7c9ab60908?w=400,Jewelry,LuxeJewel,$132.99
B00062NHH0,Comfortable Silk Jacket,https://images.unsplash.com/photo-1595777457583-95e059d581b8?w=400,Women's Clothing,ChicWear,$28.99
B01DUMJ7VC,Trendy Knit Suit,https://images.unsplash.com/photo-1586790170083-2f9ceadc732d?w=400,Men's Clothing,UrbanGent,$79.99
B017U7R9UO,Designer Suede Tie,https://images.unsplash.com/photo-1492707892479-7bc8d5a4ee93?w=400,Accessories,TrendyBits,$39.99
B00OVJU9GG,Casual Woven Suitcase,https://images.unsplash.com/photo-1553062407-98eeb64c6a62?w=400,Bags & Luggage,BagMaster,$81.99
B003JJ7N1I,Premium Cotton Watch,https://images.unsplash.com/photo-1492707892479-7bc8d5a4ee93?w=400,Accessories,TrendyBits,$132.99
B01DMIXSC8,Classic Wool Jacket,https://images.unsplash.com/photo-1595777457583-95e059d581b8?w=400,Women's Clothing,ChicWear,$108.99
B0040VPAEG,Classic Woven Jacket,https://images.unsplash.com/photo-1595777457583-95e059d581b8?w=400,Women's Clothing,ChicWear,$43.99
B009MQO432,Stylish Cotton Running Shoes,https://images.unsplash.com/photo-1542291026-7eec264c27ff?w=400,Footwear,WalkEasy,$126.99
B01E3R2GQQ,Casual Canvas Handbag,https://images.unsplash.com/photo-1553062407-98eeb64c6a62?w=400,Bags & Luggage,BagMaster,$111.99
B00KF2IVG8,Casual Wool Handbag,https://images.unsplash.com/photo-1553062407-98eeb64c6a62?w=400,Bags & Luggage,BagMaster,$141.99
B001MII7Y0,Stylish Denim Sandals,https://images.unsplash.com/photo-1542291026-7eec264c27ff?w=400,Footwear,WalkEasy,$136.99
B015F19SUQ,Vintage Canvas Sneakers,https://images.unsplash.com/photo-1542291026-7eec264c27ff?w=400,Footwear,WalkEasy,$78.99
B019ZAYTXO,Essential Leather Messenger Bag,https://images.unsplash.com/photo-1553062407-98eeb64c6a62?w=400,Bags & Luggage,BagMaster,$63.99
B00QQ8TEJ8,Essential Synthetic Messenger Bag,https://images.unsplash.com/photo-1553062407-98eeb64c6a62?w=400,Bags & Luggage,BagMaster,$171.99
B01CS4MREC,Casual Silk Handbag,https://images.unsplash.com/photo-1553062407-98eeb64c6a62?w=400,Bags & Luggage,BagMaster,$147.99
B000U68L4Q,Designer Silk Hat,https://images.unsplash.com/photo-1492707892479-7bc8d5a4ee93?w=400,Accessories,TrendyBits,$188.99
B006MN8Q64,Essential Canvas Messenger Bag,https://images.unsplash.com/photo-1553062407-98eeb64c6a62?w=400,Bags & Luggage,BagMaster,$57.99
B00ICSKMHI,Casual Denim Handbag,https://images.unsplash.com/photo-1553062407-98eeb64c6a62?w=400,Bags & Luggage,BagMaster,$159.99
B0064CRCWW,Vintage Cotton Flats,https://images.unsplash.com/photo-1542291026-7eec264c27ff?w=400,Footwear,WalkEasy,$60.99
B00I4VABWE,Elegant Denim Pendant,https://images.unsplash.com/photo-1535632066927-ab7c9ab60908?w=400,Jewelry,LuxeJewel,$38.99
B01EQTSENU,Elegant Leather Necklace,https://images.unsplash.com/photo-1535632066927-ab7c9ab60908?w=400,Jewelry,LuxeJewel,$112.99
B005GW7VCW,Premium Woven Hat,https://images.unsplash.com/photo-1492707892479-7bc8d5a4ee93?w=400,Accessories,TrendyBits,$153.99
B00SSNVXU2,Trendy Printed Jacket,https://images.unsplash.com/photo-1586790170083-2f9ceadc732d?w=400,Men's Clothing,UrbanGent,$35.99
B007A11JW0,Comfortable Wool Jacket,https://images.unsplash.com/photo-1595777457583-95e059d581b8?w=400,Women's Clothing,ChicWear,$103.99
B006BBI31A,Stylish Canvas Running Shoes,https://images.unsplash.com/photo-1542291026-7eec264c27ff?w=400,Footwear,WalkEasy,$43.99
B00ZIXVPLC,Premium Silk Watch,https://images.unsplash.com/photo-1492707892479-7bc8d5a4ee93?w=400,Accessories,TrendyBits,$172.99
B016U580VE,Essential Woven Messenger Bag,https://images.unsplash.com/photo-1553062407-98eeb64c6a62?w=400,Bags & Luggage,BagMaster,$51.99
B00X26I2PO,Classic Silk Skirt,https://images.unsplash.com/photo-1595777457583-95e059d581b8?w=400,Women's Clothing,ChicWear,$102.99
B014GN62EY,Designer Knit Gloves,https://images.unsplash.com/photo-1492707892479-7bc8d5a4ee93?w=400,Accessories,TrendyBits,$35.99
B00F003O1W,Modern Wool Jeans,https://images.unsplash.com/photo-1586790170083-2f9ceadc732d?w=400,Men's Clothing,UrbanGent,$83.99
B00CA9ND76,Classic Canvas Cardigan,https://images.unsplash.com/photo-1595777457583-95e059d581b8?w=400,Women's Clothing,ChicWear,$94.99
B012A6P8WG,Trendy Wool Suit,https://images.unsplash.com/photo-1586790170083-2f9ceadc732d?w=400,Men's Clothing,UrbanGent,$59.99
B0067SEEB0,Casual Silk Suitcase,https://images.unsplash.com/photo-1553062407-98eeb64c6a62?w=400,Bags & Luggage,BagMaster,$159.99
B01E3EN4NI,Stylish Suede Running Shoes,https://images.unsplash.com/photo-1542291026-7eec264c27ff?w=400,Footwear,WalkEasy,$43.99
B00POEQJR0,Casual Synthetic Suitcase,https://images.unsplash.com/photo-1553062407-98eeb64c6a62?w=400,Bags & Luggage,BagMaster,$243.99
B006BDM1GQ,Luxury Cotton Brooch,https://images.unsplash.com/photo-1535632066927-ab7c9ab60908?w=400,Jewelry,LuxeJewel,$176.99
B00BH0QYG6,Vintage Silk Sneakers,https://images.unsplash.com/photo-1542291026-7eec264c27ff?w=400,Footwear,WalkEasy,$160.99
B00MYGK3TQ,Premium Knit Tie,https://images.unsplash.com/photo-1492707892479-7bc8d5a4ee93?w=400,Accessories,TrendyBits,$69.99
B00QJVBJMW,Casual Leather Handbag,https://images.unsplash.com/photo-1553062407-98eeb64c6a62?w=400,Bags & Luggage,BagMaster,$111.99
B006950E88,Premium Solid Wallet,https://images.unsplash.com/photo-1492707892479-7bc8d5a4ee93?w=400,Accessories,TrendyBits,$81.99
B00N99VL48,Comfortable Printed Pants,https://images.unsplash.com/photo-1595777457583-95e059d581b8?w=400,Women's Clothing,ChicWear,$31.99
B01H56O1JC,Trendy Knit T-Shirt,https://images.unsplash.com/photo-1586790170083-2f9ceadc732d?w=400,Men's Clothing,UrbanGent,$131.99
B006EAPB18,Premium Silk Watch,https://images.unsplash.com/photo-1492707892479-7bc8d5a4ee93?w=400,Accessories,TrendyBits,$172.99
B016DHF760,Vintage Wool Sneakers,https://images.unsplash.com/photo-1542291026-7eec264c27ff?w=400,Footwear,WalkEasy,$59.99
B016E1S7O4,Casual Canvas Handbag,https://images.unsplash.com/photo-1553062407-98eeb64c6a62?w=400,Bags & Luggage,BagMaster,$135.99
B016E2RUJG,Modern Canvas Jacket,https://images.unsplash.com/photo-1586790170083-2f9ceadc732d?w=400,Men's Clothing,UrbanGent,$125.99
B00349MH9Q,Stylish Printed Sandals,https://images.unsplash.com/photo-1542291026-7eec264c27ff?w=400,Footwear,WalkEasy,$103.99
B000J4IBVC,Elegant Knit Pendant,https://images.unsplash.com/photo-1535632066927-ab7c9ab60908?w=400,Jewelry,LuxeJewel,$468.99
B016H9DHZW,Trendy Solid T-Shirt,https://images.unsplash.com/photo-1586790170083-2f9ceadc732d?w=400,Men's Clothing,UrbanGent,$61.99
B00XE4VL8Y,Classic Silk Cardigan,https://images.unsplash.com/photo-1595777457583-95e059d581b8?w=400,Women's Clothing,ChicWear,$104.99
B00VF3ZLZ0,Vintage Cotton Flats,https://images.unsplash.com/photo-1542291026-7eec264c27ff?w=400,Footwear,WalkEasy,$162.99
B01F9PIOBW,Casual Wool Suitcase,https://images.unsplash.com/photo-1553062407-98eeb64c6a62?w=400,Bags & Luggage,BagMaster,$183.99
B00MP1V3DU,Stylish Cotton Running Shoes,https://images.unsplash.com/photo-1542291026-7eec264c27ff?w=400,Footwear,WalkEasy,$69.99
B00MMTXZ7C,Elegant Knit Pendant,https://images.unsplash.com/photo-1535632066927-ab7c9ab60908?w=400,Jewelry,LuxeJewel,$44.99
B016X4A65K,Comfortable Woven Dress,https://images.unsplash.com/photo-1595777457583-95e059d581b8?w=400,Women's Clothing,ChicWear,$35.99
B01HE3LSRO,Luxury Leather Earrings,https://images.unsplash.com/photo-1535632066927-ab7c9ab60908?w=400,Jewelry,LuxeJewel,$248.99
B006W9M48O,Modern Woven Jeans,https://images.unsplash.com/photo-1586790170083-2f9ceadc732d?w=400,Men's Clothing,UrbanGent,$103.99
B01F74CNI0,Designer Solid Wallet,https://images.unsplash.com/photo-1492707892479-7bc8d5a4ee93?w=400,Accessories,TrendyBits,$126.99
B00MA33PDY,Modern Printed Hoodie,https://images.unsplash.com/photo-1586790170083-2f9ceadc732d?w=400,Men's Clothing,UrbanGent,$147.99
B00M8UZBTK,Premium Suede Hat,https://images.unsplash.com/photo-1492707892479-7bc8d5a4ee93?w=400,Accessories,TrendyBits,$148.99
B00R67MOBS,Comfortable Wool Pants,https://images.unsplash.com/photo-1595777457583-95e059d581b8?w=400,Women's Clothing,ChicWear,$111.99
B017AHZ1MM,Comfortable Cotton Jacket,https://images.unsplash.com/photo-1595777457583-95e059d581b8?w=400,Women's Clothing,ChicWear,$98.99
B017AUO66Q,Casual Synthetic Suitcase,https://images.unsplash.com/photo-1553062407-98eeb64c6a62?w=400,Bags & Luggage,BagMaster,$81.99
B017CUUOSS,Premium Knit Wallet,https://images.unsplash.com/photo-1492707892479-7bc8d5a4ee93?w=400,Accessories,TrendyBits,$101.99
B007456UJY,Modern Knit Hoodie,https://images.unsplash.com/photo-1586790170083-2f9ceadc732d?w=400,Men's Clothing,UrbanGent,$147.99
B017HLY9CO,Vintage Cotton Sneakers,https://images.unsplash.com/photo-1542291026-7eec264c27ff?w=400,Footwear,WalkEasy,$60.99
B00VZOSQG0,Elegant Denim Pendant,https://images.unsplash.com/photo-1535632066927-ab7c9ab60908?w=400,Jewelry,LuxeJewel,$472.99
B017LJPLEW,Classic Cotton Dress,https://images.unsplash.com/photo-1595777457583-95e059d581b8?w=400,Women's Clothing,ChicWear,$110.99
B01H37S4KK,Trendy Synthetic Suit,https://images.unsplash.com/photo-1586790170083-2f9ceadc732d?w=400,Men's Clothing,UrbanGent,$149.99
B00X7VF46Y,Elegant Printed Pendant,https://images.unsplash.com/photo-1535632066927-ab7c9ab60908?w=400,Jewelry,LuxeJewel,$306.99
B004VN4IEG,Stylish Silk Sandals,https://images.unsplash.com/photo-1542291026-7eec264c27ff?w=400,Footwear,WalkEasy,$52.99
B00LMDRTYY,Stylish Denim Sandals,https://images.unsplash.com/photo-1542291026-7eec264c27ff?w=400,Footwear,WalkEasy,$80.99
B00LHBX8RI,Modern Silk Hoodie,https://images.unsplash.com/photo-1586790170083-2f9ceadc732d?w=400,Men's Clothing,UrbanGent,$87.99
B000N2DIRM,Premium Solid Tie,https://images.unsplash.com/photo-1492707892479-7bc8d5a4ee93?w=400,Accessories,TrendyBits,$19.99
B00XQY9NIM,Premium Silk Tie,https://images.unsplash.com/photo-1492707892479-7bc8d5a4ee93?w=400,Accessories,TrendyBits,$99.99
B017VNJFA4,Stylish Printed Running Shoes,https://images.unsplash.com/photo-1542291026-7eec264c27ff?w=400,Footwear,WalkEasy,$140.99
B00WDQJQCC,Essential Silk Messenger Bag,https://images.unsplash.com/photo-1553062407-98eeb64c6a62?w=400,Bags & Luggage,BagMaster,$81.99
B00RQO02SI,Classic Suede Dress,https://images.unsplash.com/photo-1595777457583-95e059d581b8?w=400,Women's Clothing,ChicWear,$100.99
B0121JAYTY,Modern Printed T-Shirt,https://images.unsplash.com/photo-1586790170083-2f9ceadc732d?w=400,Men's Clothing,UrbanGent,$91.99
B00L1S8R6E,Trendy Suede T-Shirt,https://images.unsplash.com/photo-1586790170083-2f9ceadc732d?w=400,Men's Clothing,UrbanGent,$71.99
B0184R1I5Q,Stylish Synthetic Sandals,https://images.unsplash.com/photo-1542291026-7eec264c27ff?w=400,Footwear,WalkEasy,$151.99
B01216SQJM,Elegant Silk Necklace,https://images.unsplash.com/photo-1535632066927-ab7c9ab60908?w=400,Jewelry,LuxeJewel,$68.99
B0186DWWGM,Premium Printed Hat,https://images.unsplash.com/photo-1492707892479-7bc8d5a4ee93?w=400,Accessories,TrendyBits,$183.99
B00KWCHVQW,Classic Canvas Cardigan,https://images.unsplash.com/photo-1595777457583-95e059d581b8?w=400,Women's Clothing,ChicWear,$89.99
B011VZ99BI,Luxury Synthetic Earrings,https://images.unsplash.com/photo-1535632066927-ab7c9ab60908?w=400,Jewelry,LuxeJewel,$372.99
B018G3XV9Y,Designer Synthetic Watch,https://images.unsplash.com/photo-1492707892479-7bc8d5a4ee93?w=400,Accessories,TrendyBits,$17.99
B01FZTDUSE,Stylish Denim Running Shoes,https://images.unsplash.com/photo-1542291026-7eec264c27ff?w=400,Footwear,WalkEasy,$126.99
B018HG85I2,Comfortable Denim Cardigan,https://images.unsplash.com/photo-1595777457583-95e059d581b8?w=400,Women's Clothing,ChicWear,$74.99
B007WAT480,Essential Cotton Crossbody,https://images.unsplash.com/photo-1553062407-98eeb64c6a62?w=400,Bags & Luggage,BagMaster,$51.99
B000QB7MHM,Designer Suede Watch,https://images.unsplash.com/photo-1492707892479-7bc8d5a4ee93?w=400,Accessories,TrendyBits,$157.99
B018R9HGFC,Designer Synthetic Wallet,https://images.unsplash.com/photo-1492707892479-7bc8d5a4ee93?w=400,Accessories,TrendyBits,$96.99
B00KH5F9ZY,Designer Woven Tie,https://images.unsplash.com/photo-1492707892479-7bc8d5a4ee93?w=400,Accessories,TrendyBits,$179.99
B018SH5UZQ,Essential Denim Crossbody,https://images.unsplash.com/photo-1553062407-98eeb64c6a62?w=400,Bags & Luggage,BagMaster,$213.99
B011KVES4G,Luxury Printed Earrings,https://images.unsplash.com/photo-1535632066927-ab7c9ab60908?w=400,Jewelry,LuxeJewel,$282.99
B00K9TWTHE,Trendy Woven T-Shirt,https://images.unsplash.com/photo-1586790170083-2f9ceadc732d?w=400,Men's Clothing,UrbanGent,$101.99
B011I1N5TC,Vintage Solid Sneakers,https://images.unsplash.com/photo-1542291026-7eec264c27ff?w=400,Footwear,WalkEasy,$167.99
B00SAHPXC0,Essential Solid Crossbody,https://images.unsplash.com/photo-1553062407-98eeb64c6a62?w=400,Bags & Luggage,BagMaster,$195.99
B018XOGH60,Modern Denim Hoodie,https://images.unsplash.com/photo-1586790170083-2f9ceadc732d?w=400,Men's Clothing,UrbanGent,$137.99
B018ZN7N1M,Elegant Suede Necklace,https://images.unsplash.com/photo-1535632066927-ab7c9ab60908?w=400,Jewelry,LuxeJewel,$240.99
B0191OERMW,Trendy Knit Suit,https://images.unsplash.com/photo-1586790170083-2f9ceadc732d?w=400,Men's Clothing,UrbanGent,$99.99
B00K26GQK0,Premium Suede Wallet,https://images.unsplash.com/photo-1492707892479-7bc8d5a4ee93?w=400,Accessories,TrendyBits,$96.99
B00K2BW01O,Vintage Printed Sneakers,https://images.unsplash.com/photo-1542291026-7eec264c27ff?w=400,Footwear,WalkEasy,$153.99
B01ESRUKAK,Vintage Printed Flats,https://images.unsplash.com/photo-1542291026-7eec264c27ff?w=400,Footwear,WalkEasy,$77.99
B01981ODRM,Modern Leather Jeans,https://images.unsplash.com/photo-1586790170083-2f9ceadc732d?w=400,Men's Clothing,UrbanGent,$133.99
B01ERKIA9Q,Essential Silk Crossbody,https://images.unsplash.com/photo-1553062407-98eeb64c6a62?w=400,Bags & Luggage,BagMaster,$153.99
B019ECYRJY,Designer Solid Tie,https://images.unsplash.com/photo-1492707892479-7bc8d5a4ee93?w=400,Accessories,TrendyBits,$29.99
B00XTKHDTY,Stylish Knit Sandals,https://images.unsplash.com/photo-1542291026-7eec264c27ff?w=400,Footwear,WalkEasy,$171.99
B019F4FZ5G,Modern Wool Jeans,https://images.unsplash.com/photo-1586790170083-2f9ceadc732d?w=400,Men's Clothing,UrbanGent,$63.99
B01G2BXNUE,Modern Suede T-Shirt,https://images.unsplash.com/photo-1586790170083-2f9ceadc732d?w=400,Men's Clothing,UrbanGent,$21.99
B00JOQ7CV6,Premium Woven Gloves,https://images.unsplash.com/photo-1492707892479-7bc8d5a4ee93?w=400,Accessories,TrendyBits,$135.99
B01ER371E8,Trendy Canvas Jeans,https://images.unsplash.com/photo-1586790170083-2f9ceadc732d?w=400,Men's Clothing,UrbanGent,$23.99
B019HNXBFG,Designer Cotton Tie,https://images.unsplash.com/photo-1492707892479-7bc8d5a4ee93?w=400,Accessories,TrendyBits,$64.99
B00PKLJI8O,Classic Wool Skirt,https://images.unsplash.com/photo-1595777457583-95e059d581b8?w=400,Women's Clothing,ChicWear,$107.99
B019JDPKAS,Premium Synthetic Wallet,https://images.unsplash.com/photo-1492707892479-7bc8d5a4ee93?w=400,Accessories,TrendyBits,$181.99
B005C1G3P8,Premium Wool Watch,https://images.unsplash.com/photo-1492707892479-7bc8d5a4ee93?w=400,Accessories,TrendyBits,$112.99
B00JK7YKZU,Comfortable Silk Jacket,https://images.unsplash.com/photo-1595777457583-95e059d581b8?w=400,Women's Clothing,ChicWear,$113.99
B011502L9G,Casual Suede Suitcase,https://images.unsplash.com/photo-1553062407-98eeb64c6a62?w=400,Bags & Luggage,BagMaster,$51.99
B00SNMD2RK,Vintage Leather Sneakers,https://images.unsplash.com/photo-1542291026-7eec264c27ff?w=400,Footwear,WalkEasy,$93.99
B00J8U4WKM,Modern Suede Jacket,https://images.unsplash.com/photo-1586790170083-2f9ceadc732d?w=400,Men's Clothing,UrbanGent,$145.99
B0145GH4NU,Modern Synthetic Hoodie,https://images.unsplash.com/photo-1586790170083-2f9ceadc732d?w=400,Men's Clothing,UrbanGent,$117.99
B00PCWQZUU,Luxury Suede Brooch,https://images.unsplash.com/photo-1535632066927-ab7c9ab60908?w=400,Jewelry,LuxeJewel,$488.99
B01EN6LZE6,Premium Synthetic Tie,https://images.unsplash.com/photo-1492707892479-7bc8d5a4ee93?w=400,Accessories,TrendyBits,$69.99
B014DVU7Y0,Designer Denim Wallet,https://images.unsplash.com/photo-1492707892479-7bc8d5a4ee93?w=400,Accessories,TrendyBits,$121.99
B00STT295S,Essential Solid Messenger Bag,https://images.unsplash.com/photo-1553062407-98eeb64c6a62?w=400,Bags & Luggage,BagMaster,$201.99
B005EYZC4G,Essential Printed Messenger Bag,https://images.unsplash.com/photo-1553062407-98eeb64c6a62?w=400,Bags & Luggage,BagMaster,$237.99
B01HG82KEM,Stylish Synthetic Sandals,https://images.unsplash.com/photo-1542291026-7eec264c27ff?w=400,Footwear,WalkEasy,$121.99
B01GVWQYGY,Luxury Wool Brooch,https://images.unsplash.com/photo-1535632066927-ab7c9ab60908?w=400,Jewelry,LuxeJewel,$466.99
B00PAASWVO,Designer Denim Hat,https://images.unsplash.com/photo-1492707892479-7bc8d5a4ee93?w=400,Accessories,TrendyBits,$93.99
B00SVZBPKK,Elegant Canvas Necklace,https://images.unsplash.com/photo-1535632066927-ab7c9ab60908?w=400,Jewelry,LuxeJewel,$76.99
B004GSKZS4,Comfortable Cotton Jacket,https://images.unsplash.com/photo-1595777457583-95e059d581b8?w=400,Women's Clothing,ChicWear,$118.99
B010RB9UCA,Comfortable Leather Jacket,https://images.unsplash.com/photo-1595777457583-95e059d581b8?w=400,Women's Clothing,ChicWear,$48.99
B00PMLFIXG,Vintage Wool Sneakers,https://images.unsplash.com/photo-1542291026-7eec264c27ff?w=400,Footwear,WalkEasy,$173.99
B005FYQ7XA,Vintage Knit Sneakers,https://images.unsplash.com/photo-1542291026-7eec264c27ff?w=400,Footwear,WalkEasy,$59.99
B01ALIDJMQ,Stylish Woven Running Shoes,https://images.unsplash.com/photo-1542291026-7eec264c27ff?w=400,Footwear,WalkEasy,$59.99
B00SWWQ9HG,Trendy Solid Jeans,https://images.unsplash.com/photo-1586790170083-2f9ceadc732d?w=400,Men's Clothing,UrbanGent,$43.99
B01ALP7OAC,Modern Cotton Jacket,https://images.unsplash.com/photo-1586790170083-2f9ceadc732d?w=400,Men's Clothing,UrbanGent,$65.99
B00W9KJDDE,Designer Wool Gloves,https://images.unsplash.com/photo-1492707892479-7bc8d5a4ee93?w=400,Accessories,TrendyBits,$55.99
B0006HIYJQ,Comfortable Knit Jacket,https://images.unsplash.com/photo-1595777457583-95e059d581b8?w=400,Women's Clothing,ChicWear,$38.99
B014LZZSRE,Elegant Canvas Pendant,https://images.unsplash.com/photo-1535632066927-ab7c9ab60908?w=400,Jewelry,LuxeJewel,$56.99
B00I9I870U,Trendy Synthetic Jacket,https://images.unsplash.com/photo-1586790170083-2f9ceadc732d?w=400,Men's Clothing,UrbanGent,$95.99
B01ASVZWD0,Classic Printed Dress,https://images.unsplash.com/photo-1595777457583-95e059d581b8?w=400,Women's Clothing,ChicWear,$35.99
B009AAROAU,Luxury Cotton Earrings,https://images.unsplash.com/photo-1535632066927-ab7c9ab60908?w=400,Jewelry,LuxeJewel,$202.99
B00SZT52AQ,Classic Solid Jacket,https://images.unsplash.com/photo-1595777457583-95e059d581b8?w=400,Women's Clothing,ChicWear,$48.99
B00I3LRCD6,Classic Woven Dress,https://images.unsplash.com/photo-1595777457583-95e059d581b8?w=400,Women's Clothing,ChicWear,$90.99
B00PSMIGAQ,Designer Canvas Tie,https://images.unsplash.com/photo-1492707892479-7bc8d5a4ee93?w=400,Accessories,TrendyBits,$184.99
B00HU8MXPK,Elegant Solid Necklace,https://images.unsplash.com/photo-1535632066927-ab7c9ab60908?w=400,Jewelry,LuxeJewel,$418.99
B010G6D0RC,Classic Wool Skirt,https://images.unsplash.com/photo-1595777457583-95e059d581b8?w=400,Women's Clothing,ChicWear,$42.99
B00HRHM5GQ,Elegant Knit Pendant,https://images.unsplash.com/photo-1535632066927-ab7c9ab60908?w=400,Jewelry,LuxeJewel,$488.99
B00HR83OQ0,Classic Denim Skirt,https://images.unsplash.com/photo-1595777457583-95e059d581b8?w=400,Women's Clothing,ChicWear,$107.99
B00HRIKUDA,Casual Solid Handbag,https://images.unsplash.com/photo-1553062407-98eeb64c6a62?w=400,Bags & Luggage,BagMaster,$201.99
B01GCBB59A,Designer Cotton Hat,https://images.unsplash.com/photo-1492707892479-7bc8d5a4ee93?w=400,Accessories,TrendyBits,$63.99
B01GCBB62Q,Modern Knit Jacket,https://images.unsplash.com/photo-1586790170083-2f9ceadc732d?w=400,Men's Clothing,UrbanGent,$35.99
B010EJ14C4,Luxury Suede Earrings,https://images.unsplash.com/photo-1535632066927-ab7c9ab60908?w=400,Jewelry,LuxeJewel,$190.99
B000GAWGY2,Designer Solid Gloves,https://images.unsplash.com/photo-1492707892479-7bc8d5a4ee93?w=400,Accessories,TrendyBits,$100.99
B00WTGNJ2O,Trendy Woven Hoodie,https://images.unsplash.com/photo-1586790170083-2f9ceadc732d?w=400,Men's Clothing,UrbanGent,$77.99
B01GT0PCUW,Stylish Suede Running Shoes,https://images.unsplash.com/photo-1542291026-7eec264c27ff?w=400,Footwear,WalkEasy,$38.99
B01B5C1HDA,Stylish Knit Running Shoes,https://images.unsplash.com/photo-1542291026-7eec264c27ff?w=400,Footwear,WalkEasy,$123.99
B00OW7J27O,Modern Solid Jacket,https://images.unsplash.com/photo-1586790170083-2f9ceadc732d?w=400,Men's Clothing,UrbanGent,$35.99
B00HGNH5ZM,Trendy Silk Jacket,https://images.unsplash.com/photo-1586790170083-2f9ceadc732d?w=400,Men's Clothing,UrbanGent,$85.99
B014UQDTCK,Classic Knit Skirt,https://images.unsplash.com/photo-1595777457583-95e059d581b8?w=400,Women's Clothing,ChicWear,$47.99
B00WSVNTFM,Vintage Cotton Sneakers,https://images.unsplash.com/photo-1542291026-7eec264c27ff?w=400,Footwear,WalkEasy,$103.99
B00WSVNWAO,Premium Wool Tie,https://images.unsplash.com/photo-1492707892479-7bc8d5a4ee93?w=400,Accessories,TrendyBits,$189.99
B01015LZ84,Luxury Denim Brooch,https://images.unsplash.com/photo-1535632066927-ab7c9ab60908?w=400,Jewelry,LuxeJewel,$284.99
B00TFSF5BC,Stylish Leather Running Shoes,https://images.unsplash.com/photo-1542291026-7eec264c27ff?w=400,Footwear,WalkEasy,$172.99
B009S3GZ8G,Vintage Leather Sneakers,https://images.unsplash.com/photo-1542291026-7eec264c27ff?w=400,Footwear,WalkEasy,$42.99
B00XNMEB0W,Luxury Wool Brooch,https://images.unsplash.com/photo-1535632066927-ab7c9ab60908?w=400,Jewelry,LuxeJewel,$76.99
B01BTNFYNE,Essential Denim Messenger Bag,https://images.unsplash.com/photo-1553062407-98eeb64c6a62?w=400,Bags & Luggage,BagMaster,$105.99
B00GDSHK9M,Elegant Silk Necklace,https://images.unsplash.com/photo-1535632066927-ab7c9ab60908?w=400,Jewelry,LuxeJewel,$128.99
B015409ULA,Stylish Leather Sandals,https://images.unsplash.com/photo-1542291026-7eec264c27ff?w=400,Footwear,WalkEasy,$76.99
B01GRNTH7U,Trendy Knit Jeans,https://images.unsplash.com/photo-1586790170083-2f9ceadc732d?w=400,Men's Clothing,UrbanGent,$103.99
B01GRNTHK2,Premium Leather Watch,https://images.unsplash.com/photo-1492707892479-7bc8d5a4ee93?w=400,Accessories,TrendyBits,$57.99
B00GBAWI08,Premium Wool Hat,https://images.unsplash.com/photo-1492707892479-7bc8d5a4ee93?w=400,Accessories,TrendyBits,$183.99
B00TQQ49KG,Luxury Solid Brooch,https://images.unsplash.com/photo-1535632066927-ab7c9ab60908?w=400,Jewelry,LuxeJewel,$50.99
B001CD6EHC,Comfortable Woven Dress,https://images.unsplash.com/photo-1595777457583-95e059d581b8?w=400,Women's Clothing,ChicWear,$80.99
B01C42U3XK,Essential Knit Messenger Bag,https://images.unsplash.com/photo-1553062407-98eeb64c6a62?w=400,Bags & Luggage,BagMaster,$75.99
B00ACWZNJY,Designer Printed Gloves,https://images.unsplash.com/photo-1492707892479-7bc8d5a4ee93?w=400,Accessories,TrendyBits,$55.99
B00WQZ9B3Y,Comfortable Suede Skirt,https://images.unsplash.com/photo-1595777457583-95e059d581b8?w=400,Women's Clothing,ChicWear,$27.99
B00AEEDAF4,Elegant Leather Necklace,https://images.unsplash.com/photo-1535632066927-ab7c9ab60908?w=400,Jewelry,LuxeJewel,$470.99
B00FL8TLB0,Essential Woven Messenger Bag,https://images.unsplash.com/photo-1553062407-98eeb64c6a62?w=400,Bags & Luggage,BagMaster,$105.99
B01HHBB6RA,Designer Synthetic Hat,https://images.unsplash.com/photo-1492707892479-7bc8d5a4ee93?w=400,Accessories,TrendyBits,$93.99
B01GIA6VXK,Classic Suede Cardigan,https://images.unsplash.com/photo-1595777457583-95e059d581b8?w=400,Women's Clothing,ChicWear,$104.99
B00FENPJU4,Elegant Knit Pendant,https://images.unsplash.com/photo-1535632066927-ab7c9ab60908?w=400,Jewelry,LuxeJewel,$232.99
B00FARD4K6,Casual Synthetic Handbag,https://images.unsplash.com/photo-1553062407-98eeb64c6a62?w=400,Bags & Luggage,BagMaster,$243.99
B01E76L6H8,Casual Wool Handbag,https://images.unsplash.com/photo-1553062407-98eeb64c6a62?w=400,Bags & Luggage,BagMaster,$51.99
B00ZFRS2TY,Classic Woven Pants,https://images.unsplash.com/photo-1595777457583-95e059d581b8?w=400,Women's Clothing,ChicWear,$26.99
B00TY0BYW0,Elegant Synthetic Pendant,https://images.unsplash.com/photo-1535632066927-ab7c9ab60908?w=400,Jewelry,LuxeJewel,$310.99
B00OCK26WE,Elegant Solid Pendant,https://images.unsplash.com/photo-1535632066927-ab7c9ab60908?w=400,Jewelry,LuxeJewel,$468.99
B01E731CH0,Elegant Cotton Pendant,https://images.unsplash.com/photo-1535632066927-ab7c9ab60908?w=400,Jewelry,LuxeJewel,$164.99
B00OBJTULQ,Casual Knit Suitcase,https://images.unsplash.com/photo-1553062407-98eeb64c6a62?w=400,Bags & Luggage,BagMaster,$165.99
B015E5PRC6,Stylish Silk Sandals,https://images.unsplash.com/photo-1542291026-7eec264c27ff?w=400,Footwear,WalkEasy,$51.99
B00AM5IIS4,Classic Canvas Dress,https://images.unsplash.com/photo-1595777457583-95e059d581b8?w=400,Women's Clothing,ChicWear,$60.99
B00ALMEOY0,Casual Cotton Handbag,https://images.unsplash.com/photo-1553062407-98eeb64c6a62?w=400,Bags & Luggage,BagMaster,$189.99
B005P1KJ3M,Vintage Printed Sneakers,https://images.unsplash.com/photo-1542291026-7eec264c27ff?w=400,Footwear,WalkEasy,$109.99
B013RVKC38,Classic Printed Jacket,https://images.unsplash.com/photo-1595777457583-95e059d581b8?w=400,Women's Clothing,ChicWear,$103.99
B013SU29LG,Classic Denim Dress,https://images.unsplash.com/photo-1595777457583-95e059d581b8?w=400,Women's Clothing,ChicWear,$35.99
B01CQR8JB6,Casual Wool Handbag,https://images.unsplash.com/photo-1553062407-98eeb64c6a62?w=400,Bags & Luggage,BagMaster,$219.99
B01CQRYGJK,Trendy Cotton T-Shirt,https://images.unsplash.com/photo-1586790170083-2f9ceadc732d?w=400,Men's Clothing,UrbanGent,$141.99
B00AQJU4EC,Classic Suede Jacket,https://images.unsplash.com/photo-1595777457583-95e059d581b8?w=400,Women's Clothing,ChicWear,$103.99
B001IAYA66,Modern Leather T-Shirt,https://images.unsplash.com/photo-1586790170083-2f9ceadc732d?w=400,Men's Clothing,UrbanGent,$21.99
B01E4V32OG,Modern Woven Jacket,https://images.unsplash.com/photo-1586790170083-2f9ceadc732d?w=400,Men's Clothing,UrbanGent,$65.99
B01FT91LHW,Casual Cotton Handbag,https://images.unsplash.com/photo-1553062407-98eeb64c6a62?w=400,Bags & Luggage,BagMaster,$237.99
B0055V3CFE,Casual Wool Handbag,https://images.unsplash.com/photo-1553062407-98eeb64c6a62?w=400,Bags & Luggage,BagMaster,$105.99
B01CZW2MJM,Comfortable Printed Pants,https://images.unsplash.com/photo-1595777457583-95e059d581b8?w=400,Women's Clothing,ChicWear,$66.99
B015JJT4LM,Casual Denim Suitcase,https://images.unsplash.com/photo-1553062407-98eeb64c6a62?w=400,Bags & Luggage,BagMaster,$105.99
B015K81ZZ0,Luxury Canvas Earrings,https://images.unsplash.com/photo-1535632066927-ab7c9ab60908?w=400,Jewelry,LuxeJewel,$188.99
B00NX76X4O,Premium Canvas Watch,https://images.unsplash.com/photo-1492707892479-7bc8d5a4ee93?w=400,Accessories,TrendyBits,$152.99
B00YOG1FM8,Essential Cotton Messenger Bag,https://images.unsplash.com/photo-1553062407-98eeb64c6a62?w=400,Bags & Luggage,BagMaster,$243.99
B00DMS962K,Classic Wool Pants,https://images.unsplash.com/photo-1595777457583-95e059d581b8?w=400,Women's Clothing,ChicWear,$66.99
B00DIV6R6E,Vintage Cotton Sneakers,https://images.unsplash.com/photo-1542291026-7eec264c27ff?w=400,Footwear,WalkEasy,$56.99
B01E121X5S,Designer Suede Watch,https://images.unsplash.com/photo-1492707892479-7bc8d5a4ee93?w=400,Accessories,TrendyBits,$62.99
B00DAMIX4U,Trendy Wool T-Shirt,https://images.unsplash.com/photo-1586790170083-2f9ceadc732d?w=400,Men's Clothing,UrbanGent,$61.99
B00QBADIZ2,Elegant Cotton Pendant,https://images.unsplash.com/photo-1535632066927-ab7c9ab60908?w=400,Jewelry,LuxeJewel,$72.99
B01D9IPTBY,Stylish Solid Running Shoes,https://images.unsplash.com/photo-1542291026-7eec264c27ff?w=400,Footwear,WalkEasy,$102.99
B00D0FOXVO,Comfortable Canvas Jacket,https://images.unsplash.com/photo-1595777457583-95e059d581b8?w=400,Women's Clothing,ChicWear,$63.99
B001OGPQBW,Modern Printed Jacket,https://images.unsplash.com/photo-1586790170083-2f9ceadc732d?w=400,Men's Clothing,UrbanGent,$65.99
B00YFX4QA8,Casual Silk Suitcase,https://images.unsplash.com/photo-1553062407-98eeb64c6a62?w=400,Bags & Luggage,BagMaster,$171.99
B015O23MXU,Essential Leather Messenger Bag,https://images.unsplash.com/photo-1553062407-98eeb64c6a62?w=400,Bags & Luggage,BagMaster,$81.99
B00CSUAULY,Premium Wool Wallet,https://images.unsplash.com/photo-1492707892479-7bc8d5a4ee93?w=400,Accessories,TrendyBits,$191.99
B003KR6GLC,Stylish Solid Running Shoes,https://images.unsplash.com/photo-1542291026-7eec264c27ff?w=400,Footwear,WalkEasy,$136.99
B01DFNVB24,Designer Cotton Tie,https://images.unsplash.com/photo-1492707892479-7bc8d5a4ee93?w=400,Accessories,TrendyBits,$199.99
B00CIFVN0G,Classic Denim Jacket,https://images.unsplash.com/photo-1595777457583-95e059d581b8?w=400,Women's Clothing,ChicWear,$108.99
B00CELD62W,Stylish Denim Running Shoes,https://images.unsplash.com/photo-1542291026-7eec264c27ff?w=400,Footwear,WalkEasy,$38.99
B00BFQ1TSU,Premium Woven Hat,https://images.unsplash.com/photo-1492707892479-7bc8d5a4ee93?w=400,Accessories,TrendyBits,$63.99
B01DP2AK36,Casual Canvas Handbag,https://images.unsplash.com/photo-1553062407-98eeb64c6a62?w=400,Bags & Luggage,BagMaster,$171.99
B00QH7MPN0,Essential Leather Crossbody,https://images.unsplash.com/photo-1553062407-98eeb64c6a62?w=400,Bags & Luggage,BagMaster,$105.99
B01DVSJAW6,Modern Leather T-Shirt,https://images.unsplash.com/photo-1586790170083-2f9ceadc732d?w=400,Men's Clothing,UrbanGent,$141.99
B00BS0GXT8,Casual Leather Handbag,https://images.unsplash.com/photo-1553062407-98eeb64c6a62?w=400,Bags & Luggage,BagMaster,$153.99
B00BSL5BC2,Classic Printed Dress,https://images.unsplash.com/photo-1595777457583-95e059d581b8?w=400,Women's Clothing,ChicWear,$35.99
B00NLNFPF8,Essential Leather Messenger Bag,https://images.unsplash.com/photo-1553062407-98eeb64c6a62?w=400,Bags & Luggage,BagMaster,$159.99
B002VB8T8G,Trendy Silk Hoodie,https://images.unsplash.com/photo-1586790170083-2f9ceadc732d?w=400,Men's Clothing,UrbanGent,$47.99
B015VE7X72,Classic Solid Jacket,https://images.unsplash.com/photo-1595777457583-95e059d581b8?w=400,Women's Clothing,ChicWear,$38.99
B00BNQK6HM,Stylish Suede Running Shoes,https://images.unsplash.com/photo-1542291026-7eec264c27ff?w=400,Footwear,WalkEasy,$163.99
B00XZZX9KU,Essential Canvas Crossbody,https://images.unsplash.com/photo-1553062407-98eeb64c6a62?w=400,Bags & Luggage,BagMaster,$105.99
B0185NXBEU,Trendy Leather Jeans,https://images.unsplash.com/photo-1586790170083-2f9ceadc732d?w=400,Men's Clothing,UrbanGent,$143.99
B013OUXSVK,Luxury Wool Brooch,https://images.unsplash.com/photo-1535632066927-ab7c9ab60908?w=400,Jewelry,LuxeJewel,$256.99
B015S7AP86,Elegant Cotton Pendant,https://images.unsplash.com/photo-1535632066927-ab7c9ab60908?w=400,Jewelry,LuxeJewel,$346.99
B007X4CB8U,Stylish Printed Sandals,https://images.unsplash.com/photo-1542291026-7eec264c27ff?w=400,Footwear,WalkEasy,$44.99
B014JR5NS8,Elegant Canvas Pendant,https://images.unsplash.com/photo-1535632066927-ab7c9ab60908?w=400,Jewelry,LuxeJewel,$398.99
B003EI11GW,Luxury Canvas Brooch,https://images.unsplash.com/photo-1535632066927-ab7c9ab60908?w=400,Jewelry,LuxeJewel,$164.99
B00S99PCSE,Elegant Cotton Pendant,https://images.unsplash.com/photo-1535632066927-ab7c9ab60908?w=400,Jewelry,LuxeJewel,$44.99
B019SN2CEG,Essential Wool Crossbody,https://images.unsplash.com/photo-1553062407-98eeb64c6a62?w=400,Bags & Luggage,BagMaster,$63.99
B00CAW7V1C,Premium Printed Watch,https://images.unsplash.com/photo-1492707892479-7bc8d5a4ee93?w=400,Accessories,TrendyBits,$82.99
B00ODM024A,Modern Leather Suit,https://images.unsplash.com/photo-1586790170083-2f9ceadc732d?w=400,Men's Clothing,UrbanGent,$149.99
B00CIIE954,Trendy Wool T-Shirt,https://images.unsplash.com/photo-1586790170083-2f9ceadc732d?w=400,Men's Clothing,UrbanGent,$81.99
B0159XUVLU,Premium Knit Watch,https://images.unsplash.com/photo-1492707892479-7bc8d5a4ee93?w=400,Accessories,TrendyBits,$157.99
B00PJIR7M2,Modern Wool Jeans,https://images.unsplash.com/photo-1586790170083-2f9ceadc732d?w=400,Men's Clothing,UrbanGent,$113.99
B007JESML4,Premium Solid Hat,https://images.unsplash.com/photo-1492707892479-7bc8d5a4ee93?w=400,Accessories,TrendyBits,$103.99
B01F74QQF6,Vintage Denim Sneakers,https://images.unsplash.com/photo-1542291026-7eec264c27ff?w=400,Footwear,WalkEasy,$47.99
B009F9UAP2,Modern Silk Jeans,https://images.unsplash.com/photo-1586790170083-2f9ceadc732d?w=400,Men's Clothing,UrbanGent,$33.99
B00983ZX5C,Modern Denim Jacket,https://images.unsplash.com/photo-1586790170083-2f9ceadc732d?w=400,Men's Clothing,UrbanGent,$45.99
B01BDAD31I,Designer Denim Watch,https://images.unsplash.com/photo-1492707892479-7bc8d5a4ee93?w=400,Accessories,TrendyBits,$162.99
B01F6O868C,Casual Solid Handbag,https://images.unsplash.com/photo-1553062407-98eeb64c6a62?w=400,Bags & Luggage,BagMaster,$213.99
B00PSWT1MI,Modern Cotton Jacket,https://images.unsplash.com/photo-1586790170083-2f9ceadc732d?w=400,Men's Clothing,UrbanGent,$75.99
B01EC9QC2Y,Designer Silk Wallet,https://images.unsplash.com/photo-1492707892479-7bc8d5a4ee93?w=400,Accessories,TrendyBits,$131.99
B01CCLCR6O,Classic Canvas Dress,https://images.unsplash.com/photo-1595777457583-95e059d581b8?w=400,Women's Clothing,ChicWear,$50.99
B00LVP1FD4,Stylish Suede Sandals,https://images.unsplash.com/photo-1542291026-7eec264c27ff?w=400,Footwear,WalkEasy,$134.99
B01GZYMAOS,Luxury Knit Brooch,https://images.unsplash.com/photo-1535632066927-ab7c9ab60908?w=400,Jewelry,LuxeJewel,$64.99
B00GDPICJW,Elegant Silk Necklace,https://images.unsplash.com/photo-1535632066927-ab7c9ab60908?w=400,Jewelry,LuxeJewel,$82.99
B01GIA78E6,Vintage Synthetic Sneakers,https://images.unsplash.com/photo-1542291026-7eec264c27ff?w=400,Footwear,WalkEasy,$81.99
B00IOVLLS2,Classic Woven Cardigan,https://images.unsplash.com/photo-1595777457583-95e059d581b8?w=400,Women's Clothing,ChicWear,$99.99
B01ASN76SC,Elegant Suede Pendant,https://images.unsplash.com/photo-1535632066927-ab7c9ab60908?w=400,Jewelry,LuxeJewel,$446.99
B01CJJKOP0,Designer Woven Wallet,https://images.unsplash.com/photo-1492707892479-7bc8d5a4ee93?w=400,Accessories,TrendyBits,$181.99
B015OD52QO,Essential Cotton Crossbody,https://images.unsplash.com/photo-1553062407-98eeb64c6a62?w=400,Bags & Luggage,BagMaster,$99.99
B00EZJ224Y,Classic Synthetic Dress,https://images.unsplash.com/photo-1595777457583-95e059d581b8?w=400,Women's Clothing,ChicWear,$75.99
B00FLONJQ2,Premium Canvas Watch,https://images.unsplash.com/photo-1492707892479-7bc8d5a4ee93?w=400,Accessories,TrendyBits,$167.99
B00BWA0P7K,Modern Knit Hoodie,https://images.unsplash.com/photo-1586790170083-2f9ceadc732d?w=400,Men's Clothing,UrbanGent,$127.99
B00DNVIUN2,Vintage Suede Flats,https://images.unsplash.com/photo-1542291026-7eec264c27ff?w=400,Footwear,WalkEasy,$160.99
B002IVTFDW,Trendy Denim T-Shirt,https://images.unsplash.com/photo-1586790170083-2f9ceadc732d?w=400,Men's Clothing,UrbanGent,$61.99
B00SKEM5Q0,Modern Knit Suit,https://images.unsplash.com/photo-1586790170083-2f9ceadc732d?w=400,Men's Clothing,UrbanGent,$119.99
B00SB8TZB8,Elegant Leather Pendant,https://images.unsplash.com/photo-1535632066927-ab7c9ab60908?w=400,Jewelry,LuxeJewel,$232.99
B013E9FMOC,Stylish Silk Sandals,https://images.unsplash.com/photo-1542291026-7eec264c27ff?w=400,Footwear,WalkEasy,$97.99
B01G59Y0XW,Premium Denim Tie,https://images.unsplash.com/photo-1492707892479-7bc8d5a4ee93?w=400,Accessories,TrendyBits,$99.99
B015R0XELY,Stylish Leather Sandals,https://images.unsplash.com/photo-1542291026-7eec264c27ff?w=400,Footwear,WalkEasy,$155.99
B00Z6K9672,Trendy Suede Jeans,https://images.unsplash.com/photo-1586790170083-2f9ceadc732d?w=400,Men's Clothing,UrbanGent,$73.99
B017INLE42,Designer Leather Tie,https://images.unsplash.com/photo-1492707892479-7bc8d5a4ee93?w=400,Accessories,TrendyBits,$99.99
B0054YVUUG,Designer Canvas Tie,https://images.unsplash.com/photo-1492707892479-7bc8d5a4ee93?w=400,Accessories,TrendyBits,$119.99
B01H7KY678,Vintage Denim Flats,https://images.unsplash.com/photo-1542291026-7eec264c27ff?w=400,Footwear,WalkEasy,$126.99
B00JO7OA5G,Comfortable Denim Skirt,https://images.unsplash.com/photo-1595777457583-95e059d581b8?w=400,Women's Clothing,ChicWear,$72.99
B00LOZ1YEQ,Stylish Woven Running Shoes,https://images.unsplash.com/photo-1542291026-7eec264c27ff?w=400,Footwear,WalkEasy,$86.99
B017H3PXD6,Vintage Silk Sneakers,https://images.unsplash.com/photo-1542291026-7eec264c27ff?w=400,Footwear,WalkEasy,$135.99
B00NOKZANA,Stylish Suede Running Shoes,https://images.unsplash.com/photo-1542291026-7eec264c27ff?w=400,Footwear,WalkEasy,$100.99
B01G51O26K,Classic Synthetic Skirt,https://images.unsplash.com/photo-1595777457583-95e059d581b8?w=400,Women's Clothing,ChicWear,$67.99
B019PKFKAK,Comfortable Denim Cardigan,https://images.unsplash.com/photo-1595777457583-95e059d581b8?w=400,Women's Clothing,ChicWear,$29.99
B00818D7B2,Stylish Wool Sandals,https://images.unsplash.com/photo-1542291026-7eec264c27ff?w=400,Footwear,WalkEasy,$143.99
B00KXR6UHW,Modern Silk Hoodie,https://images.unsplash.com/photo-1586790170083-2f9ceadc732d?w=400,Men's Clothing,UrbanGent,$107.99
B00F54WM02,Designer Denim Hat,https://images.unsplash.com/photo-1492707892479-7bc8d5a4ee93?w=400,Accessories,TrendyBits,$103.99
B00JHOO948,Designer Denim Gloves,https://images.unsplash.com/photo-1492707892479-7bc8d5a4ee93?w=400,Accessories,TrendyBits,$160.99
B01H63UPA8,Designer Leather Watch,https://images.unsplash.com/photo-1492707892479-7bc8d5a4ee93?w=400,Accessories,TrendyBits,$187.99
B00L4JIOXG,Casual Suede Handbag,https://images.unsplash.com/photo-1553062407-98eeb64c6a62?w=400,Bags & Luggage,BagMaster,$57.99
B00AM1BY3O,Classic Solid Cardigan,https://images.unsplash.com/photo-1595777457583-95e059d581b8?w=400,Women's Clothing,ChicWear,$44.99
B01CG0GU78,Trendy Solid T-Shirt,https://images.unsplash.com/photo-1586790170083-2f9ceadc732d?w=400,Men's Clothing,UrbanGent,$91.99
B00PJ3DNCA,Luxury Cotton Earrings,https://images.unsplash.com/photo-1535632066927-ab7c9ab60908?w=400,Jewelry,LuxeJewel,$168.99
B00O1UJ18M,Luxury Suede Earrings,https://images.unsplash.com/photo-1535632066927-ab7c9ab60908?w=400,Jewelry,LuxeJewel,$400.99
B0018N7LZ0,Essential Suede Messenger Bag,https://images.unsplash.com/photo-1553062407-98eeb64c6a62?w=400,Bags & Luggage,BagMaster,$57.99
B01EHQMPGE,Trendy Denim Jacket,https://images.unsplash.com/photo-1586790170083-2f9ceadc732d?w=400,Men's Clothing,UrbanGent,$85.99
B00T7MMKDC,Trendy Printed Jacket,https://images.unsplash.com/photo-1586790170083-2f9ceadc732d?w=400,Men's Clothing,UrbanGent,$85.99
B01FZAUA8G,Premium Knit Hat,https://images.unsplash.com/photo-1492707892479-7bc8d5a4ee93?w=400,Accessories,TrendyBits,$73.99
B018X8Q3QK,Designer Silk Wallet,https://images.unsplash.com/photo-1492707892479-7bc8d5a4ee93?w=400,Accessories,TrendyBits,$71.99
B00T838LNS,Vintage Leather Flats,https://images.unsplash.com/photo-1542291026-7eec264c27ff?w=400,Footwear,WalkEasy,$120.99
B00V6JGG84,Stylish Denim Sandals,https://images.unsplash.com/photo-1542291026-7eec264c27ff?w=400,Footwear,WalkEasy,$98.99
B014J3GVX8,Essential Wool Messenger Bag,https://images.unsplash.com/photo-1553062407-98eeb64c6a62?w=400,Bags & Luggage,BagMaster,$189.99
B00JFR8J4I,Trendy Knit Suit,https://images.unsplash.com/photo-1586790170083-2f9ceadc732d?w=400,Men's Clothing,UrbanGent,$139.99
B00FBOTTKM,Luxury Leather Earrings,https://images.unsplash.com/photo-1535632066927-ab7c9ab60908?w=400,Jewelry,LuxeJewel,$198.99
B014VFFGGW,Vintage Denim Flats,https://images.unsplash.com/photo-1542291026-7eec264c27ff?w=400,Footwear,WalkEasy,$135.99
B00B60CLNC,Classic Cotton Skirt,https://images.unsplash.com/photo-1595777457583-95e059d581b8?w=400,Women's Clothing,ChicWear,$32.99
B00EP6SZWK,Stylish Printed Sandals,https://images.unsplash.com/photo-1542291026-7eec264c27ff?w=400,Footwear,WalkEasy,$174.99
B01CETXCGI,Comfortable Denim Dress,https://images.unsplash.com/photo-1595777457583-95e059d581b8?w=400,Women's Clothing,ChicWear,$95.99
B00GUY9PI8,Comfortable Solid Cardigan,https://images.unsplash.com/photo-1595777457583-95e059d581b8?w=400,Women's Clothing,ChicWear,$104.99
B01BLXQZOY,Designer Knit Gloves,https://images.unsplash.com/photo-1492707892479-7bc8d5a4ee93?w=400,Accessories,TrendyBits,$115.99
B0009JMGM2,Classic Canvas Pants,https://images.unsplash.com/photo-1595777457583-95e059d581b8?w=400,Women's Clothing,ChicWear,$106.99
B007ZQGR5Y,Comfortable Suede Dress,https://images.unsplash.com/photo-1595777457583-95e059d581b8?w=400,Women's Clothing,ChicWear,$25.99
B01BCPL2J4,Stylish Suede Running Shoes,https://images.unsplash.com/photo-1542291026-7eec264c27ff?w=400,Footwear,WalkEasy,$137.99
B0146AEORO,Vintage Synthetic Sneakers,https://images.unsplash.com/photo-1542291026-7eec264c27ff?w=400,Footwear,WalkEasy,$97.99
B00POGJ1BO,Comfortable Synthetic Skirt,https://images.unsplash.com/photo-1595777457583-95e059d581b8?w=400,Women's Clothing,ChicWear,$117.99
B00147MPGA,Comfortable Knit Skirt,https://images.unsplash.com/photo-1595777457583-95e059d581b8?w=400,Women's Clothing,ChicWear,$67.99
B0091HJOKK,Stylish Cotton Sandals,https://images.unsplash.com/photo-1542291026-7eec264c27ff?w=400,Footwear,WalkEasy,$109.99
B00EXKUKEE,Casual Synthetic Suitcase,https://images.unsplash.com/photo-1553062407-98eeb64c6a62?w=400,Bags & Luggage,BagMaster,$117.99
B017HB3T6Q,Premium Silk Gloves,https://images.unsplash.com/photo-1492707892479-7bc8d5a4ee93?w=400,Accessories,TrendyBits,$175.99
B012EZQK3Y,Casual Synthetic Suitcase,https://images.unsplash.com/photo-1553062407-98eeb64c6a62?w=400,Bags & Luggage,BagMaster,$69.99
B015TBTFNM,Comfortable Wool Skirt,https://images.unsplash.com/photo-1595777457583-95e059d581b8?w=400,Women's Clothing,ChicWear,$117.99
B00XVQ3OW6,Modern Woven Jeans,https://images.unsplash.com/photo-1586790170083-2f9ceadc732d?w=400,Men's Clothing,UrbanGent,$53.99
B01CJ22MZM,Modern Knit Suit,https://images.unsplash.com/photo-1586790170083-2f9ceadc732d?w=400,Men's Clothing,UrbanGent,$69.99
B00DZUPCVO,Designer Synthetic Gloves,https://images.unsplash.com/photo-1492707892479-7bc8d5a4ee93?w=400,Accessories,TrendyBits,$55.99
B00L924E6Y,Designer Silk Hat,https://images.unsplash.com/photo-1492707892479-7bc8d5a4ee93?w=400,Accessories,TrendyBits,$173.99
B00KBQPMJ2,Luxury Suede Earrings,https://images.unsplash.com/photo-1535632066927-ab7c9ab60908?w=400,Jewelry,LuxeJewel,$366.99
B015G19JNQ,Stylish Silk Sandals,https://images.unsplash.com/photo-1542291026-7eec264c27ff?w=400,Footwear,WalkEasy,$92.99
B016UFNBQI,Casual Leather Handbag,https://images.unsplash.com/photo-1553062407-98eeb64c6a62?w=400,Bags & Luggage,BagMaster,$183.99
B00DOHRYSC,Vintage Woven Flats,https://images.unsplash.com/photo-1542291026-7eec264c27ff?w=400,Footwear,WalkEasy,$178.99
B01CJUTFBS,Casual Woven Handbag,https://images.unsplash.com/photo-1553062407-98eeb64c6a62?w=400,Bags & Luggage,BagMaster,$63.99
B00CAA20TW,Designer Solid Wallet,https://images.unsplash.com/photo-1492707892479-7bc8d5a4ee93?w=400,Accessories,TrendyBits,$81.99
B00ZOR2F6Q,Luxury Denim Earrings,https://images.unsplash.com/photo-1535632066927-ab7c9ab60908?w=400,Jewelry,LuxeJewel,$464.99
B017J263G6,Vintage Leather Sneakers,https://images.unsplash.com/photo-1542291026-7eec264c27ff?w=400,Footwear,WalkEasy,$163.99
B009CQOGA8,Vintage Knit Flats,https://images.unsplash.com/photo-1542291026-7eec264c27ff?w=400,Footwear,WalkEasy,$130.99
B000ER9V68,Modern Suede Jeans,https://images.unsplash.com/photo-1586790170083-2f9ceadc732d?w=400,Men's Clothing,UrbanGent,$83.99
B01F5SDWX8,Stylish Solid Running Shoes,https://images.unsplash.com/photo-1542291026-7eec264c27ff?w=400,Footwear,WalkEasy,$88.99
B0191Y72E2,Vintage Suede Sneakers,https://images.unsplash.com/photo-1542291026-7eec264c27ff?w=400,Footwear,WalkEasy,$59.99
B00TFS0V1Q,Classic Synthetic Pants,https://images.unsplash.com/photo-1595777457583-95e059d581b8?w=400,Women's Clothing,ChicWear,$66.99
B00ZW9IQ5U,Classic Leather Skirt,https://images.unsplash.com/photo-1595777457583-95e059d581b8?w=400,Women's Clothing,ChicWear,$112.99
B00M75QSJI,Luxury Suede Brooch,https://images.unsplash.com/photo-1535632066927-ab7c9ab60908?w=400,Jewelry,LuxeJewel,$332.99
B004GJ0KLK,Comfortable Synthetic Cardigan,https://images.unsplash.com/photo-1595777457583-95e059d581b8?w=400,Women's Clothing,ChicWear,$89.99
B00ZF8CWVC,Essential Cotton Messenger Bag,https://images.unsplash.com/photo-1553062407-98eeb64c6a62?w=400,Bags & Luggage,BagMaster,$135.99
B005KSIQWG,Casual Canvas Handbag,https://images.unsplash.com/photo-1553062407-98eeb64c6a62?w=400,Bags & Luggage,BagMaster,$129.99
B000HJTD6G,Casual Leather Handbag,https://images.unsplash.com/photo-1553062407-98eeb64c6a62?w=400,Bags & Luggage,BagMaster,$171.99
B01FKAYOH4,Premium Woven Gloves,https://images.unsplash.com/photo-1492707892479-7bc8d5a4ee93?w=400,Accessories,TrendyBits,$100.99
B00PGY71HK,Designer Knit Hat,https://images.unsplash.com/photo-1492707892479-7bc8d5a4ee93?w=400,Accessories,TrendyBits,$173.99
B00U8OCWAE,Elegant Canvas Pendant,https://images.unsplash.com/photo-1535632066927-ab7c9ab60908?w=400,Jewelry,LuxeJewel,$82.99
B019E9UWRI,Designer Wool Hat,https://images.unsplash.com/photo-1492707892479-7bc8d5a4ee93?w=400,Accessories,TrendyBits,$158.99
B002HYR7NU,Luxury Suede Brooch,https://images.unsplash.com/photo-1535632066927-ab7c9ab60908?w=400,Jewelry,LuxeJewel,$160.99
B00A8LUTPW,Premium Suede Wallet,https://images.unsplash.com/photo-1492707892479-7bc8d5a4ee93?w=400,Accessories,TrendyBits,$191.99
B0071MLJIW,Luxury Synthetic Earrings,https://images.unsplash.com/photo-1535632066927-ab7c9ab60908?w=400,Jewelry,LuxeJewel,$114.99
B014NNSO5W,Stylish Suede Running Shoes,https://images.unsplash.com/photo-1542291026-7eec264c27ff?w=400,Footwear,WalkEasy,$64.99
B00790PVFS,Vintage Canvas Sneakers,https://images.unsplash.com/photo-1542291026-7eec264c27ff?w=400,Footwear,WalkEasy,$120.99
B00IMQ6FU8,Elegant Canvas Necklace,https://images.unsplash.com/photo-1535632066927-ab7c9ab60908?w=400,Jewelry,LuxeJewel,$234.99
B00609CASA,Elegant Solid Necklace,https://images.unsplash.com/photo-1535632066927-ab7c9ab60908?w=400,Jewelry,LuxeJewel,$188.99
B014JQWAV2,Casual Canvas Handbag,https://images.unsplash.com/photo-1553062407-98eeb64c6a62?w=400,Bags & Luggage,BagMaster,$87.99
B00KF3IND8,Designer Denim Hat,https://images.unsplash.com/photo-1492707892479-7bc8d5a4ee93?w=400,Accessories,TrendyBits,$118.99
B00P81WNQ0,Premium Solid Tie,https://images.unsplash.com/photo-1492707892479-7bc8d5a4ee93?w=400,Accessories,TrendyBits,$134.99
B00OQIKHKK,Casual Canvas Handbag,https://images.unsplash.com/photo-1553062407-98eeb64c6a62?w=400,Bags & Luggage,BagMaster,$57.99
B01FF8VKWI,Designer Cotton Hat,https://images.unsplash.com/photo-1492707892479-7bc8d5a4ee93?w=400,Accessories,TrendyBits,$88.99
B00YBYICJC,Luxury Printed Earrings,https://images.unsplash.com/photo-1535632066927-ab7c9ab60908?w=400,Jewelry,LuxeJewel,$426.99
B01EO4HIQ6,Trendy Synthetic Jeans,https://images.unsplash.com/photo-1586790170083-2f9ceadc732d?w=400,Men's Clothing,UrbanGent,$23.99
B00T9BW63K,Comfortable Canvas Pants,https://images.unsplash.com/photo-1595777457583-95e059d581b8?w=400,Women's Clothing,ChicWear,$71.99
B00IJ6DU4U,Essential Denim Messenger Bag,https://images.unsplash.com/photo-1553062407-98eeb64c6a62?w=400,Bags & Luggage,BagMaster,$123.99
B002OMWYB0,Essential Solid Messenger Bag,https://images.unsplash.com/photo-1553062407-98eeb64c6a62?w=400,Bags & Luggage,BagMaster,$237.99
B00GUALA08,Designer Solid Gloves,https://images.unsplash.com/photo-1492707892479-7bc8d5a4ee93?w=400,Accessories,TrendyBits,$140.99
B00XPXY92E,Essential Synthetic Crossbody,https://images.unsplash.com/photo-1553062407-98eeb64c6a62?w=400,Bags & Luggage,BagMaster,$225.99
B00JXO67HO,Classic Printed Jacket,https://images.unsplash.com/photo-1595777457583-95e059d581b8?w=400,Women's Clothing,ChicWear,$108.99
B00ZFT6W26,Designer Denim Wallet,https://images.unsplash.com/photo-1492707892479-7bc8d5a4ee93?w=400,Accessories,TrendyBits,$106.99
B00KREP1HQ,Classic Leather Skirt,https://images.unsplash.com/photo-1595777457583-95e059d581b8?w=400,Women's Clothing,ChicWear,$62.99
B018DJXBTQ,Vintage Knit Sneakers,https://images.unsplash.com/photo-1542291026-7eec264c27ff?w=400,Footwear,WalkEasy,$47.99
B01GEJEIJ4,Vintage Printed Flats,https://images.unsplash.com/photo-1542291026-7eec264c27ff?w=400,Footwear,WalkEasy,$172.99
B00NAFMWRG,Essential Suede Messenger Bag,https://images.unsplash.com/photo-1553062407-98eeb64c6a62?w=400,Bags & Luggage,BagMaster,$249.99
B00CBTI10Y,Comfortable Woven Pants,https://images.unsplash.com/photo-1595777457583-95e059d581b8?w=400,Women's Clothing,ChicWear,$51.99
B00Y4IOVQI,Stylish Synthetic Running Shoes,https://images.unsplash.com/photo-1542291026-7eec264c27ff?w=400,Footwear,WalkEasy,$98.99
B00OLNVKJ2,Designer Solid Wallet,https://images.unsplash.com/photo-1492707892479-7bc8d5a4ee93?w=400,Accessories,TrendyBits,$176.99
B01AYBWVAQ,Modern Cotton Jeans,https://images.unsplash.com/photo-1586790170083-2f9ceadc732d?w=400,Men's Clothing,UrbanGent,$83.99
B01GUS235K,Comfortable Suede Jacket,https://images.unsplash.com/photo-1595777457583-95e059d581b8?w=400,Women's Clothing,ChicWear,$93.99
B017EBJOI6,Luxury Solid Brooch,https://images.unsplash.com/photo-1535632066927-ab7c9ab60908?w=400,Jewelry,LuxeJewel,$38.99
B00VJOF65A,Elegant Denim Necklace,https://images.unsplash.com/photo-1535632066927-ab7c9ab60908?w=400,Jewelry,LuxeJewel,$456.99
B007L3WDXG,Comfortable Canvas Dress,https://images.unsplash.com/photo-1595777457583-95e059d581b8?w=400,Women's Clothing,ChicWear,$45.99
B005F9CDFG,Premium Synthetic Hat,https://images.unsplash.com/photo-1492707892479-7bc8d5a4ee93?w=400,Accessories,TrendyBits,$143.99
B00SXTX35E,Trendy Cotton Jacket,https://images.unsplash.com/photo-1586790170083-2f9ceadc732d?w=400,Men's Clothing,UrbanGent,$35.99
B00BUTH4A4,Comfortable Silk Skirt,https://images.unsplash.com/photo-1595777457583-95e059d581b8?w=400,Women's Clothing,ChicWear,$27.99
B0183FYJ9G,Stylish Solid Sandals,https://images.unsplash.com/photo-1542291026-7eec264c27ff?w=400,Footwear,WalkEasy,$135.99
B00GEZX1L0,Essential Cotton Crossbody,https://images.unsplash.com/photo-1553062407-98eeb64c6a62?w=400,Bags & Luggage,BagMaster,$201.99
B01AUCV1NC,Stylish Knit Running Shoes,https://images.unsplash.com/photo-1542291026-7eec264c27ff?w=400,Footwear,WalkEasy,$63.99
B007BBO50M,Modern Wool Suit,https://images.unsplash.com/photo-1586790170083-2f9ceadc732d?w=400,Men's Clothing,UrbanGent,$49.99
B00ZOXFI1E,Comfortable Leather Dress,https://images.unsplash.com/photo-1595777457583-95e059d581b8?w=400,Women's Clothing,ChicWear,$30.99
B014JQG2EI,Classic Synthetic Cardigan,https://images.unsplash.com/photo-1595777457583-95e059d581b8?w=400,Women's Clothing,ChicWear,$94.99
B013UC518K,Classic Woven Jacket,https://images.unsplash.com/photo-1595777457583-95e059d581b8?w=400,Women's Clothing,ChicWear,$28.99
B017H4Z7JA,Stylish Cotton Running Shoes,https://images.unsplash.com/photo-1542291026-7eec264c27ff?w=400,Footwear,WalkEasy,$154.99
B01CZU8IA6,Comfortable Woven Pants,https://images.unsplash.com/photo-1595777457583-95e059d581b8?w=400,Women's Clothing,ChicWear,$51.99
B01641CJOI,Classic Wool Jacket,https://images.unsplash.com/photo-1595777457583-95e059d581b8?w=400,Women's Clothing,ChicWear,$43.99
B00ENQ9ZU8,Designer Suede Gloves,https://images.unsplash.com/photo-1492707892479-7bc8d5a4ee93?w=400,Accessories,TrendyBits,$20.99
B00G874L22,Premium Solid Wallet,https://images.unsplash.com/photo-1492707892479-7bc8d5a4ee93?w=400,Accessories,TrendyBits,$196.99
B017XYX5B6,Luxury Cotton Earrings,https://images.unsplash.com/photo-1535632066927-ab7c9ab60908?w=400,Jewelry,LuxeJewel,$310.99
B01EFR599A,Vintage Knit Sneakers,https://images.unsplash.com/photo-1542291026-7eec264c27ff?w=400,Footwear,WalkEasy,$108.99
B00C1G46QA,Luxury Suede Earrings,https://images.unsplash.com/photo-1535632066927-ab7c9ab60908?w=400,Jewelry,LuxeJewel,$420.99
B00B0E762U,Casual Cotton Handbag,https://images.unsplash.com/photo-1553062407-98eeb64c6a62?w=400,Bags & Luggage,BagMaster,$111.99
B00MC05JF2,Premium Wool Gloves,https://images.unsplash.com/photo-1492707892479-7bc8d5a4ee93?w=400,Accessories,TrendyBits,$120.99
B00MOA8RGI,Designer Woven Tie,https://images.unsplash.com/photo-1492707892479-7bc8d5a4ee93?w=400,Accessories,TrendyBits,$174.99
B019FYVSFM,Casual Canvas Handbag,https://images.unsplash.com/photo-1553062407-98eeb64c6a62?w=400,Bags & Luggage,BagMaster,$117.99
B017VONB80,Elegant Leather Pendant,https://images.unsplash.com/photo-1535632066927-ab7c9ab60908?w=400,Jewelry,LuxeJewel,$194.99
B014Q5MKLQ,Vintage Knit Flats,https://images.unsplash.com/photo-1542291026-7eec264c27ff?w=400,Footwear,WalkEasy,$119.99
B00A77IKCG,Luxury Woven Brooch,https://images.unsplash.com/photo-1535632066927-ab7c9ab60908?w=400,Jewelry,LuxeJewel,$322.99
B00VKOQWTI,Stylish Suede Running Shoes,https://images.unsplash.com/photo-1542291026-7eec264c27ff?w=400,Footwear,WalkEasy,$85.99
B013BDU9F8,Classic Printed Skirt,https://images.unsplash.com/photo-1595777457583-95e059d581b8?w=400,Women's Clothing,ChicWear,$47.99
B01BNUY8YY,Stylish Woven Sandals,https://images.unsplash.com/photo-1542291026-7eec264c27ff?w=400,Footwear,WalkEasy,$168.99
B00MH9Z4F8,Trendy Synthetic T-Shirt,https://images.unsplash.com/photo-1586790170083-2f9ceadc732d?w=400,Men's Clothing,UrbanGent,$121.99
B0054LZL7C,Essential Leather Crossbody,https://images.unsplash.com/photo-1553062407-98eeb64c6a62?w=400,Bags & Luggage,BagMaster,$45.99
B01ER1F8B8,Vintage Suede Flats,https://images.unsplash.com/photo-1542291026-7eec264c27ff?w=400,Footwear,WalkEasy,$144.99
B00JZ6B2WU,Casual Cotton Suitcase,https://images.unsplash.com/photo-1553062407-98eeb64c6a62?w=400,Bags & Luggage,BagMaster,$75.99
B00IJJVWYM,Classic Knit Jacket,https://images.unsplash.com/photo-1595777457583-95e059d581b8?w=400,Women's Clothing,ChicWear,$53.99
B00PC1P4KI,Stylish Leather Sandals,https://images.unsplash.com/photo-1542291026-7eec264c27ff?w=400,Footwear,WalkEasy,$141.99
B00YJC2AGW,Vintage Suede Sneakers,https://images.unsplash.com/photo-1542291026-7eec264c27ff?w=400,Footwear,WalkEasy,$173.99
B00XIS6OYM,Modern Denim Jeans,https://images.unsplash.com/photo-1586790170083-2f9ceadc732d?w=400,Men's Clothing,UrbanGent,$43.99
B01DBSIX60,Essential Woven Crossbody,https://images.unsplash.com/photo-1553062407-98eeb64c6a62?w=400,Bags & Luggage,BagMaster,$45.99
B011RKYO8A,Luxury Canvas Earrings,https://images.unsplash.com/photo-1535632066927-ab7c9ab60908?w=400,Jewelry,LuxeJewel,$394.99
B005DZDGQW,Vintage Canvas Flats,https://images.unsplash.com/photo-1542291026-7eec264c27ff?w=400,Footwear,WalkEasy,$87.99
B017AS98KM,Modern Synthetic Hoodie,https://images.unsplash.com/photo-1586790170083-2f9ceadc732d?w=400,Men's Clothing,UrbanGent,$147.99
B00QNNG46W,Casual Canvas Suitcase,https://images.unsplash.com/photo-1553062407-98eeb64c6a62?w=400,Bags & Luggage,BagMaster,$69.99
B00XMTI5B2,Classic Solid Cardigan,https://images.unsplash.com/photo-1595777457583-95e059d581b8?w=400,Women's Clothing,ChicWear,$49.99
B00XIDH80G,Stylish Woven Running Shoes,https://images.unsplash.com/photo-1542291026-7eec264c27ff?w=400,Footwear,WalkEasy,$174.99
B00GNU65NM,Classic Synthetic Pants,https://images.unsplash.com/photo-1595777457583-95e059d581b8?w=400,Women's Clothing,ChicWear,$41.99
B0075CO06Q,Casual Synthetic Handbag,https://images.unsplash.com/photo-1553062407-98eeb64c6a62?w=400,Bags & Luggage,BagMaster,$69.99
B018JKODZA,Premium Printed Wallet,https://images.unsplash.com/photo-1492707892479-7bc8d5a4ee93?w=400,Accessories,TrendyBits,$76.99
B014P7S7GC,Designer Denim Gloves,https://images.unsplash.com/photo-1492707892479-7bc8d5a4ee93?w=400,Accessories,TrendyBits,$80.99
B00CCFZ65U,Stylish Printed Sandals,https://images.unsplash.com/photo-1542291026-7eec264c27ff?w=400,Footwear,WalkEasy,$68.99
B01D2J3354,Stylish Denim Sandals,https://images.unsplash.com/photo-1542291026-7eec264c27ff?w=400,Footwear,WalkEasy,$160.99
B00R5I8IHW,Luxury Printed Earrings,https://images.unsplash.com/photo-1535632066927-ab7c9ab60908?w=400,Jewelry,LuxeJewel,$190.99
B00QR7FBDQ,Designer Knit Hat,https://images.unsplash.com/photo-1492707892479-7bc8d5a4ee93?w=400,Accessories,TrendyBits,$123.99
B004OA7A78,Trendy Synthetic Hoodie,https://images.unsplash.com/photo-1586790170083-2f9ceadc732d?w=400,Men's Clothing,UrbanGent,$37.99
B00KHX4CUE,Trendy Synthetic Jacket,https://images.unsplash.com/photo-1586790170083-2f9ceadc732d?w=400,Men's Clothing,UrbanGent,$45.99
B01CD4OSZI,Trendy Canvas Suit,https://images.unsplash.com/photo-1586790170083-2f9ceadc732d?w=400,Men's Clothing,UrbanGent,$139.99
B00AMNHLJI,Designer Woven Tie,https://images.unsplash.com/photo-1492707892479-7bc8d5a4ee93?w=400,Accessories,TrendyBits,$34.99
B00RVU5KMA,Premium Wool Gloves,https://images.unsplash.com/photo-1492707892479-7bc8d5a4ee93?w=400,Accessories,TrendyBits,$70.99
B00MK9TUWI,Elegant Synthetic Pendant,https://images.unsplash.com/photo-1535632066927-ab7c9ab60908?w=400,Jewelry,LuxeJewel,$300.99
B01EVMYS96,Elegant Suede Necklace,https://images.unsplash.com/photo-1535632066927-ab7c9ab60908?w=400,Jewelry,LuxeJewel,$350.99
B00VVXBHLG,Premium Leather Gloves,https://images.unsplash.com/photo-1492707892479-7bc8d5a4ee93?w=400,Accessories,TrendyBits,$100.99
B00GA4LK86,Trendy Wool Hoodie,https://images.unsplash.com/photo-1586790170083-2f9ceadc732d?w=400,Men's Clothing,UrbanGent,$47.99
B00605YVZ4,Casual Wool Suitcase,https://images.unsplash.com/photo-1553062407-98eeb64c6a62?w=400,Bags & Luggage,BagMaster,$117.99
B00GQVXMUC,Comfortable Wool Pants,https://images.unsplash.com/photo-1595777457583-95e059d581b8?w=400,Women's Clothing,ChicWear,$101.99
B00NC5OS9E,Elegant Cotton Necklace,https://images.unsplash.com/photo-1535632066927-ab7c9ab60908?w=400,Jewelry,LuxeJewel,$370.99
B00ZQ7K4X0,Modern Wool T-Shirt,https://images.unsplash.com/photo-1586790170083-2f9ceadc732d?w=400,Men's Clothing,UrbanGent,$141.99
B00RYGMCC2,Elegant Canvas Pendant,https://images.unsplash.com/photo-1535632066927-ab7c9ab60908?w=400,Jewelry,LuxeJewel,$52.99
B00J571ED6,Classic Cotton Cardigan,https://images.unsplash.com/photo-1595777457583-95e059d581b8?w=400,Women's Clothing,ChicWear,$49.99
B01FE7I870,Classic Woven Cardigan,https://images.unsplash.com/photo-1595777457583-95e059d581b8?w=400,Women's Clothing,ChicWear,$29.99
B00RDKQ21G,Designer Synthetic Wallet,https://images.unsplash.com/photo-1492707892479-7bc8d5a4ee93?w=400,Accessories,TrendyBits,$96.99
B00BCO873U,Classic Denim Dress,https://images.unsplash.com/photo-1595777457583-95e059d581b8?w=400,Women's Clothing,ChicWear,$30.99
B01B1QF6AK,Casual Cotton Handbag,https://images.unsplash.com/photo-1553062407-98eeb64c6a62?w=400,Bags & Luggage,BagMaster,$99.99
B00JTYRX2Q,Trendy Printed T-Shirt,https://images.unsplash.com/photo-1586790170083-2f9ceadc732d?w=400,Men's Clothing,UrbanGent,$21.99
B00YHYOX26,Modern Knit Hoodie,https://images.unsplash.com/photo-1586790170083-2f9ceadc732d?w=400,Men's Clothing,UrbanGent,$117.99
B01H7EFX6M,Premium Solid Tie,https://images.unsplash.com/photo-1492707892479-7bc8d5a4ee93?w=400,Accessories,TrendyBits,$64.99
B00S2Z78LY,Premium Woven Hat,https://images.unsplash.com/photo-1492707892479-7bc8d5a4ee93?w=400,Accessories,TrendyBits,$73.99
B00JLFQ16W,Luxury Cotton Earrings,https://images.unsplash.com/photo-1535632066927-ab7c9ab60908?w=400,Jewelry,LuxeJewel,$108.99
B00L82BTFO,Designer Silk Hat,https://images.unsplash.com/photo-1492707892479-7bc8d5a4ee93?w=400,Accessories,TrendyBits,$158.99
B000NPD86K,Stylish Wool Running Shoes,https://images.unsplash.com/photo-1542291026-7eec264c27ff?w=400,Footwear,WalkEasy,$96.99
B01EFKXL4M,Casual Woven Suitcase,https://images.unsplash.com/photo-1553062407-98eeb64c6a62?w=400,Bags & Luggage,BagMaster,$87.99
B00DHARP80,Elegant Suede Pendant,https://images.unsplash.com/photo-1535632066927-ab7c9ab60908?w=400,Jewelry,LuxeJewel,$476.99
B01FILDTIK,Stylish Leather Running Shoes,https://images.unsplash.com/photo-1542291026-7eec264c27ff?w=400,Footwear,WalkEasy,$52.99
B00795O41U,Trendy Cotton T-Shirt,https://images.unsplash.com/photo-1586790170083-2f9ceadc732d?w=400,Men's Clothing,UrbanGent,$51.99
B018430QLM,Designer Knit Gloves,https://images.unsplash.com/photo-1492707892479-7bc8d5a4ee93?w=400,Accessories,TrendyBits,$120.99
B00XAOQ4EO,Elegant Silk Necklace,https://images.unsplash.com/photo-1535632066927-ab7c9ab60908?w=400,Jewelry,LuxeJewel,$176.99
B00CVBKI7G,Modern Silk Jeans,https://images.unsplash.com/photo-1586790170083-2f9ceadc732d?w=400,Men's Clothing,UrbanGent,$63.99
B00OHWTT54,Modern Silk Suit,https://images.unsplash.com/photo-1586790170083-2f9ceadc732d?w=400,Men's Clothing,UrbanGent,$109.99
B00TP89AWM,Essential Denim Crossbody,https://images.unsplash.com/photo-1553062407-98eeb64c6a62?w=400,Bags & Luggage,BagMaster,$57.99
B005G2DAO0,Modern Printed Jeans,https://images.unsplash.com/photo-1586790170083-2f9ceadc732d?w=400,Men's Clothing,UrbanGent,$113.99
B00DV55YRA,Comfortable Woven Cardigan,https://images.unsplash.com/photo-1595777457583-95e059d581b8?w=400,Women's Clothing,ChicWear,$84.99
B005FD52XM,Comfortable Printed Cardigan,https://images.unsplash.com/photo-1595777457583-95e059d581b8?w=400,Women's Clothing,ChicWear,$39.99
B00IOXLGYO,Modern Synthetic Hoodie,https://images.unsplash.com/photo-1586790170083-2f9ceadc732d?w=400,Men's Clothing,UrbanGent,$107.99
B015WYTIRY,Stylish Silk Sandals,https://images.unsplash.com/photo-1542291026-7eec264c27ff?w=400,Footwear,WalkEasy,$96.99
B00L4XIMOS,Stylish Canvas Running Shoes,https://images.unsplash.com/photo-1542291026-7eec264c27ff?w=400,Footwear,WalkEasy,$109.99
B0141QCWMC,Designer Silk Gloves,https://images.unsplash.com/photo-1492707892479-7bc8d5a4ee93?w=400,Accessories,TrendyBits,$100.99
B0000E62U6,Classic Printed Cardigan,https://images.unsplash.com/photo-1595777457583-95e059d581b8?w=400,Women's Clothing,ChicWear,$109.99
B00OSY0LDU,Essential Knit Crossbody,https://images.unsplash.com/photo-1553062407-98eeb64c6a62?w=400,Bags & Luggage,BagMaster,$177.99
B0189Z8GX0,Premium Leather Hat,https://images.unsplash.com/photo-1492707892479-7bc8d5a4ee93?w=400,Accessories,TrendyBits,$83.99
B0112Q159U,Luxury Solid Brooch,https://images.unsplash.com/photo-1535632066927-ab7c9ab60908?w=400,Jewelry,LuxeJewel,$242.99
B00FAD21NQ,Casual Knit Suitcase,https://images.unsplash.com/photo-1553062407-98eeb64c6a62?w=400,Bags & Luggage,BagMaster,$99.99
B0189Q1WTO,Modern Printed Jacket,https://images.unsplash.com/photo-1586790170083-2f9ceadc732d?w=400,Men's Clothing,UrbanGent,$35.99
B016D6O1KO,Elegant Canvas Pendant,https://images.unsplash.com/photo-1535632066927-ab7c9ab60908?w=400,Jewelry,LuxeJewel,$122.99
B00ORLLUHK,Classic Canvas Skirt,https://images.unsplash.com/photo-1595777457583-95e059d581b8?w=400,Women's Clothing,ChicWear,$67.99
B00CD9FBH8,Trendy Woven Jeans,https://images.unsplash.com/photo-1586790170083-2f9ceadc732d?w=400,Men's Clothing,UrbanGent,$53.99
B00JZGMM2E,Trendy Synthetic Jeans,https://images.unsplash.com/photo-1586790170083-2f9ceadc732d?w=400,Men's Clothing,UrbanGent,$83.99
B01G7N76ZA,Casual Printed Handbag,https://images.unsplash.com/photo-1553062407-98eeb64c6a62?w=400,Bags & Luggage,BagMaster,$87.99
B00IJ3CC2E,Elegant Canvas Necklace,https://images.unsplash.com/photo-1535632066927-ab7c9ab60908?w=400,Jewelry,LuxeJewel,$474.99
B00M75B41A,Classic Woven Cardigan,https://images.unsplash.com/photo-1595777457583-95e059d581b8?w=400,Women's Clothing,ChicWear,$59.99
B00GP0QD50,Modern Leather Hoodie,https://images.unsplash.com/photo-1586790170083-2f9ceadc732d?w=400,Men's Clothing,UrbanGent,$117.99
B00E9CVSTC,Classic Woven Dress,https://images.unsplash.com/photo-1595777457583-95e059d581b8?w=400,Women's Clothing,ChicWear,$40.99
B00KYKDT5E,Modern Solid Jacket,https://images.unsplash.com/photo-1586790170083-2f9ceadc732d?w=400,Men's Clothing,UrbanGent,$35.99
B00GB8YUA6,Casual Printed Suitcase,https://images.unsplash.com/photo-1553062407-98eeb64c6a62?w=400,Bags & Luggage,BagMaster,$153.99
B00161HZD2,Casual Wool Handbag,https://images.unsplash.com/photo-1553062407-98eeb64c6a62?w=400,Bags & Luggage,BagMaster,$231.99
B00I8H1J3O,Vintage Cotton Sneakers,https://images.unsplash.com/photo-1542291026-7eec264c27ff?w=400,Footwear,WalkEasy,$145.99
B00DTW4Y62,Designer Silk Tie,https://images.unsplash.com/photo-1492707892479-7bc8d5a4ee93?w=400,Accessories,TrendyBits,$39.99
B00K04DD7I,Vintage Cotton Sneakers,https://images.unsplash.com/photo-1542291026-7eec264c27ff?w=400,Footwear,WalkEasy,$41.99
B00NP9PGLQ,Designer Woven Tie,https://images.unsplash.com/photo-1492707892479-7bc8d5a4ee93?w=400,Accessories,TrendyBits,$94.99
B015W1VDE8,Luxury Denim Earrings,https://images.unsplash.com/photo-1535632066927-ab7c9ab60908?w=400,Jewelry,LuxeJewel,$172.99
B00TXW527M,Elegant Synthetic Pendant,https://images.unsplash.com/photo-1535632066927-ab7c9ab60908?w=400,Jewelry,LuxeJewel,$282.99
B00ZIXVRXS,Classic Printed Dress,https://images.unsplash.com/photo-1595777457583-95e059d581b8?w=400,Women's Clothing,ChicWear,$65.99
B00GMRA4MY,Elegant Denim Pendant,https://images.unsplash.com/photo-1535632066927-ab7c9ab60908?w=400,Jewelry,LuxeJewel,$114.99
B00E0KYN86,Trendy Printed Jacket,https://images.unsplash.com/photo-1586790170083-2f9ceadc732d?w=400,Men's Clothing,UrbanGent,$45.99
B00SZ2F03C,Vintage Silk Flats,https://images.unsplash.com/photo-1542291026-7eec264c27ff?w=400,Footwear,WalkEasy,$148.99
B00EYND0FQ,Stylish Knit Sandals,https://images.unsplash.com/photo-1542291026-7eec264c27ff?w=400,Footwear,WalkEasy,$100.99
B00EMMSJFU,Essential Knit Messenger Bag,https://images.unsplash.com/photo-1553062407-98eeb64c6a62?w=400,Bags & Luggage,BagMaster,$249.99
B0140TSCA6,Casual Denim Suitcase,https://images.unsplash.com/photo-1553062407-98eeb64c6a62?w=400,Bags & Luggage,BagMaster,$93.99
B00KMFR6YQ,Stylish Suede Sandals,https://images.unsplash.com/photo-1542291026-7eec264c27ff?w=400,Footwear,WalkEasy,$162.99
B004SY8PGA,Casual Cotton Suitcase,https://images.unsplash.com/photo-1553062407-98eeb64c6a62?w=400,Bags & Luggage,BagMaster,$237.99
B003N7NXXS,Trendy Wool Suit,https://images.unsplash.com/photo-1586790170083-2f9ceadc732d?w=400,Men's Clothing,UrbanGent,$129.99
B012DI5JCK,Elegant Printed Necklace,https://images.unsplash.com/photo-1535632066927-ab7c9ab60908?w=400,Jewelry,LuxeJewel,$180.99
B00MB406U2,Stylish Synthetic Sandals,https://images.unsplash.com/photo-1542291026-7eec264c27ff?w=400,Footwear,WalkEasy,$78.99
B005GXPTU2,Elegant Leather Pendant,https://images.unsplash.com/photo-1535632066927-ab7c9ab60908?w=400,Jewelry,LuxeJewel,$426.99
B00S1P8TTA,Trendy Woven Suit,https://images.unsplash.com/photo-1586790170083-2f9ceadc732d?w=400,Men's Clothing,UrbanGent,$139.99
B01F7VCHK2,Casual Printed Suitcase,https://images.unsplash.com/photo-1553062407-98eeb64c6a62?w=400,Bags & Luggage,BagMaster,$171.99
B00ED2PIQ2,Comfortable Leather Cardigan,https://images.unsplash.com/photo-1595777457583-95e059d581b8?w=400,Women's Clothing,ChicWear,$64.99
B0066YJPN2,Trendy Woven Hoodie,https://images.unsplash.com/photo-1586790170083-2f9ceadc732d?w=400,Men's Clothing,UrbanGent,$27.99
B010LAVL56,Designer Solid Watch,https://images.unsplash.com/photo-1492707892479-7bc8d5a4ee93?w=400,Accessories,TrendyBits,$152.99
B00KGHBCY0,Casual Leather Suitcase,https://images.unsplash.com/photo-1553062407-98eeb64c6a62?w=400,Bags & Luggage,BagMaster,$225.99
B00W035RY4,Comfortable Knit Cardigan,https://images.unsplash.com/photo-1595777457583-95e059d581b8?w=400,Women's Clothing,ChicWear,$84.99
B00C97ISFG,Modern Knit Suit,https://images.unsplash.com/photo-1586790170083-2f9ceadc732d?w=400,Men's Clothing,UrbanGent,$29.99
B00V7OBW2I,Casual Knit Handbag,https://images.unsplash.com/photo-1553062407-98eeb64c6a62?w=400,Bags & Luggage,BagMaster,$123.99
B00G9XM37A,Casual Silk Handbag,https://images.unsplash.com/photo-1553062407-98eeb64c6a62?w=400,Bags & Luggage,BagMaster,$165.99
B00OTWDF70,Luxury Knit Brooch,https://images.unsplash.com/photo-1535632066927-ab7c9ab60908?w=400,Jewelry,LuxeJewel,$388.99
B014EZILJS,Elegant Cotton Necklace,https://images.unsplash.com/photo-1535632066927-ab7c9ab60908?w=400,Jewelry,LuxeJewel,$260.99
B00JSP0KGM,Classic Canvas Jacket,https://images.unsplash.com/photo-1595777457583-95e059d581b8?w=400,Women's Clothing,ChicWear,$118.99
B006W1UME0,Classic Wool Dress,https://images.unsplash.com/photo-1595777457583-95e059d581b8?w=400,Women's Clothing,ChicWear,$40.99
B00MZ5WWHC,Modern Knit Jacket,https://images.unsplash.com/photo-1586790170083-2f9ceadc732d?w=400,Men's Clothing,UrbanGent,$95.99
B009B8ZOJ4,Luxury Canvas Earrings,https://images.unsplash.com/photo-1535632066927-ab7c9ab60908?w=400,Jewelry,LuxeJewel,$362.99
B008ZAW6YK,Essential Knit Crossbody,https://images.unsplash.com/photo-1553062407-98eeb64c6a62?w=400,Bags & Luggage,BagMaster,$57.99
B003XRSAV8,Modern Printed Jeans,https://images.unsplash.com/photo-1586790170083-2f9ceadc732d?w=400,Men's Clothing,UrbanGent,$73.99
B00JY3C9J4,Luxury Leather Brooch,https://images.unsplash.com/photo-1535632066927-ab7c9ab60908?w=400,Jewelry,LuxeJewel,$310.99
B00P8ZXP18,Luxury Canvas Brooch,https://images.unsplash.com/photo-1535632066927-ab7c9ab60908?w=400,Jewelry,LuxeJewel,$240.99
B00I7J602I,Vintage Cotton Flats,https://images.unsplash.com/photo-1542291026-7eec264c27ff?w=400,Footwear,WalkEasy,$172.99
B00OXAKV66,Comfortable Woven Skirt,https://images.unsplash.com/photo-1595777457583-95e059d581b8?w=400,Women's Clothing,ChicWear,$62.99
B00A6SEKCA,Designer Printed Wallet,https://images.unsplash.com/photo-1492707892479-7bc8d5a4ee93?w=400,Accessories,TrendyBits,$196.99
B01FVYCRYG,Modern Woven Jeans,https://images.unsplash.com/photo-1586790170083-2f9ceadc732d?w=400,Men's Clothing,UrbanGent,$63.99
B00BCQ5DPS,Trendy Solid Suit,https://images.unsplash.com/photo-1586790170083-2f9ceadc732d?w=400,Men's Clothing,UrbanGent,$149.99
B00QG6UEPI,Luxury Synthetic Earrings,https://images.unsplash.com/photo-1535632066927-ab7c9ab60908?w=400,Jewelry,LuxeJewel,$48.99
B015MIEJ7Y,Premium Solid Tie,https://images.unsplash.com/photo-1492707892479-7bc8d5a4ee93?w=400,Accessories,TrendyBits,$34.99
B013M8CHX4,Essential Solid Crossbody,https://images.unsplash.com/photo-1553062407-98eeb64c6a62?w=400,Bags & Luggage,BagMaster,$243.99
B01EIYD2QM,Classic Printed Jacket,https://images.unsplash.com/photo-1595777457583-95e059d581b8?w=400,Women's Clothing,ChicWear,$108.99
B00RUREXUY,Designer Knit Gloves,https://images.unsplash.com/photo-1492707892479-7bc8d5a4ee93?w=400,Accessories,TrendyBits,$55.99
B01CQNNC0I,Premium Canvas Watch,https://images.unsplash.com/photo-1492707892479-7bc8d5a4ee93?w=400,Accessories,TrendyBits,$27.99
B01D5YMACS,Premium Leather Hat,https://images.unsplash.com/photo-1492707892479-7bc8d5a4ee93?w=400,Accessories,TrendyBits,$38.99
B00Z82J3SA,Modern Woven Jacket,https://images.unsplash.com/photo-1586790170083-2f9ceadc732d?w=400,Men's Clothing,UrbanGent,$105.99
B01DNR3OUO,Luxury Cotton Brooch,https://images.unsplash.com/photo-1535632066927-ab7c9ab60908?w=400,Jewelry,LuxeJewel,$326.99
B00LT7AKWG,Stylish Canvas Sandals,https://images.unsplash.com/photo-1542291026-7eec264c27ff?w=400,Footwear,WalkEasy,$137.99
B000G01UBW,Vintage Woven Flats,https://images.unsplash.com/photo-1542291026-7eec264c27ff?w=400,Footwear,WalkEasy,$88.99
B007X73VAO,Vintage Silk Flats,https://images.unsplash.com/photo-1542291026-7eec264c27ff?w=400,Footwear,WalkEasy,$110.99
B01FI5PDGC,Vintage Leather Flats,https://images.unsplash.com/photo-1542291026-7eec264c27ff?w=400,Footwear,WalkEasy,$161.99
B014CFQUOI,Stylish Leather Sandals,https://images.unsplash.com/photo-1542291026-7eec264c27ff?w=400,Footwear,WalkEasy,$116.99
B005YUXQD4,Elegant Canvas Pendant,https://images.unsplash.com/photo-1535632066927-ab7c9ab60908?w=400,Jewelry,LuxeJewel,$302.99
B000BMXJ2I,Classic Woven Cardigan,https://images.unsplash.com/photo-1595777457583-95e059d581b8?w=400,Women's Clothing,ChicWear,$54.99
B00PK3Z9M6,Luxury Printed Earrings,https://images.unsplash.com/photo-1535632066927-ab7c9ab60908?w=400,Jewelry,LuxeJewel,$370.99
B008Z881EG,Designer Printed Hat,https://images.unsplash.com/photo-1492707892479-7bc8d5a4ee93?w=400,Accessories,TrendyBits,$23.99
B0039ZUG02,Stylish Leather Sandals,https://images.unsplash.com/photo-1542291026-7eec264c27ff?w=400,Footwear,WalkEasy,$130.99
B00D3RDQP8,Casual Denim Handbag,https://images.unsplash.com/photo-1553062407-98eeb64c6a62?w=400,Bags & Luggage,BagMaster,$189.99
B00M7DGTJO,Comfortable Wool Jacket,https://images.unsplash.com/photo-1595777457583-95e059d581b8?w=400,Women's Clothing,ChicWear,$43.99
B01DVB9R0I,Luxury Wool Earrings,https://images.unsplash.com/photo-1535632066927-ab7c9ab60908?w=400,Jewelry,LuxeJewel,$142.99
B00HZ65LHO,Casual Wool Suitcase,https://images.unsplash.com/photo-1553062407-98eeb64c6a62?w=400,Bags & Luggage,BagMaster,$123.99
B01CZU8LGC,Trendy Knit Jeans,https://images.unsplash.com/photo-1586790170083-2f9ceadc732d?w=400,Men's Clothing,UrbanGent,$73.99
B0091KAVDQ,Elegant Knit Necklace,https://images.unsplash.com/photo-1535632066927-ab7c9ab60908?w=400,Jewelry,LuxeJewel,$272.99
B0043WGWSK,Luxury Knit Earrings,https://images.unsplash.com/photo-1535632066927-ab7c9ab60908?w=400,Jewelry,LuxeJewel,$240.99
B00AG42EM2,Luxury Woven Earrings,https://images.unsplash.com/photo-1535632066927-ab7c9ab60908?w=400,Jewelry,LuxeJewel,$244.99
B000685FK6,Essential Printed Messenger Bag,https://images.unsplash.com/photo-1553062407-98eeb64c6a62?w=400,Bags & Luggage,BagMaster,$141.99
B01564JAMS,Casual Solid Handbag,https://images.unsplash.com/photo-1553062407-98eeb64c6a62?w=400,Bags & Luggage,BagMaster,$249.99
B00VH90UJY,Modern Synthetic Hoodie,https://images.unsplash.com/photo-1586790170083-2f9ceadc732d?w=400,Men's Clothing,UrbanGent,$117.99
B00L4XIPWC,Elegant Synthetic Pendant,https://images.unsplash.com/photo-1535632066927-ab7c9ab60908?w=400,Jewelry,LuxeJewel,$456.99
B00V63SHFU,Stylish Wool Sandals,https://images.unsplash.com/photo-1542291026-7eec264c27ff?w=400,Footwear,WalkEasy,$152.99
B01DS9C0DE,Classic Canvas Cardigan,https://images.unsplash.com/photo-1595777457583-95e059d581b8?w=400,Women's Clothing,ChicWear,$109.99
B00NIITDP4,Trendy Denim Jacket,https://images.unsplash.com/photo-1586790170083-2f9ceadc732d?w=400,Men's Clothing,UrbanGent,$55.99
B00C7A8V52,Classic Denim Jacket,https://images.unsplash.com/photo-1595777457583-95e059d581b8?w=400,Women's Clothing,ChicWear,$73.99
B00ET1V1MM,Classic Denim Dress,https://images.unsplash.com/photo-1595777457583-95e059d581b8?w=400,Women's Clothing,ChicWear,$55.99
B00I0C9DRQ,Designer Synthetic Gloves,https://images.unsplash.com/photo-1492707892479-7bc8d5a4ee93?w=400,Accessories,TrendyBits,$15.99
B014EIX172,Casual Printed Suitcase,https://images.unsplash.com/photo-1553062407-98eeb64c6a62?w=400,Bags & Luggage,BagMaster,$51.99
B009GHILPE,Casual Denim Suitcase,https://images.unsplash.com/photo-1553062407-98eeb64c6a62?w=400,Bags & Luggage,BagMaster,$75.99
B00GBI51VS,Comfortable Woven Dress,https://images.unsplash.com/photo-1595777457583-95e059d581b8?w=400,Women's Clothing,ChicWear,$70.99
B00ND9047Y,Classic Synthetic Dress,https://images.unsplash.com/photo-1595777457583-95e059d581b8?w=400,Women's Clothing,ChicWear,$35.99
B003O9PNNI,Designer Cotton Wallet,https://images.unsplash.com/photo-1492707892479-7bc8d5a4ee93?w=400,Accessories,TrendyBits,$46.99
B00N7G7K0C,Casual Leather Suitcase,https://images.unsplash.com/photo-1553062407-98eeb64c6a62?w=400,Bags & Luggage,BagMaster,$141.99
B016ZJ876S,Trendy Canvas T-Shirt,https://images.unsplash.com/photo-1586790170083-2f9ceadc732d?w=400,Men's Clothing,UrbanGent,$121.99
B004K3J7LG,Premium Leather Gloves,https://images.unsplash.com/photo-1492707892479-7bc8d5a4ee93?w=400,Accessories,TrendyBits,$40.99
B01CV70J6O,Comfortable Knit Dress,https://images.unsplash.com/photo-1595777457583-95e059d581b8?w=400,Women's Clothing,ChicWear,$60.99
B0117VD6M4,Classic Solid Pants,https://images.unsplash.com/photo-1595777457583-95e059d581b8?w=400,Women's Clothing,ChicWear,$51.99
B012DPPYBO,Casual Solid Suitcase,https://images.unsplash.com/photo-1553062407-98eeb64c6a62?w=400,Bags & Luggage,BagMaster,$99.99
B0165LMHQC,Classic Synthetic Cardigan,https://images.unsplash.com/photo-1595777457583-95e059d581b8?w=400,Women's Clothing,ChicWear,$119.99
B00KNIAU7M,Stylish Silk Running Shoes,https://images.unsplash.com/photo-1542291026-7eec264c27ff?w=400,Footwear,WalkEasy,$79.99
B00BG9JWEE,Stylish Woven Sandals,https://images.unsplash.com/photo-1542291026-7eec264c27ff?w=400,Footwear,WalkEasy,$62.99
B00BOBCMUU,Casual Synthetic Suitcase,https://images.unsplash.com/photo-1553062407-98eeb64c6a62?w=400,Bags & Luggage,BagMaster,$183.99
B00OSXGSX8,Modern Denim Hoodie,https://images.unsplash.com/photo-1586790170083-2f9ceadc732d?w=400,Men's Clothing,UrbanGent,$47.99
B00CBYZFK8,Comfortable Silk Pants,https://images.unsplash.com/photo-1595777457583-95e059d581b8?w=400,Women's Clothing,ChicWear,$51.99
B01698QJ8S,Elegant Wool Necklace,https://images.unsplash.com/photo-1535632066927-ab7c9ab60908?w=400,Jewelry,LuxeJewel,$266.99
B00W4OD700,Vintage Silk Sneakers,https://images.unsplash.com/photo-1542291026-7eec264c27ff?w=400,Footwear,WalkEasy,$119.99
B004V4IV9I,Designer Denim Hat,https://images.unsplash.com/photo-1492707892479-7bc8d5a4ee93?w=400,Accessories,TrendyBits,$138.99
B019SPX34W,Trendy Cotton Suit,https://images.unsplash.com/photo-1586790170083-2f9ceadc732d?w=400,Men's Clothing,UrbanGent,$99.99
B00Q6CHPD6,Casual Silk Handbag,https://images.unsplash.com/photo-1553062407-98eeb64c6a62?w=400,Bags & Luggage,BagMaster,$159.99
B01C2IVSP8,Trendy Canvas Suit,https://images.unsplash.com/photo-1586790170083-2f9ceadc732d?w=400,Men's Clothing,UrbanGent,$39.99
B00BQ51ZM0,Luxury Solid Brooch,https://images.unsplash.com/photo-1535632066927-ab7c9ab60908?w=400,Jewelry,LuxeJewel,$416.99
B00ERM4T7C,Premium Synthetic Tie,https://images.unsplash.com/photo-1492707892479-7bc8d5a4ee93?w=400,Accessories,TrendyBits,$114.99
B0121GZ4L0,Elegant Suede Necklace,https://images.unsplash.com/photo-1535632066927-ab7c9ab60908?w=400,Jewelry,LuxeJewel,$412.99
B00PXDQDX2,Essential Woven Crossbody,https://images.unsplash.com/photo-1553062407-98eeb64c6a62?w=400,Bags & Luggage,BagMaster,$51.99
B00IM0TIQW,Trendy Printed Hoodie,https://images.unsplash.com/photo-1586790170083-2f9ceadc732d?w=400,Men's Clothing,UrbanGent,$137.99
B00JW0DXCQ,Essential Leather Messenger Bag,https://images.unsplash.com/photo-1553062407-98eeb64c6a62?w=400,Bags & Luggage,BagMaster,$141.99
B015E5Q4ZA,Premium Denim Hat,https://images.unsplash.com/photo-1492707892479-7bc8d5a4ee93?w=400,Accessories,TrendyBits,$163.99
B00NYKUYCC,Classic Knit Pants,https://images.unsplash.com/photo-1595777457583-95e059d581b8?w=400,Women's Clothing,ChicWear,$61.99
B019EF8COM,Essential Denim Crossbody,https://images.unsplash.com/photo-1553062407-98eeb64c6a62?w=400,Bags & Luggage,BagMaster,$51.99
B00NW5JQH8,Essential Woven Messenger Bag,https://images.unsplash.com/photo-1553062407-98eeb64c6a62?w=400,Bags & Luggage,BagMaster,$81.99
B009I57LZU,Comfortable Denim Dress,https://images.unsplash.com/photo-1595777457583-95e059d581b8?w=400,Women's Clothing,ChicWear,$110.99
B00GMT1R3W,Trendy Leather Jeans,https://images.unsplash.com/photo-1586790170083-2f9ceadc732d?w=400,Men's Clothing,UrbanGent,$133.99
B015NW54NC,Designer Denim Tie,https://images.unsplash.com/photo-1492707892479-7bc8d5a4ee93?w=400,Accessories,TrendyBits,$44.99
B013QH7P1U,Classic Wool Cardigan,https://images.unsplash.com/photo-1595777457583-95e059d581b8?w=400,Women's Clothing,ChicWear,$79.99
B008VEPDMC,Trendy Silk T-Shirt,https://images.unsplash.com/photo-1586790170083-2f9ceadc732d?w=400,Men's Clothing,UrbanGent,$51.99
B01E94TZZI,Comfortable Cotton Jacket,https://images.unsplash.com/photo-1595777457583-95e059d581b8?w=400,Women's Clothing,ChicWear,$43.99
B010Y67GCE,Classic Silk Dress,https://images.unsplash.com/photo-1595777457583-95e059d581b8?w=400,Women's Clothing,ChicWear,$100.99
B00BDV97WW,Comfortable Synthetic Cardigan,https://images.unsplash.com/photo-1595777457583-95e059d581b8?w=400,Women's Clothing,ChicWear,$109.99
B00JBVUWRK,Vintage Silk Sneakers,https://images.unsplash.com/photo-1542291026-7eec264c27ff?w=400,Footwear,WalkEasy,$42.99
B0117TQE5M,Vintage Denim Flats,https://images.unsplash.com/photo-1542291026-7eec264c27ff?w=400,Footwear,WalkEasy,$111.99
B01A3NK28I,Stylish Canvas Running Shoes,https://images.unsplash.com/photo-1542291026-7eec264c27ff?w=400,Footwear,WalkEasy,$54.99
B01EWPALOS,Trendy Solid Jacket,https://images.unsplash.com/photo-1586790170083-2f9ceadc732d?w=400,Men's Clothing,UrbanGent,$135.99
B0177JREWS,Casual Suede Handbag,https://images.unsplash.com/photo-1553062407-98eeb64c6a62?w=400,Bags & Luggage,BagMaster,$123.99
B00N9X62OS,Luxury Suede Brooch,https://images.unsplash.com/photo-1535632066927-ab7c9ab60908?w=400,Jewelry,LuxeJewel,$320.99
B00E2ZNPJ2,Comfortable Leather Cardigan,https://images.unsplash.com/photo-1595777457583-95e059d581b8?w=400,Women's Clothing,ChicWear,$94.99
B00FK7TP5Y,Luxury Solid Brooch,https://images.unsplash.com/photo-1535632066927-ab7c9ab60908?w=400,Jewelry,LuxeJewel,$314.99
B01D8AFWSI,Stylish Silk Sandals,https://images.unsplash.com/photo-1542291026-7eec264c27ff?w=400,Footwear,WalkEasy,$113.99
B00QTEGUDW,Comfortable Solid Skirt,https://images.unsplash.com/photo-1595777457583-95e059d581b8?w=400,Women's Clothing,ChicWear,$102.99
B00JULSQEW,Trendy Printed Suit,https://images.unsplash.com/photo-1586790170083-2f9ceadc732d?w=400,Men's Clothing,UrbanGent,$69.99
B00NYKWKB0,Luxury Suede Earrings,https://images.unsplash.com/photo-1535632066927-ab7c9ab60908?w=400,Jewelry,LuxeJewel,$478.99
B0141QZRF6,Stylish Cotton Running Shoes,https://images.unsplash.com/photo-1542291026-7eec264c27ff?w=400,Footwear,WalkEasy,$138.99
B0104XYFAS,Trendy Printed Hoodie,https://images.unsplash.com/photo-1586790170083-2f9ceadc732d?w=400,Men's Clothing,UrbanGent,$107.99
B00G43EXKA,Classic Cotton Jacket,https://images.unsplash.com/photo-1595777457583-95e059d581b8?w=400,Women's Clothing,ChicWear,$83.99
B014A1YEN8,Modern Silk T-Shirt,https://images.unsplash.com/photo-1586790170083-2f9ceadc732d?w=400,Men's Clothing,UrbanGent,$121.99
B01591ZYJQ,Vintage Synthetic Flats,https://images.unsplash.com/photo-1542291026-7eec264c27ff?w=400,Footwear,WalkEasy,$100.99
B01DHFATTG,Casual Leather Handbag,https://images.unsplash.com/photo-1553062407-98eeb64c6a62?w=400,Bags & Luggage,BagMaster,$201.99
B01F6AUNB4,Luxury Denim Earrings,https://images.unsplash.com/photo-1535632066927-ab7c9ab60908?w=400,Jewelry,LuxeJewel,$144.99
B00H5UW4N4,Designer Silk Wallet,https://images.unsplash.com/photo-1492707892479-7bc8d5a4ee93?w=400,Accessories,TrendyBits,$86.99
B017VU1ISE,Elegant Silk Necklace,https://images.unsplash.com/photo-1535632066927-ab7c9ab60908?w=400,Jewelry,LuxeJewel,$42.99
B018KXI3SY,Vintage Canvas Flats,https://images.unsplash.com/photo-1542291026-7eec264c27ff?w=400,Footwear,WalkEasy,$48.99
B00J2JTKLU,Vintage Cotton Sneakers,https://images.unsplash.com/photo-1542291026-7eec264c27ff?w=400,Footwear,WalkEasy,$68.99
B000V4T9PW,Classic Wool Jacket,https://images.unsplash.com/photo-1595777457583-95e059d581b8?w=400,Women's Clothing,ChicWear,$108.99
B01F4RWJ70,Premium Synthetic Wallet,https://images.unsplash.com/photo-1492707892479-7bc8d5a4ee93?w=400,Accessories,TrendyBits,$116.99
B017OAE55O,Casual Wool Suitcase,https://images.unsplash.com/photo-1553062407-98eeb64c6a62?w=400,Bags & Luggage,BagMaster,$105.99
B01AHWWV4S,Trendy Woven T-Shirt,https://images.unsplash.com/photo-1586790170083-2f9ceadc732d?w=400,Men's Clothing,UrbanGent,$51.99
B00NJEETVK,Luxury Solid Earrings,https://images.unsplash.com/photo-1535632066927-ab7c9ab60908?w=400,Jewelry,LuxeJewel,$32.99
B00760YBJ8,Trendy Denim Jeans,https://images.unsplash.com/photo-1586790170083-2f9ceadc732d?w=400,Men's Clothing,UrbanGent,$53.99
B00VSYHMLM,Modern Printed Jacket,https://images.unsplash.com/photo-1586790170083-2f9ceadc732d?w=400,Men's Clothing,UrbanGent,$85.99
B00YUTZPJS,Essential Cotton Messenger Bag,https://images.unsplash.com/photo-1553062407-98eeb64c6a62?w=400,Bags & Luggage,BagMaster,$135.99
B006W1UMJ0,Stylish Solid Running Shoes,https://images.unsplash.com/photo-1542291026-7eec264c27ff?w=400,Footwear,WalkEasy,$83.99
B0006FYTWY,Trendy Wool Jacket,https://images.unsplash.com/photo-1586790170083-2f9ceadc732d?w=400,Men's Clothing,UrbanGent,$35.99
B00N2U2R06,Designer Wool Gloves,https://images.unsplash.com/photo-1492707892479-7bc8d5a4ee93?w=400,Accessories,TrendyBits,$90.99
B01DT4B1KQ,Vintage Solid Flats,https://images.unsplash.com/photo-1542291026-7eec264c27ff?w=400,Footwear,WalkEasy,$158.99
B01CQAFN5I,Vintage Denim Sneakers,https://images.unsplash.com/photo-1542291026-7eec264c27ff?w=400,Footwear,WalkEasy,$129.99
B0145IEFZ8,Comfortable Knit Dress,https://images.unsplash.com/photo-1595777457583-95e059d581b8?w=400,Women's Clothing,ChicWear,$25.99
B0198PF60G,Premium Printed Hat,https://images.unsplash.com/photo-1492707892479-7bc8d5a4ee93?w=400,Accessories,TrendyBits,$33.99
B00IPBVRPI,Modern Synthetic Jacket,https://images.unsplash.com/photo-1586790170083-2f9ceadc732d?w=400,Men's Clothing,UrbanGent,$75.99
B00K1KZ5Q8,Vintage Suede Sneakers,https://images.unsplash.com/photo-1542291026-7eec264c27ff?w=400,Footwear,WalkEasy,$113.99
B00LM7IZK2,Casual Wool Handbag,https://images.unsplash.com/photo-1553062407-98eeb64c6a62?w=400,Bags & Luggage,BagMaster,$51.99
B0064CRMEK,Comfortable Woven Pants,https://images.unsplash.com/photo-1595777457583-95e059d581b8?w=400,Women's Clothing,ChicWear,$101.99
B00MFQSU1I,Elegant Knit Pendant,https://images.unsplash.com/photo-1535632066927-ab7c9ab60908?w=400,Jewelry,LuxeJewel,$272.99
B00LMU8EHI,Luxury Silk Brooch,https://images.unsplash.com/photo-1535632066927-ab7c9ab60908?w=400,Jewelry,LuxeJewel,$204.99
B013JMAIKC,Casual Woven Suitcase,https://images.unsplash.com/photo-1553062407-98eeb64c6a62?w=400,Bags & Luggage,BagMaster,$219.99
B01AODMVOU,Trendy Synthetic Jeans,https://images.unsplash.com/photo-1586790170083-2f9ceadc732d?w=400,Men's Clothing,UrbanGent,$43.99
B01C6OVRRM,Luxury Leather Brooch,https://images.unsplash.com/photo-1535632066927-ab7c9ab60908?w=400,Jewelry,LuxeJewel,$366.99
B00APENNRI,Essential Leather Messenger Bag,https://images.unsplash.com/photo-1553062407-98eeb64c6a62?w=400,Bags & Luggage,BagMaster,$153.99
B01CNM0VFQ,Classic Printed Cardigan,https://images.unsplash.com/photo-1595777457583-95e059d581b8?w=400,Women's Clothing,ChicWear,$119.99
B01564J8CU,Designer Suede Watch,https://images.unsplash.com/photo-1492707892479-7bc8d5a4ee93?w=400,Accessories,TrendyBits,$117.99
B006YVXFHE,Trendy Silk Jeans,https://images.unsplash.com/photo-1586790170083-2f9ceadc732d?w=400,Men's Clothing,UrbanGent,$23.99
B016XG4FCI,Luxury Leather Earrings,https://images.unsplash.com/photo-1535632066927-ab7c9ab60908?w=400,Jewelry,LuxeJewel,$220.99
B0071BRFWM,Premium Cotton Gloves,https://images.unsplash.com/photo-1492707892479-7bc8d5a4ee93?w=400,Accessories,TrendyBits,$95.99
B0183K8VGI,Modern Denim Jacket,https://images.unsplash.com/photo-1586790170083-2f9ceadc732d?w=400,Men's Clothing,UrbanGent,$105.99
B00AEDFN9Q,Classic Wool Dress,https://images.unsplash.com/photo-1595777457583-95e059d581b8?w=400,Women's Clothing,ChicWear,$115.99
B00O3H56GO,Trendy Canvas T-Shirt,https://images.unsplash.com/photo-1586790170083-2f9ceadc732d?w=400,Men's Clothing,UrbanGent,$71.99
B017I5IN6M,Essential Suede Messenger Bag,https://images.unsplash.com/photo-1553062407-98eeb64c6a62?w=400,Bags & Luggage,BagMaster,$189.99
B00TY5WOUG,Vintage Canvas Sneakers,https://images.unsplash.com/photo-1542291026-7eec264c27ff?w=400,Footwear,WalkEasy,$90.99
B00A2I7BKC,Classic Solid Dress,https://images.unsplash.com/photo-1595777457583-95e059d581b8?w=400,Women's Clothing,ChicWear,$40.99
B00E0I8K8C,Essential Suede Messenger Bag,https://images.unsplash.com/photo-1553062407-98eeb64c6a62?w=400,Bags & Luggage,BagMaster,$249.99
B00SY1FAPW,Elegant Woven Pendant,https://images.unsplash.com/photo-1535632066927-ab7c9ab60908?w=400,Jewelry,LuxeJewel,$46.99
B013XT4FF0,Modern Cotton Suit,https://images.unsplash.com/photo-1586790170083-2f9ceadc732d?w=400,Men's Clothing,UrbanGent,$99.99
B006ZB0TAO,Trendy Woven T-Shirt,https://images.unsplash.com/photo-1586790170083-2f9ceadc732d?w=400,Men's Clothing,UrbanGent,$71.99
B01C45C1TG,Comfortable Wool Pants,https://images.unsplash.com/photo-1595777457583-95e059d581b8?w=400,Women's Clothing,ChicWear,$31.99
B00M0FZV7U,Premium Cotton Tie,https://images.unsplash.com/photo-1492707892479-7bc8d5a4ee93?w=400,Accessories,TrendyBits,$84.99
B00DV46Q6O,Trendy Knit Jeans,https://images.unsplash.com/photo-1586790170083-2f9ceadc732d?w=400,Men's Clothing,UrbanGent,$133.99
B00P0SSIGA,Classic Printed Dress,https://images.unsplash.com/photo-1595777457583-95e059d581b8?w=400,Women's Clothing,ChicWear,$65.99
B00EDQMQCC,Trendy Knit Jeans,https://images.unsplash.com/photo-1586790170083-2f9ceadc732d?w=400,Men's Clothing,UrbanGent,$83.99
B013WKPT7S,Designer Denim Tie,https://images.unsplash.com/photo-1492707892479-7bc8d5a4ee93?w=400,Accessories,TrendyBits,$104.99
B000W517WS,Vintage Denim Sneakers,https://images.unsplash.com/photo-1542291026-7eec264c27ff?w=400,Footwear,WalkEasy,$52.99
B01CNHPZ16,Designer Leather Gloves,https://images.unsplash.com/photo-1492707892479-7bc8d5a4ee93?w=400,Accessories,TrendyBits,$175.99
B00CL3UZQS,Designer Knit Watch,https://images.unsplash.com/photo-1492707892479-7bc8d5a4ee93?w=400,Accessories,TrendyBits,$52.99
B00K8AI8BU,Premium Woven Hat,https://images.unsplash.com/photo-1492707892479-7bc8d5a4ee93?w=400,Accessories,TrendyBits,$78.99
B00JQ2OVZ8,Trendy Cotton Suit,https://images.unsplash.com/photo-1586790170083-2f9ceadc732d?w=400,Men's Clothing,UrbanGent,$129.99
B013ID33VS,Modern Suede Hoodie,https://images.unsplash.com/photo-1586790170083-2f9ceadc732d?w=400,Men's Clothing,UrbanGent,$137.99
B00QWVF2FE,Stylish Cotton Running Shoes,https://images.unsplash.com/photo-1542291026-7eec264c27ff?w=400,Footwear,WalkEasy,$116.99
B00SMGW9BC,Elegant Canvas Necklace,https://images.unsplash.com/photo-1535632066927-ab7c9ab60908?w=400,Jewelry,LuxeJewel,$348.99
B013PZG9FQ,Casual Solid Suitcase,https://images.unsplash.com/photo-1553062407-98eeb64c6a62?w=400,Bags & Luggage,BagMaster,$123.99
B00Q3M0IWE,Stylish Woven Sandals,https://images.unsplash.com/photo-1542291026-7eec264c27ff?w=400,Footwear,WalkEasy,$143.99
B00J7R8ZZ4,Trendy Wool Hoodie,https://images.unsplash.com/photo-1586790170083-2f9ceadc732d?w=400,Men's Clothing,UrbanGent,$97.99
B00XFSO2LC,Classic Denim Cardigan,https://images.unsplash.com/photo-1595777457583-95e059d581b8?w=400,Women's Clothing,ChicWear,$104.99
B0012O8A28,Luxury Canvas Earrings,https://images.unsplash.com/photo-1535632066927-ab7c9ab60908?w=400,Jewelry,LuxeJewel,$342.99
B00NMB08BA,Luxury Denim Earrings,https://images.unsplash.com/photo-1535632066927-ab7c9ab60908?w=400,Jewelry,LuxeJewel,$192.99
B012SKLFI0,Essential Synthetic Crossbody,https://images.unsplash.com/photo-1553062407-98eeb64c6a62?w=400,Bags & Luggage,BagMaster,$45.99
B0071R33UO,Elegant Woven Pendant,https://images.unsplash.com/photo-1535632066927-ab7c9ab60908?w=400,Jewelry,LuxeJewel,$198.99
B00JPCX7YK,Trendy Printed T-Shirt,https://images.unsplash.com/photo-1586790170083-2f9ceadc732d?w=400,Men's Clothing,UrbanGent,$61.99
B00KK7PQN4,Premium Canvas Hat,https://images.unsplash.com/photo-1492707892479-7bc8d5a4ee93?w=400,Accessories,TrendyBits,$98.99
B008OPOKCM,Casual Solid Suitcase,https://images.unsplash.com/photo-1553062407-98eeb64c6a62?w=400,Bags & Luggage,BagMaster,$93.99
B01DX7YLYM,Casual Cotton Handbag,https://images.unsplash.com/photo-1553062407-98eeb64c6a62?w=400,Bags & Luggage,BagMaster,$57.99
B014KTJ6LK,Casual Suede Suitcase,https://images.unsplash.com/photo-1553062407-98eeb64c6a62?w=400,Bags & Luggage,BagMaster,$69.99
B019LRSDI8,Designer Synthetic Gloves,https://images.unsplash.com/photo-1492707892479-7bc8d5a4ee93?w=400,Accessories,TrendyBits,$25.99
B01C2O9SF4,Vintage Printed Flats,https://images.unsplash.com/photo-1542291026-7eec264c27ff?w=400,Footwear,WalkEasy,$76.99
B01595OS62,Premium Printed Gloves,https://images.unsplash.com/photo-1492707892479-7bc8d5a4ee93?w=400,Accessories,TrendyBits,$70.99
B00ZBOAD9S,Modern Wool Jacket,https://images.unsplash.com/photo-1586790170083-2f9ceadc732d?w=400,Men's Clothing,UrbanGent,$145.99
B00ZPMCA0Q,Vintage Solid Flats,https://images.unsplash.com/photo-1542291026-7eec264c27ff?w=400,Footwear,WalkEasy,$75.99
B014CQ6NHQ,Comfortable Denim Dress,https://images.unsplash.com/photo-1595777457583-95e059d581b8?w=400,Women's Clothing,ChicWear,$90.99
B00450MX8I,Modern Woven Suit,https://images.unsplash.com/photo-1586790170083-2f9ceadc732d?w=400,Men's Clothing,UrbanGent,$109.99
B006CQY1BA,Vintage Silk Sneakers,https://images.unsplash.com/photo-1542291026-7eec264c27ff?w=400,Footwear,WalkEasy,$85.99
B011WHB1Y8,Stylish Printed Running Shoes,https://images.unsplash.com/photo-1542291026-7eec264c27ff?w=400,Footwear,WalkEasy,$41.99
B00ZW3SCF0,Trendy Printed Jeans,https://images.unsplash.com/photo-1586790170083-2f9ceadc732d?w=400,Men's Clothing,UrbanGent,$113.99
B003VYFBOM,Classic Knit Jacket,https://images.unsplash.com/photo-1595777457583-95e059d581b8?w=400,Women's Clothing,ChicWear,$28.99
B0140YDX7S,Premium Denim Hat,https://images.unsplash.com/photo-1492707892479-7bc8d5a4ee93?w=400,Accessories,TrendyBits,$98.99
B017B32NTY,Essential Woven Messenger Bag,https://images.unsplash.com/photo-1553062407-98eeb64c6a62?w=400,Bags & Luggage,BagMaster,$141.99
B00K56101M,Luxury Canvas Brooch,https://images.unsplash.com/photo-1535632066927-ab7c9ab60908?w=400,Jewelry,LuxeJewel,$384.99
B012CLUKKE,Vintage Cotton Sneakers,https://images.unsplash.com/photo-1542291026-7eec264c27ff?w=400,Footwear,WalkEasy,$40.99
B00IOWRL94,Luxury Denim Earrings,https://images.unsplash.com/photo-1535632066927-ab7c9ab60908?w=400,Jewelry,LuxeJewel,$334.99
B00E1LBANA,Classic Suede Dress,https://images.unsplash.com/photo-1595777457583-95e059d581b8?w=400,Women's Clothing,ChicWear,$60.99
B00H4BTPPY,Modern Canvas Jacket,https://images.unsplash.com/photo-1586790170083-2f9ceadc732d?w=400,Men's Clothing,UrbanGent,$85.99
B00MMOVHHC,Elegant Denim Pendant,https://images.unsplash.com/photo-1535632066927-ab7c9ab60908?w=400,Jewelry,LuxeJewel,$160.99
B00PZVD1WI,Essential Printed Crossbody,https://images.unsplash.com/photo-1553062407-98eeb64c6a62?w=400,Bags & Luggage,BagMaster,$93.99
B00XE4X2QS,Stylish Solid Running Shoes,https://images.unsplash.com/photo-1542291026-7eec264c27ff?w=400,Footwear,WalkEasy,$86.99
B001G7R0JU,Premium Printed Gloves,https://images.unsplash.com/photo-1492707892479-7bc8d5a4ee93?w=400,Accessories,TrendyBits,$60.99
B00BIWQXGY,Modern Cotton Jeans,https://images.unsplash.com/photo-1586790170083-2f9ceadc732d?w=400,Men's Clothing,UrbanGent,$33.99
B00MP4RWD2,Premium Woven Tie,https://images.unsplash.com/photo-1492707892479-7bc8d5a4ee93?w=400,Accessories,TrendyBits,$69.99
B00S7M4AWC,Stylish Solid Running Shoes,https://images.unsplash.com/photo-1542291026-7eec264c27ff?w=400,Footwear,WalkEasy,$146.99
B00GANFTVG,Designer Silk Wallet,https://images.unsplash.com/photo-1492707892479-7bc8d5a4ee93?w=400,Accessories,TrendyBits,$21.99
B017PH09GK,Modern Leather Suit,https://images.unsplash.com/photo-1586790170083-2f9ceadc732d?w=400,Men's Clothing,UrbanGent,$29.99
B00M0FRKVA,Premium Woven Wallet,https://images.unsplash.com/photo-1492707892479-7bc8d5a4ee93?w=400,Accessories,TrendyBits,$41.99
B01DBTD02Q,Stylish Silk Running Shoes,https://images.unsplash.com/photo-1542291026-7eec264c27ff?w=400,Footwear,WalkEasy,$47.99
B00IX0VDSC,Essential Printed Messenger Bag,https://images.unsplash.com/photo-1553062407-98eeb64c6a62?w=400,Bags & Luggage,BagMaster,$51.99
B00OFX9WPM,Trendy Printed T-Shirt,https://images.unsplash.com/photo-1586790170083-2f9ceadc732d?w=400,Men's Clothing,UrbanGent,$81.99
B00A2WIYUO,Elegant Leather Necklace,https://images.unsplash.com/photo-1535632066927-ab7c9ab60908?w=400,Jewelry,LuxeJewel,$162.99
B01A6E0QCG,Classic Denim Pants,https://images.unsplash.com/photo-1595777457583-95e059d581b8?w=400,Women's Clothing,ChicWear,$91.99
B004UQDIRM,Essential Canvas Crossbody,https://images.unsplash.com/photo-1553062407-98eeb64c6a62?w=400,Bags & Luggage,BagMaster,$219.99
B000FIWCZ8,Trendy Denim Suit,https://images.unsplash.com/photo-1586790170083-2f9ceadc732d?w=400,Men's Clothing,UrbanGent,$69.99
B00Q9SLQT6,Trendy Suede Hoodie,https://images.unsplash.com/photo-1586790170083-2f9ceadc732d?w=400,Men's Clothing,UrbanGent,$97.99
B019JPLATG,Modern Silk T-Shirt,https://images.unsplash.com/photo-1586790170083-2f9ceadc732d?w=400,Men's Clothing,UrbanGent,$51.99
B00K80KD4A,Essential Wool Messenger Bag,https://images.unsplash.com/photo-1553062407-98eeb64c6a62?w=400,Bags & Luggage,BagMaster,$171.99
B01FSBNQ6U,Vintage Silk Flats,https://images.unsplash.com/photo-1542291026-7eec264c27ff?w=400,Footwear,WalkEasy,$95.99
B005GHIOEG,Designer Synthetic Hat,https://images.unsplash.com/photo-1492707892479-7bc8d5a4ee93?w=400,Accessories,TrendyBits,$148.99
B00E1WJFDG,Casual Woven Handbag,https://images.unsplash.com/photo-1553062407-98eeb64c6a62?w=400,Bags & Luggage,BagMaster,$57.99
B00D63DGGS,Vintage Woven Flats,https://images.unsplash.com/photo-1542291026-7eec264c27ff?w=400,Footwear,WalkEasy,$145.99
B0084J42TE,Premium Denim Tie,https://images.unsplash.com/photo-1492707892479-7bc8d5a4ee93?w=400,Accessories,TrendyBits,$89.99
B00J4C8W00,Casual Solid Suitcase,https://images.unsplash.com/photo-1553062407-98eeb64c6a62?w=400,Bags & Luggage,BagMaster,$99.99
B00XQKT4GM,Luxury Cotton Earrings,https://images.unsplash.com/photo-1535632066927-ab7c9ab60908?w=400,Jewelry,LuxeJewel,$220.99
B00CY5J2BC,Essential Cotton Messenger Bag,https://images.unsplash.com/photo-1553062407-98eeb64c6a62?w=400,Bags & Luggage,BagMaster,$195.99
B01BXX4O22,Elegant Knit Pendant,https://images.unsplash.com/photo-1535632066927-ab7c9ab60908?w=400,Jewelry,LuxeJewel,$418.99
B01H7GQZS0,Stylish Denim Running Shoes,https://images.unsplash.com/photo-1542291026-7eec264c27ff?w=400,Footwear,WalkEasy,$151.99
B001DTNKYU,Classic Cotton Pants,https://images.unsplash.com/photo-1595777457583-95e059d581b8?w=400,Women's Clothing,ChicWear,$26.99
B01B1X0YPK,Vintage Printed Flats,https://images.unsplash.com/photo-1542291026-7eec264c27ff?w=400,Footwear,WalkEasy,$121.99
B01D5O58Q8,Trendy Cotton T-Shirt,https://images.unsplash.com/photo-1586790170083-2f9ceadc732d?w=400,Men's Clothing,UrbanGent,$131.99
B00L9D740Q,Luxury Cotton Brooch,https://images.unsplash.com/photo-1535632066927-ab7c9ab60908?w=400,Jewelry,LuxeJewel,$442.99
B00DNVIXES,Vintage Denim Sneakers,https://images.unsplash.com/photo-1542291026-7eec264c27ff?w=400,Footwear,WalkEasy,$128.99
B00FNPPQS8,Comfortable Solid Cardigan,https://images.unsplash.com/photo-1595777457583-95e059d581b8?w=400,Women's Clothing,ChicWear,$59.99
B01CNM0W4G,Luxury Denim Brooch,https://images.unsplash.com/photo-1535632066927-ab7c9ab60908?w=400,Jewelry,LuxeJewel,$468.99
B015UQD64K,Modern Cotton Suit,https://images.unsplash.com/photo-1586790170083-2f9ceadc732d?w=400,Men's Clothing,UrbanGent,$59.99
B00LJMRMR2,Vintage Solid Flats,https://images.unsplash.com/photo-1542291026-7eec264c27ff?w=400,Footwear,WalkEasy,$45.99
B00QIAQYP6,Casual Suede Suitcase,https://images.unsplash.com/photo-1553062407-98eeb64c6a62?w=400,Bags & Luggage,BagMaster,$171.99
B00W0Z4086,Essential Cotton Messenger Bag,https://images.unsplash.com/photo-1553062407-98eeb64c6a62?w=400,Bags & Luggage,BagMaster,$243.99
B005XORS8K,Trendy Synthetic Jacket,https://images.unsplash.com/photo-1586790170083-2f9ceadc732d?w=400,Men's Clothing,UrbanGent,$95.99
B00OLCSWZI,Trendy Silk Jeans,https://images.unsplash.com/photo-1586790170083-2f9ceadc732d?w=400,Men's Clothing,UrbanGent,$83.99
B00NER3KLM,Comfortable Denim Skirt,https://images.unsplash.com/photo-1595777457583-95e059d581b8?w=400,Women's Clothing,ChicWear,$27.99
B00AY8M3LW,Comfortable Wool Pants,https://images.unsplash.com/photo-1595777457583-95e059d581b8?w=400,Women's Clothing,ChicWear,$61.99
B00G62D6C0,Designer Leather Tie,https://images.unsplash.com/photo-1492707892479-7bc8d5a4ee93?w=400,Accessories,TrendyBits,$114.99
B00T6D8GYE,Trendy Suede Jeans,https://images.unsplash.com/photo-1586790170083-2f9ceadc732d?w=400,Men's Clothing,UrbanGent,$73.99
B00Z68K7TK,Designer Woven Gloves,https://images.unsplash.com/photo-1492707892479-7bc8d5a4ee93?w=400,Accessories,TrendyBits,$110.99
B00RN9VGR2,Classic Synthetic Dress,https://images.unsplash.com/photo-1595777457583-95e059d581b8?w=400,Women's Clothing,ChicWear,$45.99
B01HF1QAEQ,Designer Silk Hat,https://images.unsplash.com/photo-1492707892479-7bc8d5a4ee93?w=400,Accessories,TrendyBits,$193.99
B00NTY1X0A,Classic Canvas Pants,https://images.unsplash.com/photo-1595777457583-95e059d581b8?w=400,Women's Clothing,ChicWear,$111.99
B00BUKSV78,Modern Woven T-Shirt,https://images.unsplash.com/photo-1586790170083-2f9ceadc732d?w=400,Men's Clothing,UrbanGent,$101.99
B017H3PYX0,Vintage Denim Sneakers,https://images.unsplash.com/photo-1542291026-7eec264c27ff?w=400,Footwear,WalkEasy,$48.99
B00WATBETK,Premium Printed Watch,https://images.unsplash.com/photo-1492707892479-7bc8d5a4ee93?w=400,Accessories,TrendyBits,$157.99
B01B5GHDZW,Essential Woven Crossbody,https://images.unsplash.com/photo-1553062407-98eeb64c6a62?w=400,Bags & Luggage,BagMaster,$141.99
B00OQ684JS,Classic Denim Jacket,https://images.unsplash.com/photo-1595777457583-95e059d581b8?w=400,Women's Clothing,ChicWear,$83.99
B002LLJHVY,Trendy Solid Jacket,https://images.unsplash.com/photo-1586790170083-2f9ceadc732d?w=400,Men's Clothing,UrbanGent,$105.99
B00N0QF6TG,Casual Knit Suitcase,https://images.unsplash.com/photo-1553062407-98eeb64c6a62?w=400,Bags & Luggage,BagMaster,$213.99
B00KVMGKYW,Vintage Denim Flats,https://images.unsplash.com/photo-1542291026-7eec264c27ff?w=400,Footwear,WalkEasy,$174.99
B014R4FXEW,Luxury Woven Earrings,https://images.unsplash.com/photo-1535632066927-ab7c9ab60908?w=400,Jewelry,LuxeJewel,$134.99
B00NY1X3UQ,Casual Silk Suitcase,https://images.unsplash.com/photo-1553062407-98eeb64c6a62?w=400,Bags & Luggage,BagMaster,$51.99
B01FH8EH2G,Modern Leather Jeans,https://images.unsplash.com/photo-1586790170083-2f9ceadc732d?w=400,Men's Clothing,UrbanGent,$133.99
B016BZD8T2,Essential Wool Crossbody,https://images.unsplash.com/photo-1553062407-98eeb64c6a62?w=400,Bags & Luggage,BagMaster,$153.99
B001JSWM1C,Premium Silk Wallet,https://images.unsplash.com/photo-1492707892479-7bc8d5a4ee93?w=400,Accessories,TrendyBits,$31.99
B01B46E1KI,Premium Canvas Watch,https://images.unsplash.com/photo-1492707892479-7bc8d5a4ee93?w=400,Accessories,TrendyBits,$137.99
B00NQ2ZXQ0,Essential Cotton Messenger Bag,https://images.unsplash.com/photo-1553062407-98eeb64c6a62?w=400,Bags & Luggage,BagMaster,$123.99
B00VJAKY9W,Designer Silk Gloves,https://images.unsplash.com/photo-1492707892479-7bc8d5a4ee93?w=400,Accessories,TrendyBits,$80.99
B00ENFLB6K,Classic Leather Dress,https://images.unsplash.com/photo-1595777457583-95e059d581b8?w=400,Women's Clothing,ChicWear,$70.99
B01CQBTF8S,Trendy Printed Hoodie,https://images.unsplash.com/photo-1586790170083-2f9ceadc732d?w=400,Men's Clothing,UrbanGent,$147.99
B019YUR45A,Elegant Denim Necklace,https://images.unsplash.com/photo-1535632066927-ab7c9ab60908?w=400,Jewelry,LuxeJewel,$156.99
B00XFSIHAY,Classic Knit Skirt,https://images.unsplash.com/photo-1595777457583-95e059d581b8?w=400,Women's Clothing,ChicWear,$117.99
B01G901YX6,Trendy Cotton Hoodie,https://images.unsplash.com/photo-1586790170083-2f9ceadc732d?w=400,Men's Clothing,UrbanGent,$127.99
B00JFR86IM,Essential Denim Messenger Bag,https://images.unsplash.com/photo-1553062407-98eeb64c6a62?w=400,Bags & Luggage,BagMaster,$225.99
B00N3GTTJ6,Stylish Canvas Running Shoes,https://images.unsplash.com/photo-1542291026-7eec264c27ff?w=400,Footwear,WalkEasy,$84.99
B00XHEEZLG,Essential Synthetic Crossbody,https://images.unsplash.com/photo-1553062407-98eeb64c6a62?w=400,Bags & Luggage,BagMaster,$123.99
B01BLSYMRQ,Stylish Solid Running Shoes,https://images.unsplash.com/photo-1542291026-7eec264c27ff?w=400,Footwear,WalkEasy,$90.99
B001BFTSTM,Classic Silk Skirt,https://images.unsplash.com/photo-1595777457583-95e059d581b8?w=400,Women's Clothing,ChicWear,$87.99
B00XLFRVDU,Luxury Printed Earrings,https://images.unsplash.com/photo-1535632066927-ab7c9ab60908?w=400,Jewelry,LuxeJewel,$298.99
B00R5I8PVG,Classic Cotton Skirt,https://images.unsplash.com/photo-1595777457583-95e059d581b8?w=400,Women's Clothing,ChicWear,$42.99
B016OKIVFA,Comfortable Suede Cardigan,https://images.unsplash.com/photo-1595777457583-95e059d581b8?w=400,Women's Clothing,ChicWear,$54.99
B00JTTWBP0,Casual Wool Handbag,https://images.unsplash.com/photo-1553062407-98eeb64c6a62?w=400,Bags & Luggage,BagMaster,$147.99
B00DRZ1KFY,Classic Cotton Dress,https://images.unsplash.com/photo-1595777457583-95e059d581b8?w=400,Women's Clothing,ChicWear,$100.99
B005GVSQ18,Modern Synthetic Jacket,https://images.unsplash.com/photo-1586790170083-2f9ceadc732d?w=400,Men's Clothing,UrbanGent,$115.99
B00X3MNUYU,Elegant Suede Pendant,https://images.unsplash.com/photo-1535632066927-ab7c9ab60908?w=400,Jewelry,LuxeJewel,$420.99
B00JNUHBJQ,Luxury Woven Brooch,https://images.unsplash.com/photo-1535632066927-ab7c9ab60908?w=400,Jewelry,LuxeJewel,$268.99
B00HPNX9CQ,Classic Cotton Pants,https://images.unsplash.com/photo-1595777457583-95e059d581b8?w=400,Women's Clothing,ChicWear,$31.99
B0121L0WA8,Casual Denim Handbag,https://images.unsplash.com/photo-1553062407-98eeb64c6a62?w=400,Bags & Luggage,BagMaster,$201.99
B00WHO8PB8,Luxury Cotton Brooch,https://images.unsplash.com/photo-1535632066927-ab7c9ab60908?w=400,Jewelry,LuxeJewel,$214.99
B00JVU1DR4,Classic Knit Cardigan,https://images.unsplash.com/photo-1595777457583-95e059d581b8?w=400,Women's Clothing,ChicWear,$69.99
B00V5EMF62,Comfortable Denim Cardigan,https://images.unsplash.com/photo-1595777457583-95e059d581b8?w=400,Women's Clothing,ChicWear,$59.99
B0145IDYY6,Trendy Canvas Hoodie,https://images.unsplash.com/photo-1586790170083-2f9ceadc732d?w=400,Men's Clothing,UrbanGent,$97.99
B01BI7GFN4,Stylish Synthetic Running Shoes,https://images.unsplash.com/photo-1542291026-7eec264c27ff?w=400,Footwear,WalkEasy,$72.99
B01FRY0XGO,Vintage Suede Flats,https://images.unsplash.com/photo-1542291026-7eec264c27ff?w=400,Footwear,WalkEasy,$106.99
B00N7B7QRY,Vintage Suede Sneakers,https://images.unsplash.com/photo-1542291026-7eec264c27ff?w=400,Footwear,WalkEasy,$129.99
B00SUSR76O,Designer Synthetic Tie,https://images.unsplash.com/photo-1492707892479-7bc8d5a4ee93?w=400,Accessories,TrendyBits,$39.99
B00UN6ANLM,Vintage Cotton Flats,https://images.unsplash.com/photo-1542291026-7eec264c27ff?w=400,Footwear,WalkEasy,$89.99
B0113MYAOU,Vintage Knit Sneakers,https://images.unsplash.com/photo-1542291026-7eec264c27ff?w=400,Footwear,WalkEasy,$155.99
B007YM2UAA,Essential Solid Crossbody,https://images.unsplash.com/photo-1553062407-98eeb64c6a62?w=400,Bags & Luggage,BagMaster,$165.99
B00DLZ0NGC,Comfortable Woven Skirt,https://images.unsplash.com/photo-1595777457583-95e059d581b8?w=400,Women's Clothing,ChicWear,$42.99
B00Q32C4IU,Comfortable Knit Jacket,https://images.unsplash.com/photo-1595777457583-95e059d581b8?w=400,Women's Clothing,ChicWear,$73.99
B00IOVG3W6,Stylish Leather Sandals,https://images.unsplash.com/photo-1542291026-7eec264c27ff?w=400,Footwear,WalkEasy,$101.99
B01EFJ6YJ2,Trendy Synthetic Suit,https://images.unsplash.com/photo-1586790170083-2f9ceadc732d?w=400,Men's Clothing,UrbanGent,$149.99
B001PPEJ4M,Modern Woven T-Shirt,https://images.unsplash.com/photo-1586790170083-2f9ceadc732d?w=400,Men's Clothing,UrbanGent,$81.99
B00N364D60,Classic Woven Skirt,https://images.unsplash.com/photo-1595777457583-95e059d581b8?w=400,Women's Clothing,ChicWear,$77.99
B00K8AIEHS,Classic Silk Dress,https://images.unsplash.com/photo-1595777457583-95e059d581b8?w=400,Women's Clothing,ChicWear,$35.99
B00JY6WRRU,Classic Suede Pants,https://images.unsplash.com/photo-1595777457583-95e059d581b8?w=400,Women's Clothing,ChicWear,$96.99
B00PKKN8AY,Essential Denim Crossbody,https://images.unsplash.com/photo-1553062407-98eeb64c6a62?w=400,Bags & Luggage,BagMaster,$183.99
B00N35D5EM,Designer Denim Gloves,https://images.unsplash.com/photo-1492707892479-7bc8d5a4ee93?w=400,Accessories,TrendyBits,$115.99
B00HVUEQNO,Casual Denim Handbag,https://images.unsplash.com/photo-1553062407-98eeb64c6a62?w=400,Bags & Luggage,BagMaster,$129.99
B00IOJBKIA,Vintage Knit Sneakers,https://images.unsplash.com/photo-1542291026-7eec264c27ff?w=400,Footwear,WalkEasy,$70.99
B01G0SVRI4,Essential Denim Crossbody,https://images.unsplash.com/photo-1553062407-98eeb64c6a62?w=400,Bags & Luggage,BagMaster,$147.99
B01EXTK3ZU,Essential Solid Crossbody,https://images.unsplash.com/photo-1553062407-98eeb64c6a62?w=400,Bags & Luggage,BagMaster,$153.99
B015IYTLVQ,Modern Wool Suit,https://images.unsplash.com/photo-1586790170083-2f9ceadc732d?w=400,Men's Clothing,UrbanGent,$89.99
B01BQWJKSS,Designer Canvas Gloves,https://images.unsplash.com/photo-1492707892479-7bc8d5a4ee93?w=400,Accessories,TrendyBits,$115.99
B00OCYQ91Y,Luxury Woven Brooch,https://images.unsplash.com/photo-1535632066927-ab7c9ab60908?w=400,Jewelry,LuxeJewel,$118.99
B01C684536,Luxury Printed Earrings,https://images.unsplash.com/photo-1535632066927-ab7c9ab60908?w=400,Jewelry,LuxeJewel,$380.99
B00UZIAM1E,Comfortable Knit Cardigan,https://images.unsplash.com/photo-1595777457583-95e059d581b8?w=400,Women's Clothing,ChicWear,$59.99
B0104HC60U,Trendy Denim Jeans,https://images.unsplash.com/photo-1586790170083-2f9ceadc732d?w=400,Men's Clothing,UrbanGent,$73.99
B004V3H6LI,Elegant Canvas Pendant,https://images.unsplash.com/photo-1535632066927-ab7c9ab60908?w=400,Jewelry,LuxeJewel,$214.99
B00Y2UIXMG,Essential Suede Crossbody,https://images.unsplash.com/photo-1553062407-98eeb64c6a62?w=400,Bags & Luggage,BagMaster,$51.99
B0016BPDS6,Elegant Synthetic Necklace,https://images.unsplash.com/photo-1535632066927-ab7c9ab60908?w=400,Jewelry,LuxeJewel,$332.99
B00DLZ0P8S,Modern Leather T-Shirt,https://images.unsplash.com/photo-1586790170083-2f9ceadc732d?w=400,Men's Clothing,UrbanGent,$41.99
B018LIQU92,Vintage Cotton Sneakers,https://images.unsplash.com/photo-1542291026-7eec264c27ff?w=400,Footwear,WalkEasy,$136.99
B01EC8BN9W,Modern Solid Suit,https://images.unsplash.com/photo-1586790170083-2f9ceadc732d?w=400,Men's Clothing,UrbanGent,$119.99
B01F6O866E,Essential Woven Crossbody,https://images.unsplash.com/photo-1553062407-98eeb64c6a62?w=400,Bags & Luggage,BagMaster,$153.99
B00G98LEYS,Essential Denim Crossbody,https://images.unsplash.com/photo-1553062407-98eeb64c6a62?w=400,Bags & Luggage,BagMaster,$105.99
B014I4CS30,Vintage Leather Flats,https://images.unsplash.com/photo-1542291026-7eec264c27ff?w=400,Footwear,WalkEasy,$70.99
B00CVBJNHC,Classic Synthetic Jacket,https://images.unsplash.com/photo-1595777457583-95e059d581b8?w=400,Women's Clothing,ChicWear,$38.99
B00R4GVDPE,Luxury Denim Brooch,https://images.unsplash.com/photo-1535632066927-ab7c9ab60908?w=400,Jewelry,LuxeJewel,$396.99
B00GL2UYRK,Stylish Silk Sandals,https://images.unsplash.com/photo-1542291026-7eec264c27ff?w=400,Footwear,WalkEasy,$89.99
B000THBBH0,Casual Knit Handbag,https://images.unsplash.com/photo-1553062407-98eeb64c6a62?w=400,Bags & Luggage,BagMaster,$219.99
B00DUZAKIY,Stylish Solid Sandals,https://images.unsplash.com/photo-1542291026-7eec264c27ff?w=400,Footwear,WalkEasy,$89.99
B00WS4OGYC,Vintage Knit Flats,https://images.unsplash.com/photo-1542291026-7eec264c27ff?w=400,Footwear,WalkEasy,$97.99
B00TKU5SLM,Comfortable Printed Skirt,https://images.unsplash.com/photo-1595777457583-95e059d581b8?w=400,Women's Clothing,ChicWear,$72.99
B00WBDQTQ8,Luxury Silk Brooch,https://images.unsplash.com/photo-1535632066927-ab7c9ab60908?w=400,Jewelry,LuxeJewel,$440.99
B00IABP420,Casual Silk Suitcase,https://images.unsplash.com/photo-1553062407-98eeb64c6a62?w=400,Bags & Luggage,BagMaster,$51.99
B01GHVVU1I,Casual Denim Handbag,https://images.unsplash.com/photo-1553062407-98eeb64c6a62?w=400,Bags & Luggage,BagMaster,$159.99
B00ZJECPGE,Designer Cotton Wallet,https://images.unsplash.com/photo-1492707892479-7bc8d5a4ee93?w=400,Accessories,TrendyBits,$51.99
B000Y5Q208,Vintage Canvas Flats,https://images.unsplash.com/photo-1542291026-7eec264c27ff?w=400,Footwear,WalkEasy,$179.99
B00MQB0B1E,Luxury Printed Earrings,https://images.unsplash.com/photo-1535632066927-ab7c9ab60908?w=400,Jewelry,LuxeJewel,$326.99
B019868XPU,Elegant Solid Pendant,https://images.unsplash.com/photo-1535632066927-ab7c9ab60908?w=400,Jewelry,LuxeJewel,$360.99
B00GGFMXV2,Modern Cotton Jeans,https://images.unsplash.com/photo-1586790170083-2f9ceadc732d?w=400,Men's Clothing,UrbanGent,$33.99
B007216RF2,Trendy Synthetic Jeans,https://images.unsplash.com/photo-1586790170083-2f9ceadc732d?w=400,Men's Clothing,UrbanGent,$93.99
B00WHUVPLE,Classic Silk Pants,https://images.unsplash.com/photo-1595777457583-95e059d581b8?w=400,Women's Clothing,ChicWear,$41.99
B017MOLR94,Essential Woven Crossbody,https://images.unsplash.com/photo-1553062407-98eeb64c6a62?w=400,Bags & Luggage,BagMaster,$243.99
B00GYGHRJ6,Essential Synthetic Crossbody,https://images.unsplash.com/photo-1553062407-98eeb64c6a62?w=400,Bags & Luggage,BagMaster,$213.99
B01CVK9AE8,Essential Solid Crossbody,https://images.unsplash.com/photo-1553062407-98eeb64c6a62?w=400,Bags & Luggage,BagMaster,$117.99
B00LNS4GLW,Stylish Denim Running Shoes,https://images.unsplash.com/photo-1542291026-7eec264c27ff?w=400,Footwear,WalkEasy,$64.99
B01G59XW6I,Premium Canvas Gloves,https://images.unsplash.com/photo-1492707892479-7bc8d5a4ee93?w=400,Accessories,TrendyBits,$85.99
B00WECIS2E,Elegant Denim Pendant,https://images.unsplash.com/photo-1535632066927-ab7c9ab60908?w=400,Jewelry,LuxeJewel,$240.99
B00H8T8ZU8,Casual Knit Handbag,https://images.unsplash.com/photo-1553062407-98eeb64c6a62?w=400,Bags & Luggage,BagMaster,$69.99
B00WHC6OW2,Luxury Solid Brooch,https://images.unsplash.com/photo-1535632066927-ab7c9ab60908?w=400,Jewelry,LuxeJewel,$490.99
B010NK8VH0,Comfortable Cotton Jacket,https://images.unsplash.com/photo-1595777457583-95e059d581b8?w=400,Women's Clothing,ChicWear,$88.99
B00KC4R22S,Casual Denim Handbag,https://images.unsplash.com/photo-1553062407-98eeb64c6a62?w=400,Bags & Luggage,BagMaster,$177.99
B00976J8WY,Vintage Denim Flats,https://images.unsplash.com/photo-1542291026-7eec264c27ff?w=400,Footwear,WalkEasy,$72.99
B00MLUOJ18,Luxury Suede Brooch,https://images.unsplash.com/photo-1535632066927-ab7c9ab60908?w=400,Jewelry,LuxeJewel,$258.99
B01ETJHPZU,Designer Silk Watch,https://images.unsplash.com/photo-1492707892479-7bc8d5a4ee93?w=400,Accessories,TrendyBits,$187.99
B002KUYBPS,Trendy Leather Jeans,https://images.unsplash.com/photo-1586790170083-2f9ceadc732d?w=400,Men's Clothing,UrbanGent,$123.99
B019I69HHS,Essential Solid Crossbody,https://images.unsplash.com/photo-1553062407-98eeb64c6a62?w=400,Bags & Luggage,BagMaster,$129.99
B00N49JICA,Comfortable Denim Skirt,https://images.unsplash.com/photo-1595777457583-95e059d581b8?w=400,Women's Clothing,ChicWear,$112.99
B0184X97IA,Classic Silk Cardigan,https://images.unsplash.com/photo-1595777457583-95e059d581b8?w=400,Women's Clothing,ChicWear,$54.99
B01CEZTFSG,Elegant Solid Pendant,https://images.unsplash.com/photo-1535632066927-ab7c9ab60908?w=400,Jewelry,LuxeJewel,$92.99
B00XW62NA4,Elegant Denim Pendant,https://images.unsplash.com/photo-1535632066927-ab7c9ab60908?w=400,Jewelry,LuxeJewel,$54.99
B007DK4WVS,Trendy Synthetic Hoodie,https://images.unsplash.com/photo-1586790170083-2f9ceadc732d?w=400,Men's Clothing,UrbanGent,$107.99
B006X24JXI,Essential Printed Crossbody,https://images.unsplash.com/photo-1553062407-98eeb64c6a62?w=400,Bags & Luggage,BagMaster,$231.99
B015ZNA9XO,Modern Leather Hoodie,https://images.unsplash.com/photo-1586790170083-2f9ceadc732d?w=400,Men's Clothing,UrbanGent,$47.99
B01DKNH7OK,Premium Suede Tie,https://images.unsplash.com/photo-1492707892479-7bc8d5a4ee93?w=400,Accessories,TrendyBits,$159.99
B00BHOOY64,Modern Suede Jacket,https://images.unsplash.com/photo-1586790170083-2f9ceadc732d?w=400,Men's Clothing,UrbanGent,$25.99
B017N9H9U4,Luxury Printed Earrings,https://images.unsplash.com/photo-1535632066927-ab7c9ab60908?w=400,Jewelry,LuxeJewel,$206.99
B015SJLUXS,Premium Printed Hat,https://images.unsplash.com/photo-1492707892479-7bc8d5a4ee93?w=400,Accessories,TrendyBits,$68.99
B00N412WOE,Luxury Silk Earrings,https://images.unsplash.com/photo-1535632066927-ab7c9ab60908?w=400,Jewelry,LuxeJewel,$214.99
B00TCKQDYG,Luxury Woven Earrings,https://images.unsplash.com/photo-1535632066927-ab7c9ab60908?w=400,Jewelry,LuxeJewel,$436.99
B013FJ35P4,Premium Knit Gloves,https://images.unsplash.com/photo-1492707892479-7bc8d5a4ee93?w=400,Accessories,TrendyBits,$80.99
B00J3C61NQ,Vintage Wool Flats,https://images.unsplash.com/photo-1542291026-7eec264c27ff?w=400,Footwear,WalkEasy,$123.99
B00RLQ6SAC,Essential Cotton Messenger Bag,https://images.unsplash.com/photo-1553062407-98eeb64c6a62?w=400,Bags & Luggage,BagMaster,$147.99
B00HZT2PFC,Elegant Synthetic Necklace,https://images.unsplash.com/photo-1535632066927-ab7c9ab60908?w=400,Jewelry,LuxeJewel,$382.99
B00ZF3D8J2,Designer Wool Gloves,https://images.unsplash.com/photo-1492707892479-7bc8d5a4ee93?w=400,Accessories,TrendyBits,$145.99
B01C8RE51W,Elegant Woven Necklace,https://images.unsplash.com/photo-1535632066927-ab7c9ab60908?w=400,Jewelry,LuxeJewel,$76.99
B01D16E2RG,Vintage Suede Sneakers,https://images.unsplash.com/photo-1542291026-7eec264c27ff?w=400,Footwear,WalkEasy,$98.99
B019SYO838,Essential Cotton Crossbody,https://images.unsplash.com/photo-1553062407-98eeb64c6a62?w=400,Bags & Luggage,BagMaster,$231.99
B01HGLIG0Q,Modern Denim T-Shirt,https://images.unsplash.com/photo-1586790170083-2f9ceadc732d?w=400,Men's Clothing,UrbanGent,$31.99
B00SHH63EK,Casual Solid Suitcase,https://images.unsplash.com/photo-1553062407-98eeb64c6a62?w=400,Bags & Luggage,BagMaster,$141.99
B00EJC300W,Stylish Printed Sandals,https://images.unsplash.com/photo-1542291026-7eec264c27ff?w=400,Footwear,WalkEasy,$94.99
B01GYHK8QI,Comfortable Solid Dress,https://images.unsplash.com/photo-1595777457583-95e059d581b8?w=400,Women's Clothing,ChicWear,$70.99
B00TWU0IHO,Luxury Denim Brooch,https://images.unsplash.com/photo-1535632066927-ab7c9ab60908?w=400,Jewelry,LuxeJewel,$182.99
B00W8SM834,Casual Silk Suitcase,https://images.unsplash.com/photo-1553062407-98eeb64c6a62?w=400,Bags & Luggage,BagMaster,$219.99
B00RVZ16U0,Elegant Woven Pendant,https://images.unsplash.com/photo-1535632066927-ab7c9ab60908?w=400,Jewelry,LuxeJewel,$234.99
B014BE5WVC,Comfortable Knit Cardigan,https://images.unsplash.com/photo-1595777457583-95e059d581b8?w=400,Women's Clothing,ChicWear,$64.99
B00M3GGEKY,Designer Leather Hat,https://images.unsplash.com/photo-1492707892479-7bc8d5a4ee93?w=400,Accessories,TrendyBits,$18.99
B01FXHTHXA,Premium Knit Watch,https://images.unsplash.com/photo-1492707892479-7bc8d5a4ee93?w=400,Accessories,TrendyBits,$157.99
B01B6PEXKU,Trendy Printed T-Shirt,https://images.unsplash.com/photo-1586790170083-2f9ceadc732d?w=400,Men's Clothing,UrbanGent,$31.99
B013VTOGNI,Luxury Cotton Brooch,https://images.unsplash.com/photo-1535632066927-ab7c9ab60908?w=400,Jewelry,LuxeJewel,$54.99
B00TA6991G,Classic Synthetic Jacket,https://images.unsplash.com/photo-1595777457583-95e059d581b8?w=400,Women's Clothing,ChicWear,$38.99
B00QM51MAY,Classic Knit Skirt,https://images.unsplash.com/photo-1595777457583-95e059d581b8?w=400,Women's Clothing,ChicWear,$52.99
B01EH6FJIK,Casual Leather Handbag,https://images.unsplash.com/photo-1553062407-98eeb64c6a62?w=400,Bags & Luggage,BagMaster,$153.99
B01DW59Z46,Trendy Wool Suit,https://images.unsplash.com/photo-1586790170083-2f9ceadc732d?w=400,Men's Clothing,UrbanGent,$79.99
B00PDK9HDI,Modern Canvas Jeans,https://images.unsplash.com/photo-1586790170083-2f9ceadc732d?w=400,Men's Clothing,UrbanGent,$113.99
B01GPNOQIW,Vintage Printed Flats,https://images.unsplash.com/photo-1542291026-7eec264c27ff?w=400,Footwear,WalkEasy,$81.99
B00MU3RRM4,Comfortable Denim Cardigan,https://images.unsplash.com/photo-1595777457583-95e059d581b8?w=400,Women's Clothing,ChicWear,$84.99
B00BW6MJ6O,Luxury Printed Earrings,https://images.unsplash.com/photo-1535632066927-ab7c9ab60908?w=400,Jewelry,LuxeJewel,$396.99
B012Q1NX3G,Comfortable Silk Skirt,https://images.unsplash.com/photo-1595777457583-95e059d581b8?w=400,Women's Clothing,ChicWear,$27.99
B01DAFK0Q0,Essential Woven Messenger Bag,https://images.unsplash.com/photo-1553062407-98eeb64c6a62?w=400,Bags & Luggage,BagMaster,$99.99
B00V3124YK,Trendy Woven Suit,https://images.unsplash.com/photo-1586790170083-2f9ceadc732d?w=400,Men's Clothing,UrbanGent,$129.99
B00RLPXPZE,Stylish Silk Sandals,https://images.unsplash.com/photo-1542291026-7eec264c27ff?w=400,Footwear,WalkEasy,$138.99
B01BU2PKEM,Casual Leather Handbag,https://images.unsplash.com/photo-1553062407-98eeb64c6a62?w=400,Bags & Luggage,BagMaster,$111.99
B00ZQ372D4,Premium Silk Gloves,https://images.unsplash.com/photo-1492707892479-7bc8d5a4ee93?w=400,Accessories,TrendyBits,$150.99
B01GHHDI9O,Premium Silk Tie,https://images.unsplash.com/photo-1492707892479-7bc8d5a4ee93?w=400,Accessories,TrendyBits,$74.99
B00T15EBG4,Comfortable Woven Dress,https://images.unsplash.com/photo-1595777457583-95e059d581b8?w=400,Women's Clothing,ChicWear,$90.99
B01HG88NEI,Premium Wool Wallet,https://images.unsplash.com/photo-1492707892479-7bc8d5a4ee93?w=400,Accessories,TrendyBits,$71.99
B00B0IRKEA,Modern Denim Suit,https://images.unsplash.com/photo-1586790170083-2f9ceadc732d?w=400,Men's Clothing,UrbanGent,$119.99
B01GHP2G1M,Essential Canvas Crossbody,https://images.unsplash.com/photo-1553062407-98eeb64c6a62?w=400,Bags & Luggage,BagMaster,$51.99
B01HFK61QO,Essential Wool Crossbody,https://images.unsplash.com/photo-1553062407-98eeb64c6a62?w=400,Bags & Luggage,BagMaster,$93.99
B00E2RE8HI,Essential Cotton Messenger Bag,https://images.unsplash.com/photo-1553062407-98eeb64c6a62?w=400,Bags & Luggage,BagMaster,$147.99
B01CXT29A4,Designer Woven Hat,https://images.unsplash.com/photo-1492707892479-7bc8d5a4ee93?w=400,Accessories,TrendyBits,$143.99
B01CX4F7X0,Comfortable Knit Dress,https://images.unsplash.com/photo-1595777457583-95e059d581b8?w=400,Women's Clothing,ChicWear,$85.99
B01E3V5I6C,Essential Woven Messenger Bag,https://images.unsplash.com/photo-1553062407-98eeb64c6a62?w=400,Bags & Luggage,BagMaster,$63.99
B01CX2NDHY,Luxury Wool Brooch,https://images.unsplash.com/photo-1535632066927-ab7c9ab60908?w=400,Jewelry,LuxeJewel,$134.99
B00WH53OL8,Classic Knit Dress,https://images.unsplash.com/photo-1595777457583-95e059d581b8?w=400,Women's Clothing,ChicWear,$105.99
B00ATQ79B8,Casual Leather Suitcase,https://images.unsplash.com/photo-1553062407-98eeb64c6a62?w=400,Bags & Luggage,BagMaster,$99.99
B00ATRSLSM,Trendy Synthetic Jacket,https://images.unsplash.com/photo-1586790170083-2f9ceadc732d?w=400,Men's Clothing,UrbanGent,$135.99
B01E4UQ7Y4,Modern Silk T-Shirt,https://images.unsplash.com/photo-1586790170083-2f9ceadc732d?w=400,Men's Clothing,UrbanGent,$111.99
B01CTXP0HI,Elegant Denim Pendant,https://images.unsplash.com/photo-1535632066927-ab7c9ab60908?w=400,Jewelry,LuxeJewel,$398.99
B00EB6E0QO,Essential Solid Messenger Bag,https://images.unsplash.com/photo-1553062407-98eeb64c6a62?w=400,Bags & Luggage,BagMaster,$153.99
B00ECHLMFY,Vintage Synthetic Flats,https://images.unsplash.com/photo-1542291026-7eec264c27ff?w=400,Footwear,WalkEasy,$47.99
B01CRVA446,Classic Synthetic Cardigan,https://images.unsplash.com/photo-1595777457583-95e059d581b8?w=400,Women's Clothing,ChicWear,$54.99
B01CRIOV8E,Casual Woven Suitcase,https://images.unsplash.com/photo-1553062407-98eeb64c6a62?w=400,Bags & Luggage,BagMaster,$99.99
B01CRJAIZI,Designer Cotton Wallet,https://images.unsplash.com/photo-1492707892479-7bc8d5a4ee93?w=400,Accessories,TrendyBits,$101.99
B01CRD815S,Designer Wool Watch,https://images.unsplash.com/photo-1492707892479-7bc8d5a4ee93?w=400,Accessories,TrendyBits,$27.99
B00EJO0Z0I,Comfortable Wool Jacket,https://images.unsplash.com/photo-1595777457583-95e059d581b8?w=400,Women's Clothing,ChicWear,$108.99
B00EK2OYKQ,Casual Silk Suitcase,https://images.unsplash.com/photo-1553062407-98eeb64c6a62?w=400,Bags & Luggage,BagMaster,$225.99
B01CPR378M,Stylish Wool Running Shoes,https://images.unsplash.com/photo-1542291026-7eec264c27ff?w=400,Footwear,WalkEasy,$65.99
B01E5KZVIG,Designer Suede Tie,https://images.unsplash.com/photo-1492707892479-7bc8d5a4ee93?w=400,Accessories,TrendyBits,$169.99
B0026MZ4JC,Modern Solid Hoodie,https://images.unsplash.com/photo-1586790170083-2f9ceadc732d?w=400,Men's Clothing,UrbanGent,$67.99
B01GPE115C,Essential Denim Messenger Bag,https://images.unsplash.com/photo-1553062407-98eeb64c6a62?w=400,Bags & Luggage,BagMaster,$249.99
B00EOSG32I,Stylish Canvas Running Shoes,https://images.unsplash.com/photo-1542291026-7eec264c27ff?w=400,Footwear,WalkEasy,$178.99
B00EP6SUFM,Trendy Leather Jeans,https://images.unsplash.com/photo-1586790170083-2f9ceadc732d?w=400,Men's Clothing,UrbanGent,$63.99
B01COCY084,Elegant Synthetic Pendant,https://images.unsplash.com/photo-1535632066927-ab7c9ab60908?w=400,Jewelry,LuxeJewel,$32.99
B00VSN24ZC,Elegant Cotton Pendant,https://images.unsplash.com/photo-1535632066927-ab7c9ab60908?w=400,Jewelry,LuxeJewel,$194.99
B00EUDL3MM,Classic Suede Jacket,https://images.unsplash.com/photo-1595777457583-95e059d581b8?w=400,Women's Clothing,ChicWear,$53.99
B01E63VI98,Elegant Printed Pendant,https://images.unsplash.com/photo-1535632066927-ab7c9ab60908?w=400,Jewelry,LuxeJewel,$226.99
B00AMM2ST2,Trendy Wool T-Shirt,https://images.unsplash.com/photo-1586790170083-2f9ceadc732d?w=400,Men's Clothing,UrbanGent,$61.99
B00EY27BOS,Casual Synthetic Handbag,https://images.unsplash.com/photo-1553062407-98eeb64c6a62?w=400,Bags & Luggage,BagMaster,$231.99
B01CJJKQX0,Comfortable Cotton Jacket,https://images.unsplash.com/photo-1595777457583-95e059d581b8?w=400,Women's Clothing,ChicWear,$28.99
B00F8PTYMM,Luxury Suede Brooch,https://images.unsplash.com/photo-1535632066927-ab7c9ab60908?w=400,Jewelry,LuxeJewel,$342.99
B01CDKS2P4,Modern Woven Hoodie,https://images.unsplash.com/photo-1586790170083-2f9ceadc732d?w=400,Men's Clothing,UrbanGent,$87.99
B01CCBVZ9Y,Comfortable Synthetic Pants,https://images.unsplash.com/photo-1595777457583-95e059d581b8?w=400,Women's Clothing,ChicWear,$81.99
B00FBFV07G,Essential Suede Crossbody,https://images.unsplash.com/photo-1553062407-98eeb64c6a62?w=400,Bags & Luggage,BagMaster,$51.99
B01E7M66AY,Vintage Silk Flats,https://images.unsplash.com/photo-1542291026-7eec264c27ff?w=400,Footwear,WalkEasy,$165.99
B00FCGVYYS,Classic Synthetic Skirt,https://images.unsplash.com/photo-1595777457583-95e059d581b8?w=400,Women's Clothing,ChicWear,$57.99
B00FEQ60N6,Modern Solid Hoodie,https://images.unsplash.com/photo-1586790170083-2f9ceadc732d?w=400,Men's Clothing,UrbanGent,$27.99
B00AEX36WC,Trendy Printed Jacket,https://images.unsplash.com/photo-1586790170083-2f9ceadc732d?w=400,Men's Clothing,UrbanGent,$75.99
B00AEE7IVG,Classic Woven Pants,https://images.unsplash.com/photo-1595777457583-95e059d581b8?w=400,Women's Clothing,ChicWear,$106.99
B0028C0Y18,Luxury Woven Brooch,https://images.unsplash.com/photo-1535632066927-ab7c9ab60908?w=400,Jewelry,LuxeJewel,$58.99
B01C5RJVX2,Classic Wool Skirt,https://images.unsplash.com/photo-1595777457583-95e059d581b8?w=400,Women's Clothing,ChicWear,$117.99
B01C44QDBO,Vintage Wool Flats,https://images.unsplash.com/photo-1542291026-7eec264c27ff?w=400,Footwear,WalkEasy,$141.99
B01C37QJRK,Luxury Printed Earrings,https://images.unsplash.com/photo-1535632066927-ab7c9ab60908?w=400,Jewelry,LuxeJewel,$180.99
B00G2V9FFW,Essential Suede Messenger Bag,https://images.unsplash.com/photo-1553062407-98eeb64c6a62?w=400,Bags & Luggage,BagMaster,$177.99
B00G3LIC14,Vintage Woven Sneakers,https://images.unsplash.com/photo-1542291026-7eec264c27ff?w=400,Footwear,WalkEasy,$64.99
B00A8MQ4OG,Vintage Knit Sneakers,https://images.unsplash.com/photo-1542291026-7eec264c27ff?w=400,Footwear,WalkEasy,$54.99
B001BO1BRK,Vintage Leather Sneakers,https://images.unsplash.com/photo-1542291026-7eec264c27ff?w=400,Footwear,WalkEasy,$163.99
B01BXBNWCM,Designer Printed Wallet,https://images.unsplash.com/photo-1492707892479-7bc8d5a4ee93?w=400,Accessories,TrendyBits,$126.99
B01E9TNCYS,Stylish Printed Sandals,https://images.unsplash.com/photo-1542291026-7eec264c27ff?w=400,Footwear,WalkEasy,$102.99
B001BFLSN6,Modern Suede Suit,https://images.unsplash.com/photo-1586790170083-2f9ceadc732d?w=400,Men's Clothing,UrbanGent,$119.99
B01BVWXF5W,Designer Leather Gloves,https://images.unsplash.com/photo-1492707892479-7bc8d5a4ee93?w=400,Accessories,TrendyBits,$45.99
B00GCHF8TI,Trendy Cotton Suit,https://images.unsplash.com/photo-1586790170083-2f9ceadc732d?w=400,Men's Clothing,UrbanGent,$119.99
B00A6SGQU4,Essential Knit Crossbody,https://images.unsplash.com/photo-1553062407-98eeb64c6a62?w=400,Bags & Luggage,BagMaster,$165.99
B00GFNDKYY,Luxury Printed Earrings,https://images.unsplash.com/photo-1535632066927-ab7c9ab60908?w=400,Jewelry,LuxeJewel,$318.99
B00GG0EC9S,Casual Cotton Suitcase,https://images.unsplash.com/photo-1553062407-98eeb64c6a62?w=400,Bags & Luggage,BagMaster,$219.99
B00GG399F2,Comfortable Wool Jacket,https://images.unsplash.com/photo-1595777457583-95e059d581b8?w=400,Women's Clothing,ChicWear,$113.99
B01BU9365K,Modern Wool Jacket,https://images.unsplash.com/photo-1586790170083-2f9ceadc732d?w=400,Men's Clothing,UrbanGent,$135.99
B00GGINT62,Premium Silk Watch,https://images.unsplash.com/photo-1492707892479-7bc8d5a4ee93?w=400,Accessories,TrendyBits,$197.99
B00A3Z8FTA,Luxury Leather Brooch,https://images.unsplash.com/photo-1535632066927-ab7c9ab60908?w=400,Jewelry,LuxeJewel,$402.99
B01BTXDBKM,Classic Woven Pants,https://images.unsplash.com/photo-1595777457583-95e059d581b8?w=400,Women's Clothing,ChicWear,$111.99
B01BTUO7QM,Designer Woven Wallet,https://images.unsplash.com/photo-1492707892479-7bc8d5a4ee93?w=400,Accessories,TrendyBits,$161.99
B00GJ3FX3G,Premium Knit Wallet,https://images.unsplash.com/photo-1492707892479-7bc8d5a4ee93?w=400,Accessories,TrendyBits,$76.99
B00GJJF6NW,Stylish Cotton Sandals,https://images.unsplash.com/photo-1542291026-7eec264c27ff?w=400,Footwear,WalkEasy,$166.99
B00GK93WMS,Trendy Wool Suit,https://images.unsplash.com/photo-1586790170083-2f9ceadc732d?w=400,Men's Clothing,UrbanGent,$149.99
B00GMPVHGI,Trendy Canvas Hoodie,https://images.unsplash.com/photo-1586790170083-2f9ceadc732d?w=400,Men's Clothing,UrbanGent,$117.99
B01BP6U4KI,Elegant Silk Pendant,https://images.unsplash.com/photo-1535632066927-ab7c9ab60908?w=400,Jewelry,LuxeJewel,$388.99
B00GQMZYDE,Modern Canvas Suit,https://images.unsplash.com/photo-1586790170083-2f9ceadc732d?w=400,Men's Clothing,UrbanGent,$89.99
B00GRAGULU,Casual Printed Handbag,https://images.unsplash.com/photo-1553062407-98eeb64c6a62?w=400,Bags & Luggage,BagMaster,$153.99
B01BLSS7OA,Casual Wool Handbag,https://images.unsplash.com/photo-1553062407-98eeb64c6a62?w=400,Bags & Luggage,BagMaster,$171.99
B01BKNAZO6,Premium Canvas Tie,https://images.unsplash.com/photo-1492707892479-7bc8d5a4ee93?w=400,Accessories,TrendyBits,$194.99
B01EEAKWB8,Comfortable Suede Jacket,https://images.unsplash.com/photo-1595777457583-95e059d581b8?w=400,Women's Clothing,ChicWear,$33.99
B00GXIEWVG,Stylish Knit Sandals,https://images.unsplash.com/photo-1542291026-7eec264c27ff?w=400,Footwear,WalkEasy,$125.99
B009NTJWI0,Designer Knit Gloves,https://images.unsplash.com/photo-1492707892479-7bc8d5a4ee93?w=400,Accessories,TrendyBits,$65.99
B01BDWOOUA,Stylish Suede Sandals,https://images.unsplash.com/photo-1542291026-7eec264c27ff?w=400,Footwear,WalkEasy,$55.99
B01BD8B2TU,Classic Denim Jacket,https://images.unsplash.com/photo-1595777457583-95e059d581b8?w=400,Women's Clothing,ChicWear,$53.99
B00H7VJA5G,Elegant Knit Necklace,https://images.unsplash.com/photo-1535632066927-ab7c9ab60908?w=400,Jewelry,LuxeJewel,$492.99
B009IXQ4KU,Comfortable Printed Skirt,https://images.unsplash.com/photo-1595777457583-95e059d581b8?w=400,Women's Clothing,ChicWear,$67.99
B00178VIEQ,Comfortable Solid Skirt,https://images.unsplash.com/photo-1595777457583-95e059d581b8?w=400,Women's Clothing,ChicWear,$82.99
B002BCTDEE,Classic Silk Pants,https://images.unsplash.com/photo-1595777457583-95e059d581b8?w=400,Women's Clothing,ChicWear,$46.99
B01EGOOGD2,Premium Suede Hat,https://images.unsplash.com/photo-1492707892479-7bc8d5a4ee93?w=400,Accessories,TrendyBits,$118.99
B01EGZGL98,Trendy Knit Jeans,https://images.unsplash.com/photo-1586790170083-2f9ceadc732d?w=400,Men's Clothing,UrbanGent,$23.99
B01EH462J2,Trendy Synthetic Jacket,https://images.unsplash.com/photo-1586790170083-2f9ceadc732d?w=400,Men's Clothing,UrbanGent,$55.99
B01B676VHQ,Casual Printed Handbag,https://images.unsplash.com/photo-1553062407-98eeb64c6a62?w=400,Bags & Luggage,BagMaster,$195.99
B00HK4KOFU,Classic Denim Cardigan,https://images.unsplash.com/photo-1595777457583-95e059d581b8?w=400,Women's Clothing,ChicWear,$114.99
B00HN8093U,Comfortable Silk Pants,https://images.unsplash.com/photo-1595777457583-95e059d581b8?w=400,Women's Clothing,ChicWear,$61.99
B00HNSXX24,Stylish Printed Sandals,https://images.unsplash.com/photo-1542291026-7eec264c27ff?w=400,Footwear,WalkEasy,$40.99
B00HOMQUDI,Trendy Wool Suit,https://images.unsplash.com/photo-1586790170083-2f9ceadc732d?w=400,Men's Clothing,UrbanGent,$139.99
B01B2FP49I,Casual Woven Handbag,https://images.unsplash.com/photo-1553062407-98eeb64c6a62?w=400,Bags & Luggage,BagMaster,$207.99
B009FOJVUC,Comfortable Canvas Jacket,https://images.unsplash.com/photo-1595777457583-95e059d581b8?w=400,Women's Clothing,ChicWear,$108.99
B00WTKVGVQ,Modern Leather Suit,https://images.unsplash.com/photo-1586790170083-2f9ceadc732d?w=400,Men's Clothing,UrbanGent,$129.99
B009DQO1ZW,Vintage Woven Sneakers,https://images.unsplash.com/photo-1542291026-7eec264c27ff?w=400,Footwear,WalkEasy,$145.99
B00VXP000Q,Stylish Wool Sandals,https://images.unsplash.com/photo-1542291026-7eec264c27ff?w=400,Footwear,WalkEasy,$39.99
B01AXSHRWW,Elegant Synthetic Necklace,https://images.unsplash.com/photo-1535632066927-ab7c9ab60908?w=400,Jewelry,LuxeJewel,$364.99
B009CNJRMS,Casual Leather Handbag,https://images.unsplash.com/photo-1553062407-98eeb64c6a62?w=400,Bags & Luggage,BagMaster,$147.99
B00VO1TZK0,Premium Suede Hat,https://images.unsplash.com/photo-1492707892479-7bc8d5a4ee93?w=400,Accessories,TrendyBits,$18.99
B00I1AJDZO,Luxury Solid Brooch,https://images.unsplash.com/photo-1535632066927-ab7c9ab60908?w=400,Jewelry,LuxeJewel,$340.99
B01AUIKXG2,Elegant Canvas Pendant,https://images.unsplash.com/photo-1535632066927-ab7c9ab60908?w=400,Jewelry,LuxeJewel,$72.99
B00I3E1T0K,Classic Denim Pants,https://images.unsplash.com/photo-1595777457583-95e059d581b8?w=400,Women's Clothing,ChicWear,$86.99
B00I3OIH6O,Modern Silk T-Shirt,https://images.unsplash.com/photo-1586790170083-2f9ceadc732d?w=400,Men's Clothing,UrbanGent,$21.99
B00I3OKLN6,Trendy Suede Hoodie,https://images.unsplash.com/photo-1586790170083-2f9ceadc732d?w=400,Men's Clothing,UrbanGent,$97.99
B01GUB9IJ6,Stylish Woven Sandals,https://images.unsplash.com/photo-1542291026-7eec264c27ff?w=400,Footwear,WalkEasy,$48.99
B01ATHNUZK,Premium Denim Wallet,https://images.unsplash.com/photo-1492707892479-7bc8d5a4ee93?w=400,Accessories,TrendyBits,$166.99
B0099T8EV0,Luxury Synthetic Earrings,https://images.unsplash.com/photo-1535632066927-ab7c9ab60908?w=400,Jewelry,LuxeJewel,$268.99
B00I8018XC,Classic Silk Cardigan,https://images.unsplash.com/photo-1595777457583-95e059d581b8?w=400,Women's Clothing,ChicWear,$44.99
B01ARBWPFE,Premium Leather Wallet,https://images.unsplash.com/photo-1492707892479-7bc8d5a4ee93?w=400,Accessories,TrendyBits,$66.99
B01AQTLC6K,Essential Solid Crossbody,https://images.unsplash.com/photo-1553062407-98eeb64c6a62?w=400,Bags & Luggage,BagMaster,$87.99
B00IARM67K,Designer Canvas Tie,https://images.unsplash.com/photo-1492707892479-7bc8d5a4ee93?w=400,Accessories,TrendyBits,$109.99
B00IASB8FA,Modern Silk Hoodie,https://images.unsplash.com/photo-1586790170083-2f9ceadc732d?w=400,Men's Clothing,UrbanGent,$57.99
B00VNH8XAI,Modern Leather Suit,https://images.unsplash.com/photo-1586790170083-2f9ceadc732d?w=400,Men's Clothing,UrbanGent,$129.99
B00II22V6I,Designer Cotton Gloves,https://images.unsplash.com/photo-1492707892479-7bc8d5a4ee93?w=400,Accessories,TrendyBits,$45.99
B01EKBU1SK,Essential Wool Messenger Bag,https://images.unsplash.com/photo-1553062407-98eeb64c6a62?w=400,Bags & Luggage,BagMaster,$147.99
B01AN3WZ2E,Essential Wool Messenger Bag,https://images.unsplash.com/photo-1553062407-98eeb64c6a62?w=400,Bags & Luggage,BagMaster,$81.99
B00964SCGK,Comfortable Leather Skirt,https://images.unsplash.com/photo-1595777457583-95e059d581b8?w=400,Women's Clothing,ChicWear,$82.99
B00964MB4O,Casual Printed Handbag,https://images.unsplash.com/photo-1553062407-98eeb64c6a62?w=400,Bags & Luggage,BagMaster,$201.99
B00IKZS5LS,Elegant Printed Pendant,https://images.unsplash.com/photo-1535632066927-ab7c9ab60908?w=400,Jewelry,LuxeJewel,$86.99
B00IM58A6G,Classic Denim Jacket,https://images.unsplash.com/photo-1595777457583-95e059d581b8?w=400,Women's Clothing,ChicWear,$83.99
B01AKRS82O,Vintage Woven Sneakers,https://images.unsplash.com/photo-1542291026-7eec264c27ff?w=400,Footwear,WalkEasy,$158.99
B01AK5W89K,Luxury Cotton Earrings,https://images.unsplash.com/photo-1535632066927-ab7c9ab60908?w=400,Jewelry,LuxeJewel,$98.99
B01AJGTYJ2,Essential Synthetic Messenger Bag,https://images.unsplash.com/photo-1553062407-98eeb64c6a62?w=400,Bags & Luggage,BagMaster,$57.99
B00IOKHQ14,Trendy Suede Jeans,https://images.unsplash.com/photo-1586790170083-2f9ceadc732d?w=400,Men's Clothing,UrbanGent,$63.99
B01EL7E7HE,Modern Canvas Jacket,https://images.unsplash.com/photo-1586790170083-2f9ceadc732d?w=400,Men's Clothing,UrbanGent,$25.99
B00IOXD1XI,Essential Wool Messenger Bag,https://images.unsplash.com/photo-1553062407-98eeb64c6a62?w=400,Bags & Luggage,BagMaster,$207.99
B01AIOBFD8,Stylish Canvas Running Shoes,https://images.unsplash.com/photo-1542291026-7eec264c27ff?w=400,Footwear,WalkEasy,$144.99
B00IQIP4PE,Vintage Silk Flats,https://images.unsplash.com/photo-1542291026-7eec264c27ff?w=400,Footwear,WalkEasy,$155.99
B01AHFSO32,Casual Printed Handbag,https://images.unsplash.com/photo-1553062407-98eeb64c6a62?w=400,Bags & Luggage,BagMaster,$51.99
B00IT506KM,Modern Leather Suit,https://images.unsplash.com/photo-1586790170083-2f9ceadc732d?w=400,Men's Clothing,UrbanGent,$139.99
B01ELKF5B8,Comfortable Leather Jacket,https://images.unsplash.com/photo-1595777457583-95e059d581b8?w=400,Women's Clothing,ChicWear,$53.99
B01AERUHMY,Elegant Cotton Necklace,https://images.unsplash.com/photo-1535632066927-ab7c9ab60908?w=400,Jewelry,LuxeJewel,$294.99
B00IVULFOQ,Comfortable Canvas Cardigan,https://images.unsplash.com/photo-1595777457583-95e059d581b8?w=400,Women's Clothing,ChicWear,$34.99
B01ACHDOJO,Comfortable Woven Jacket,https://images.unsplash.com/photo-1595777457583-95e059d581b8?w=400,Women's Clothing,ChicWear,$58.99
B00IWKMVMK,Stylish Synthetic Running Shoes,https://images.unsplash.com/photo-1542291026-7eec264c27ff?w=400,Footwear,WalkEasy,$56.99
B0090PY2BO,Designer Canvas Gloves,https://images.unsplash.com/photo-1492707892479-7bc8d5a4ee93?w=400,Accessories,TrendyBits,$115.99
B00IZK5ME6,Vintage Cotton Sneakers,https://images.unsplash.com/photo-1542291026-7eec264c27ff?w=400,Footwear,WalkEasy,$56.99
B00J02Z41O,Trendy Cotton Suit,https://images.unsplash.com/photo-1586790170083-2f9ceadc732d?w=400,Men's Clothing,UrbanGent,$119.99
B01EMMRTAU,Trendy Cotton T-Shirt,https://images.unsplash.com/photo-1586790170083-2f9ceadc732d?w=400,Men's Clothing,UrbanGent,$21.99
B00J1F804I,Stylish Woven Running Shoes,https://images.unsplash.com/photo-1542291026-7eec264c27ff?w=400,Footwear,WalkEasy,$119.99
B008ZZRVMW,Elegant Wool Pendant,https://images.unsplash.com/photo-1535632066927-ab7c9ab60908?w=400,Jewelry,LuxeJewel,$344.99
B01A6L3LIA,Modern Knit Suit,https://images.unsplash.com/photo-1586790170083-2f9ceadc732d?w=400,Men's Clothing,UrbanGent,$69.99
B00J378KEO,Elegant Suede Pendant,https://images.unsplash.com/photo-1535632066927-ab7c9ab60908?w=400,Jewelry,LuxeJewel,$270.99
B00WFBY8VO,Stylish Solid Sandals,https://images.unsplash.com/photo-1542291026-7eec264c27ff?w=400,Footwear,WalkEasy,$38.99
B00J4BKRWC,Vintage Solid Flats,https://images.unsplash.com/photo-1542291026-7eec264c27ff?w=400,Footwear,WalkEasy,$52.99
B00J6VM4GC,Comfortable Wool Jacket,https://images.unsplash.com/photo-1595777457583-95e059d581b8?w=400,Women's Clothing,ChicWear,$43.99
B01A0LIIEI,Stylish Wool Sandals,https://images.unsplash.com/photo-1542291026-7eec264c27ff?w=400,Footwear,WalkEasy,$72.99
B01GWJL5WO,Trendy Canvas T-Shirt,https://images.unsplash.com/photo-1586790170083-2f9ceadc732d?w=400,Men's Clothing,UrbanGent,$131.99
B019ZBIKB0,Luxury Solid Brooch,https://images.unsplash.com/photo-1535632066927-ab7c9ab60908?w=400,Jewelry,LuxeJewel,$198.99
B01GGAWLFE,Essential Canvas Crossbody,https://images.unsplash.com/photo-1553062407-98eeb64c6a62?w=400,Bags & Luggage,BagMaster,$99.99
B00J8XLAYU,Luxury Denim Brooch,https://images.unsplash.com/photo-1535632066927-ab7c9ab60908?w=400,Jewelry,LuxeJewel,$416.99
B00WY3SHGA,Modern Leather T-Shirt,https://images.unsplash.com/photo-1586790170083-2f9ceadc732d?w=400,Men's Clothing,UrbanGent,$131.99
B01EO1U3NY,Essential Knit Messenger Bag,https://images.unsplash.com/photo-1553062407-98eeb64c6a62?w=400,Bags & Luggage,BagMaster,$117.99
B019W9UWEI,Designer Knit Hat,https://images.unsplash.com/photo-1492707892479-7bc8d5a4ee93?w=400,Accessories,TrendyBits,$133.99
B000WZC5ZG,Comfortable Knit Skirt,https://images.unsplash.com/photo-1595777457583-95e059d581b8?w=400,Women's Clothing,ChicWear,$42.99
B00JBIFTYE,Vintage Wool Flats,https://images.unsplash.com/photo-1542291026-7eec264c27ff?w=400,Footwear,WalkEasy,$129.99
B00JCPFIHO,Classic Synthetic Dress,https://images.unsplash.com/photo-1595777457583-95e059d581b8?w=400,Women's Clothing,ChicWear,$80.99
B00JCWYH8S,Luxury Solid Brooch,https://images.unsplash.com/photo-1535632066927-ab7c9ab60908?w=400,Jewelry,LuxeJewel,$440.99
B019RP81FY,Stylish Synthetic Running Shoes,https://images.unsplash.com/photo-1542291026-7eec264c27ff?w=400,Footwear,WalkEasy,$77.99
B00JFC7TM6,Vintage Knit Sneakers,https://images.unsplash.com/photo-1542291026-7eec264c27ff?w=400,Footwear,WalkEasy,$41.99
B00JFL8DGI,Casual Woven Handbag,https://images.unsplash.com/photo-1553062407-98eeb64c6a62?w=400,Bags & Luggage,BagMaster,$237.99
B01EOL2BHU,Vintage Knit Flats,https://images.unsplash.com/photo-1542291026-7eec264c27ff?w=400,Footwear,WalkEasy,$125.99
B00JGBDLTG,Stylish Canvas Running Shoes,https://images.unsplash.com/photo-1542291026-7eec264c27ff?w=400,Footwear,WalkEasy,$74.99
B019P10720,Premium Suede Tie,https://images.unsplash.com/photo-1492707892479-7bc8d5a4ee93?w=400,Accessories,TrendyBits,$139.99
B00JJKE7LA,Casual Leather Handbag,https://images.unsplash.com/photo-1553062407-98eeb64c6a62?w=400,Bags & Luggage,BagMaster,$93.99
B00JJP8BXA,Comfortable Leather Skirt,https://images.unsplash.com/photo-1595777457583-95e059d581b8?w=400,Women's Clothing,ChicWear,$67.99
B019N4IQ3Q,Casual Leather Suitcase,https://images.unsplash.com/photo-1553062407-98eeb64c6a62?w=400,Bags & Luggage,BagMaster,$99.99
B00JKC9QKY,Luxury Silk Earrings,https://images.unsplash.com/photo-1535632066927-ab7c9ab60908?w=400,Jewelry,LuxeJewel,$402.99
B00VLBMGOU,Modern Knit Suit,https://images.unsplash.com/photo-1586790170083-2f9ceadc732d?w=400,Men's Clothing,UrbanGent,$109.99
B019J3MWXQ,Classic Canvas Skirt,https://images.unsplash.com/photo-1595777457583-95e059d581b8?w=400,Women's Clothing,ChicWear,$72.99
B000VLS13Q,Elegant Canvas Necklace,https://images.unsplash.com/photo-1535632066927-ab7c9ab60908?w=400,Jewelry,LuxeJewel,$296.99
B00JQOR3CE,Essential Synthetic Messenger Bag,https://images.unsplash.com/photo-1553062407-98eeb64c6a62?w=400,Bags & Luggage,BagMaster,$249.99
B008LOFJSU,Elegant Suede Necklace,https://images.unsplash.com/photo-1535632066927-ab7c9ab60908?w=400,Jewelry,LuxeJewel,$100.99
B00JS6RZQ4,Modern Leather Suit,https://images.unsplash.com/photo-1586790170083-2f9ceadc732d?w=400,Men's Clothing,UrbanGent,$139.99
B00JUFSCKG,Modern Wool Jeans,https://images.unsplash.com/photo-1586790170083-2f9ceadc732d?w=400,Men's Clothing,UrbanGent,$103.99
B00JVXONJQ,Luxury Printed Brooch,https://images.unsplash.com/photo-1535632066927-ab7c9ab60908?w=400,Jewelry,LuxeJewel,$438.99
B00JW6LW1O,Elegant Suede Necklace,https://images.unsplash.com/photo-1535632066927-ab7c9ab60908?w=400,Jewelry,LuxeJewel,$264.99
B0198SFMVG,Classic Canvas Dress,https://images.unsplash.com/photo-1595777457583-95e059d581b8?w=400,Women's Clothing,ChicWear,$65.99
B00X1HT2MQ,Premium Woven Gloves,https://images.unsplash.com/photo-1492707892479-7bc8d5a4ee93?w=400,Accessories,TrendyBits,$125.99
B000UTNBMU,Stylish Cotton Sandals,https://images.unsplash.com/photo-1542291026-7eec264c27ff?w=400,Footwear,WalkEasy,$63.99
B00JZ93RNO,Luxury Wool Brooch,https://images.unsplash.com/photo-1535632066927-ab7c9ab60908?w=400,Jewelry,LuxeJewel,$404.99
B01962UYEY,Stylish Solid Running Shoes,https://images.unsplash.com/photo-1542291026-7eec264c27ff?w=400,Footwear,WalkEasy,$125.99
B01967YLYI,Trendy Denim T-Shirt,https://images.unsplash.com/photo-1586790170083-2f9ceadc732d?w=400,Men's Clothing,UrbanGent,$81.99
B00K0UAI48,Luxury Cotton Brooch,https://images.unsplash.com/photo-1535632066927-ab7c9ab60908?w=400,Jewelry,LuxeJewel,$322.99
B00K19KL5E,Luxury Synthetic Brooch,https://images.unsplash.com/photo-1535632066927-ab7c9ab60908?w=400,Jewelry,LuxeJewel,$222.99
B000SN1BVG,Comfortable Cotton Jacket,https://images.unsplash.com/photo-1595777457583-95e059d581b8?w=400,Women's Clothing,ChicWear,$48.99
B00K34XSOI,Casual Silk Suitcase,https://images.unsplash.com/photo-1553062407-98eeb64c6a62?w=400,Bags & Luggage,BagMaster,$201.99
B0193D5WUM,Stylish Denim Sandals,https://images.unsplash.com/photo-1542291026-7eec264c27ff?w=400,Footwear,WalkEasy,$176.99
B01GZW8T5E,Stylish Leather Running Shoes,https://images.unsplash.com/photo-1542291026-7eec264c27ff?w=400,Footwear,WalkEasy,$59.99
B00K5MMPJC,Classic Cotton Pants,https://images.unsplash.com/photo-1595777457583-95e059d581b8?w=400,Women's Clothing,ChicWear,$51.99
B00K5Z0N8E,Trendy Cotton Hoodie,https://images.unsplash.com/photo-1586790170083-2f9ceadc732d?w=400,Men's Clothing,UrbanGent,$57.99
B0191GFNYQ,Elegant Woven Necklace,https://images.unsplash.com/photo-1535632066927-ab7c9ab60908?w=400,Jewelry,LuxeJewel,$158.99
B01911YBZ8,Trendy Knit Suit,https://images.unsplash.com/photo-1586790170083-2f9ceadc732d?w=400,Men's Clothing,UrbanGent,$29.99
B01911ZXEG,Vintage Denim Sneakers,https://images.unsplash.com/photo-1542291026-7eec264c27ff?w=400,Footwear,WalkEasy,$68.99
B0190CP2KG,Elegant Canvas Pendant,https://images.unsplash.com/photo-1535632066927-ab7c9ab60908?w=400,Jewelry,LuxeJewel,$388.99
B00K6NHBQC,Premium Cotton Gloves,https://images.unsplash.com/photo-1492707892479-7bc8d5a4ee93?w=400,Accessories,TrendyBits,$160.99
B018ZRTP64,Comfortable Cotton Jacket,https://images.unsplash.com/photo-1595777457583-95e059d581b8?w=400,Women's Clothing,ChicWear,$113.99
B01EU60AEU,Trendy Wool Suit,https://images.unsplash.com/photo-1586790170083-2f9ceadc732d?w=400,Men's Clothing,UrbanGent,$149.99
B00K8BG1IG,Vintage Printed Sneakers,https://images.unsplash.com/photo-1542291026-7eec264c27ff?w=400,Footwear,WalkEasy,$148.99
B00K8NR2ZU,Vintage Wool Sneakers,https://images.unsplash.com/photo-1542291026-7eec264c27ff?w=400,Footwear,WalkEasy,$71.99
B00K921I3W,Elegant Suede Pendant,https://images.unsplash.com/photo-1535632066927-ab7c9ab60908?w=400,Jewelry,LuxeJewel,$234.99
B00KADIUJK,Elegant Synthetic Pendant,https://images.unsplash.com/photo-1535632066927-ab7c9ab60908?w=400,Jewelry,LuxeJewel,$160.99
B00KALPKW2,Modern Printed Jacket,https://images.unsplash.com/photo-1586790170083-2f9ceadc732d?w=400,Men's Clothing,UrbanGent,$115.99
B000RAU4YU,Designer Solid Gloves,https://images.unsplash.com/photo-1492707892479-7bc8d5a4ee93?w=400,Accessories,TrendyBits,$15.99
B018VJ44GW,Elegant Printed Pendant,https://images.unsplash.com/photo-1535632066927-ab7c9ab60908?w=400,Jewelry,LuxeJewel,$220.99
B018V7WZKQ,Designer Leather Wallet,https://images.unsplash.com/photo-1492707892479-7bc8d5a4ee93?w=400,Accessories,TrendyBits,$146.99
B01EUU5WI0,Comfortable Canvas Jacket,https://images.unsplash.com/photo-1595777457583-95e059d581b8?w=400,Women's Clothing,ChicWear,$33.99
B018UE2MCQ,Trendy Woven Hoodie,https://images.unsplash.com/photo-1586790170083-2f9ceadc732d?w=400,Men's Clothing,UrbanGent,$27.99
B01EV4D8TK,Comfortable Silk Skirt,https://images.unsplash.com/photo-1595777457583-95e059d581b8?w=400,Women's Clothing,ChicWear,$47.99
B00KEZQJ56,Elegant Printed Pendant,https://images.unsplash.com/photo-1535632066927-ab7c9ab60908?w=400,Jewelry,LuxeJewel,$296.99
B00KGFYDWK,Comfortable Leather Cardigan,https://images.unsplash.com/photo-1595777457583-95e059d581b8?w=400,Women's Clothing,ChicWear,$104.99
B000R3BQQ2,Casual Leather Suitcase,https://images.unsplash.com/photo-1553062407-98eeb64c6a62?w=400,Bags & Luggage,BagMaster,$57.99
B01H0OCDIU,Stylish Leather Sandals,https://images.unsplash.com/photo-1542291026-7eec264c27ff?w=400,Footwear,WalkEasy,$176.99
B01EVRF408,Stylish Canvas Sandals,https://images.unsplash.com/photo-1542291026-7eec264c27ff?w=400,Footwear,WalkEasy,$144.99
B00KKLZZMC,Modern Leather Suit,https://images.unsplash.com/photo-1586790170083-2f9ceadc732d?w=400,Men's Clothing,UrbanGent,$39.99
B018K0YHN2,Classic Suede Jacket,https://images.unsplash.com/photo-1595777457583-95e059d581b8?w=400,Women's Clothing,ChicWear,$68.99
B018I7MAQ8,Designer Denim Tie,https://images.unsplash.com/photo-1492707892479-7bc8d5a4ee93?w=400,Accessories,TrendyBits,$104.99
B018I4EY38,Premium Synthetic Tie,https://images.unsplash.com/photo-1492707892479-7bc8d5a4ee93?w=400,Accessories,TrendyBits,$139.99
B018HQY0C2,Modern Silk Suit,https://images.unsplash.com/photo-1586790170083-2f9ceadc732d?w=400,Men's Clothing,UrbanGent,$49.99
B00KQR386A,Elegant Canvas Necklace,https://images.unsplash.com/photo-1535632066927-ab7c9ab60908?w=400,Jewelry,LuxeJewel,$66.99
B007UQ1C5E,Premium Leather Wallet,https://images.unsplash.com/photo-1492707892479-7bc8d5a4ee93?w=400,Accessories,TrendyBits,$91.99
B018E6UTD4,Casual Wool Suitcase,https://images.unsplash.com/photo-1553062407-98eeb64c6a62?w=400,Bags & Luggage,BagMaster,$153.99
B00KUZ3IUY,Designer Silk Gloves,https://images.unsplash.com/photo-1492707892479-7bc8d5a4ee93?w=400,Accessories,TrendyBits,$15.99
B018ATJ74M,Elegant Wool Necklace,https://images.unsplash.com/photo-1535632066927-ab7c9ab60908?w=400,Jewelry,LuxeJewel,$278.99
B00KVMSXCE,Vintage Printed Flats,https://images.unsplash.com/photo-1542291026-7eec264c27ff?w=400,Footwear,WalkEasy,$159.99
B01892GCPW,Luxury Synthetic Earrings,https://images.unsplash.com/photo-1535632066927-ab7c9ab60908?w=400,Jewelry,LuxeJewel,$408.99
B01H1P2UJU,Vintage Solid Sneakers,https://images.unsplash.com/photo-1542291026-7eec264c27ff?w=400,Footwear,WalkEasy,$166.99
B01H1P2XJC,Casual Leather Handbag,https://images.unsplash.com/photo-1553062407-98eeb64c6a62?w=400,Bags & Luggage,BagMaster,$75.99
B01880NFIM,Trendy Canvas T-Shirt,https://images.unsplash.com/photo-1586790170083-2f9ceadc732d?w=400,Men's Clothing,UrbanGent,$141.99
B0187NS7BK,Classic Canvas Pants,https://images.unsplash.com/photo-1595777457583-95e059d581b8?w=400,Women's Clothing,ChicWear,$46.99
B00KXG85ZI,Elegant Synthetic Necklace,https://images.unsplash.com/photo-1535632066927-ab7c9ab60908?w=400,Jewelry,LuxeJewel,$344.99
B0186OCIX8,Essential Wool Messenger Bag,https://images.unsplash.com/photo-1553062407-98eeb64c6a62?w=400,Bags & Luggage,BagMaster,$171.99
B01EY6OS9O,Premium Leather Wallet,https://images.unsplash.com/photo-1492707892479-7bc8d5a4ee93?w=400,Accessories,TrendyBits,$61.99
B00KY56TXS,Trendy Synthetic Jeans,https://images.unsplash.com/photo-1586790170083-2f9ceadc732d?w=400,Men's Clothing,UrbanGent,$63.99
B01861MO4Y,Elegant Denim Pendant,https://images.unsplash.com/photo-1535632066927-ab7c9ab60908?w=400,Jewelry,LuxeJewel,$80.99
B00KZ2CGZ0,Comfortable Woven Jacket,https://images.unsplash.com/photo-1595777457583-95e059d581b8?w=400,Women's Clothing,ChicWear,$118.99
B0185EKK9I,Trendy Silk Jeans,https://images.unsplash.com/photo-1586790170083-2f9ceadc732d?w=400,Men's Clothing,UrbanGent,$43.99
B0184V922I,Modern Denim Suit,https://images.unsplash.com/photo-1586790170083-2f9ceadc732d?w=400,Men's Clothing,UrbanGent,$39.99
B01GFAO0B8,Stylish Cotton Running Shoes,https://images.unsplash.com/photo-1542291026-7eec264c27ff?w=400,Footwear,WalkEasy,$144.99
B01H1SL9EO,Casual Silk Handbag,https://images.unsplash.com/photo-1553062407-98eeb64c6a62?w=400,Bags & Luggage,BagMaster,$177.99
B0183EYH1W,Vintage Solid Sneakers,https://images.unsplash.com/photo-1542291026-7eec264c27ff?w=400,Footwear,WalkEasy,$165.99
B00L4I8DU6,Premium Synthetic Wallet,https://images.unsplash.com/photo-1492707892479-7bc8d5a4ee93?w=400,Accessories,TrendyBits,$96.99
B017Z1DPK8,Casual Canvas Suitcase,https://images.unsplash.com/photo-1553062407-98eeb64c6a62?w=400,Bags & Luggage,BagMaster,$57.99
B00L6FUNSC,Casual Printed Suitcase,https://images.unsplash.com/photo-1553062407-98eeb64c6a62?w=400,Bags & Luggage,BagMaster,$81.99
B017YF3834,Premium Wool Watch,https://images.unsplash.com/photo-1492707892479-7bc8d5a4ee93?w=400,Accessories,TrendyBits,$32.99
B007JBP3EQ,Premium Printed Gloves,https://images.unsplash.com/photo-1492707892479-7bc8d5a4ee93?w=400,Accessories,TrendyBits,$165.99
B017YB6YDY,Vintage Canvas Sneakers,https://images.unsplash.com/photo-1542291026-7eec264c27ff?w=400,Footwear,WalkEasy,$142.99
B017XVASTQ,Elegant Leather Necklace,https://images.unsplash.com/photo-1535632066927-ab7c9ab60908?w=400,Jewelry,LuxeJewel,$160.99
B017XB26Q4,Vintage Canvas Sneakers,https://images.unsplash.com/photo-1542291026-7eec264c27ff?w=400,Footwear,WalkEasy,$105.99
B007I8SWEI,Casual Printed Suitcase,https://images.unsplash.com/photo-1553062407-98eeb64c6a62?w=400,Bags & Luggage,BagMaster,$135.99
B00LB93Z74,Designer Knit Wallet,https://images.unsplash.com/photo-1492707892479-7bc8d5a4ee93?w=400,Accessories,TrendyBits,$161.99
B017V6HVTI,Elegant Suede Necklace,https://images.unsplash.com/photo-1535632066927-ab7c9ab60908?w=400,Jewelry,LuxeJewel,$144.99
B00LEQNPVK,Modern Silk Hoodie,https://images.unsplash.com/photo-1586790170083-2f9ceadc732d?w=400,Men's Clothing,UrbanGent,$117.99
B017TGT2VK,Essential Woven Crossbody,https://images.unsplash.com/photo-1553062407-98eeb64c6a62?w=400,Bags & Luggage,BagMaster,$141.99
B00LIWU8N8,Designer Wool Gloves,https://images.unsplash.com/photo-1492707892479-7bc8d5a4ee93?w=400,Accessories,TrendyBits,$170.99
B007BHIJ94,Classic Knit Pants,https://images.unsplash.com/photo-1595777457583-95e059d581b8?w=400,Women's Clothing,ChicWear,$76.99
B017OAQASY,Stylish Cotton Running Shoes,https://images.unsplash.com/photo-1542291026-7eec264c27ff?w=400,Footwear,WalkEasy,$62.99
B017O0ZMWY,Stylish Knit Sandals,https://images.unsplash.com/photo-1542291026-7eec264c27ff?w=400,Footwear,WalkEasy,$135.99
B0079LY21G,Elegant Denim Necklace,https://images.unsplash.com/photo-1535632066927-ab7c9ab60908?w=400,Jewelry,LuxeJewel,$128.99
B00LNLA2NK,Casual Printed Handbag,https://images.unsplash.com/photo-1553062407-98eeb64c6a62?w=400,Bags & Luggage,BagMaster,$123.99
B017MS1GPU,Essential Solid Crossbody,https://images.unsplash.com/photo-1553062407-98eeb64c6a62?w=400,Bags & Luggage,BagMaster,$213.99
B01DUWQWYM,Vintage Denim Sneakers,https://images.unsplash.com/photo-1542291026-7eec264c27ff?w=400,Footwear,WalkEasy,$114.99
B00LPSPNO4,Classic Printed Cardigan,https://images.unsplash.com/photo-1595777457583-95e059d581b8?w=400,Women's Clothing,ChicWear,$34.99
B017LNOCHK,Trendy Solid Hoodie,https://images.unsplash.com/photo-1586790170083-2f9ceadc732d?w=400,Men's Clothing,UrbanGent,$87.99
B017JW4O76,Modern Woven Jeans,https://images.unsplash.com/photo-1586790170083-2f9ceadc732d?w=400,Men's Clothing,UrbanGent,$33.99
B017K1MUNQ,Stylish Wool Sandals,https://images.unsplash.com/photo-1542291026-7eec264c27ff?w=400,Footwear,WalkEasy,$80.99
B017J31DMO,Modern Silk Suit,https://images.unsplash.com/photo-1586790170083-2f9ceadc732d?w=400,Men's Clothing,UrbanGent,$109.99
B017HNTTP4,Elegant Knit Pendant,https://images.unsplash.com/photo-1535632066927-ab7c9ab60908?w=400,Jewelry,LuxeJewel,$260.99
B01H3PA6E4,Essential Solid Messenger Bag,https://images.unsplash.com/photo-1553062407-98eeb64c6a62?w=400,Bags & Luggage,BagMaster,$243.99
B000KVQ8K0,Classic Wool Dress,https://images.unsplash.com/photo-1595777457583-95e059d581b8?w=400,Women's Clothing,ChicWear,$25.99
B017DQKE2C,Essential Knit Crossbody,https://images.unsplash.com/photo-1553062407-98eeb64c6a62?w=400,Bags & Luggage,BagMaster,$225.99
B017DSCOV4,Comfortable Printed Skirt,https://images.unsplash.com/photo-1595777457583-95e059d581b8?w=400,Women's Clothing,ChicWear,$87.99
B01DTR2KYE,Modern Solid T-Shirt,https://images.unsplash.com/photo-1586790170083-2f9ceadc732d?w=400,Men's Clothing,UrbanGent,$111.99
B017CIN1XK,Stylish Silk Sandals,https://images.unsplash.com/photo-1542291026-7eec264c27ff?w=400,Footwear,WalkEasy,$63.99
B01DTOTUNQ,Casual Silk Suitcase,https://images.unsplash.com/photo-1553062407-98eeb64c6a62?w=400,Bags & Luggage,BagMaster,$225.99
B00BHONBUE,Modern Knit Jeans,https://images.unsplash.com/photo-1586790170083-2f9ceadc732d?w=400,Men's Clothing,UrbanGent,$133.99
B00M4APX7Y,Classic Wool Skirt,https://images.unsplash.com/photo-1595777457583-95e059d581b8?w=400,Women's Clothing,ChicWear,$112.99
B01790SZLE,Essential Leather Crossbody,https://images.unsplash.com/photo-1553062407-98eeb64c6a62?w=400,Bags & Luggage,BagMaster,$219.99
B0178HJYIQ,Modern Leather Jeans,https://images.unsplash.com/photo-1586790170083-2f9ceadc732d?w=400,Men's Clothing,UrbanGent,$143.99
B00MAN6FNG,Essential Knit Crossbody,https://images.unsplash.com/photo-1553062407-98eeb64c6a62?w=400,Bags & Luggage,BagMaster,$57.99
B01F71N0NA,Essential Printed Messenger Bag,https://images.unsplash.com/photo-1553062407-98eeb64c6a62?w=400,Bags & Luggage,BagMaster,$177.99
B00BHLQPAK,Classic Woven Jacket,https://images.unsplash.com/photo-1595777457583-95e059d581b8?w=400,Women's Clothing,ChicWear,$43.99
B0171322PO,Vintage Denim Sneakers,https://images.unsplash.com/photo-1542291026-7eec264c27ff?w=400,Footwear,WalkEasy,$115.99
B0170O6ZBQ,Casual Solid Suitcase,https://images.unsplash.com/photo-1553062407-98eeb64c6a62?w=400,Bags & Luggage,BagMaster,$153.99
B00MFSSHSM,Classic Suede Dress,https://images.unsplash.com/photo-1595777457583-95e059d581b8?w=400,Women's Clothing,ChicWear,$65.99
B00MG18FEO,Casual Woven Suitcase,https://images.unsplash.com/photo-1553062407-98eeb64c6a62?w=400,Bags & Luggage,BagMaster,$159.99
B000K8PYMQ,Essential Synthetic Crossbody,https://images.unsplash.com/photo-1553062407-98eeb64c6a62?w=400,Bags & Luggage,BagMaster,$99.99
B016Z2P69Q,Trendy Cotton Jacket,https://images.unsplash.com/photo-1586790170083-2f9ceadc732d?w=400,Men's Clothing,UrbanGent,$105.99
B016XFETOI,Comfortable Printed Skirt,https://images.unsplash.com/photo-1595777457583-95e059d581b8?w=400,Women's Clothing,ChicWear,$27.99
B00MO62QTQ,Vintage Cotton Sneakers,https://images.unsplash.com/photo-1542291026-7eec264c27ff?w=400,Footwear,WalkEasy,$110.99
B016V4WZB0,Designer Suede Tie,https://images.unsplash.com/photo-1492707892479-7bc8d5a4ee93?w=400,Accessories,TrendyBits,$179.99
B00MOE29D6,Classic Knit Pants,https://images.unsplash.com/photo-1595777457583-95e059d581b8?w=400,Women's Clothing,ChicWear,$101.99
B01DQM1JBW,Vintage Woven Sneakers,https://images.unsplash.com/photo-1542291026-7eec264c27ff?w=400,Footwear,WalkEasy,$124.99
B016RICHXG,Trendy Synthetic Jacket,https://images.unsplash.com/photo-1586790170083-2f9ceadc732d?w=400,Men's Clothing,UrbanGent,$75.99
B00MR66EIC,Comfortable Synthetic Pants,https://images.unsplash.com/photo-1595777457583-95e059d581b8?w=400,Women's Clothing,ChicWear,$56.99
B00MR98ZCM,Elegant Printed Necklace,https://images.unsplash.com/photo-1535632066927-ab7c9ab60908?w=400,Jewelry,LuxeJewel,$48.99
B00MT8OXB8,Vintage Knit Sneakers,https://images.unsplash.com/photo-1542291026-7eec264c27ff?w=400,Footwear,WalkEasy,$96.99
B00MUAT3V0,Stylish Woven Running Shoes,https://images.unsplash.com/photo-1542291026-7eec264c27ff?w=400,Footwear,WalkEasy,$53.99
B006K4F4LK,Casual Cotton Handbag,https://images.unsplash.com/photo-1553062407-98eeb64c6a62?w=400,Bags & Luggage,BagMaster,$231.99
B00MWLGZ2M,Modern Solid Suit,https://images.unsplash.com/photo-1586790170083-2f9ceadc732d?w=400,Men's Clothing,UrbanGent,$79.99
B016MUIBO8,Comfortable Denim Dress,https://images.unsplash.com/photo-1595777457583-95e059d581b8?w=400,Women's Clothing,ChicWear,$40.99
B00MXWA11G,Trendy Denim Jeans,https://images.unsplash.com/photo-1586790170083-2f9ceadc732d?w=400,Men's Clothing,UrbanGent,$83.99
B016L0IKAY,Modern Solid Jacket,https://images.unsplash.com/photo-1586790170083-2f9ceadc732d?w=400,Men's Clothing,UrbanGent,$55.99
B016KLTPQW,Casual Wool Handbag,https://images.unsplash.com/photo-1553062407-98eeb64c6a62?w=400,Bags & Luggage,BagMaster,$219.99
B01FAWV8IA,Elegant Wool Pendant,https://images.unsplash.com/photo-1535632066927-ab7c9ab60908?w=400,Jewelry,LuxeJewel,$286.99
B016JRVTVQ,Stylish Silk Running Shoes,https://images.unsplash.com/photo-1542291026-7eec264c27ff?w=400,Footwear,WalkEasy,$123.99
B00N17G90O,Essential Silk Messenger Bag,https://images.unsplash.com/photo-1553062407-98eeb64c6a62?w=400,Bags & Luggage,BagMaster,$135.99
B01FB31P4A,Luxury Printed Earrings,https://images.unsplash.com/photo-1535632066927-ab7c9ab60908?w=400,Jewelry,LuxeJewel,$132.99
B00N1UHAA4,Elegant Wool Necklace,https://images.unsplash.com/photo-1535632066927-ab7c9ab60908?w=400,Jewelry,LuxeJewel,$374.99
B00N25RJ3Q,Casual Wool Handbag,https://images.unsplash.com/photo-1553062407-98eeb64c6a62?w=400,Bags & Luggage,BagMaster,$99.99
B016GFH8P2,Stylish Woven Running Shoes,https://images.unsplash.com/photo-1542291026-7eec264c27ff?w=400,Footwear,WalkEasy,$179.99
B00N2MJI6U,Trendy Denim Jeans,https://images.unsplash.com/photo-1586790170083-2f9ceadc732d?w=400,Men's Clothing,UrbanGent,$53.99
B006EB2GDS,Comfortable Wool Pants,https://images.unsplash.com/photo-1595777457583-95e059d581b8?w=400,Women's Clothing,ChicWear,$81.99
B016EEJDXU,Comfortable Cotton Jacket,https://images.unsplash.com/photo-1595777457583-95e059d581b8?w=400,Women's Clothing,ChicWear,$63.99
B01FBM8WQ0,Luxury Silk Earrings,https://images.unsplash.com/photo-1535632066927-ab7c9ab60908?w=400,Jewelry,LuxeJewel,$186.99
B016CK26PI,Classic Wool Skirt,https://images.unsplash.com/photo-1595777457583-95e059d581b8?w=400,Women's Clothing,ChicWear,$27.99
B016C5UMZ4,Stylish Canvas Sandals,https://images.unsplash.com/photo-1542291026-7eec264c27ff?w=400,Footwear,WalkEasy,$78.99
B016BWZQEU,Essential Cotton Crossbody,https://images.unsplash.com/photo-1553062407-98eeb64c6a62?w=400,Bags & Luggage,BagMaster,$81.99
B00N58B9MM,Vintage Canvas Flats,https://images.unsplash.com/photo-1542291026-7eec264c27ff?w=400,Footwear,WalkEasy,$54.99
B00N5JFO54,Classic Synthetic Jacket,https://images.unsplash.com/photo-1595777457583-95e059d581b8?w=400,Women's Clothing,ChicWear,$58.99
B01H5DZU0Y,Comfortable Solid Dress,https://images.unsplash.com/photo-1595777457583-95e059d581b8?w=400,Women's Clothing,ChicWear,$25.99
B016ACJ16A,Classic Cotton Jacket,https://images.unsplash.com/photo-1595777457583-95e059d581b8?w=400,Women's Clothing,ChicWear,$118.99
B0168OXNPU,Designer Suede Watch,https://images.unsplash.com/photo-1492707892479-7bc8d5a4ee93?w=400,Accessories,TrendyBits,$87.99
B00N9WNZVC,Stylish Denim Sandals,https://images.unsplash.com/photo-1542291026-7eec264c27ff?w=400,Footwear,WalkEasy,$172.99
B00NB0OLN8,Stylish Denim Sandals,https://images.unsplash.com/photo-1542291026-7eec264c27ff?w=400,Footwear,WalkEasy,$61.99
B0164TC1J8,Classic Knit Cardigan,https://images.unsplash.com/photo-1595777457583-95e059d581b8?w=400,Women's Clothing,ChicWear,$104.99
B00NC45L14,Vintage Cotton Sneakers,https://images.unsplash.com/photo-1542291026-7eec264c27ff?w=400,Footwear,WalkEasy,$145.99
B00NEYZ3W4,Trendy Wool Jeans,https://images.unsplash.com/photo-1586790170083-2f9ceadc732d?w=400,Men's Clothing,UrbanGent,$93.99
B01617YPRE,Comfortable Denim Cardigan,https://images.unsplash.com/photo-1595777457583-95e059d581b8?w=400,Women's Clothing,ChicWear,$84.99
B01FEDUSHM,Luxury Suede Earrings,https://images.unsplash.com/photo-1535632066927-ab7c9ab60908?w=400,Jewelry,LuxeJewel,$310.99
B00NFT7UFG,Premium Denim Watch,https://images.unsplash.com/photo-1492707892479-7bc8d5a4ee93?w=400,Accessories,TrendyBits,$177.99
B015ZZD6JQ,Essential Woven Crossbody,https://images.unsplash.com/photo-1553062407-98eeb64c6a62?w=400,Bags & Luggage,BagMaster,$237.99
B015YU9196,Elegant Printed Necklace,https://images.unsplash.com/photo-1535632066927-ab7c9ab60908?w=400,Jewelry,LuxeJewel,$104.99
B015YPZDXY,Modern Silk T-Shirt,https://images.unsplash.com/photo-1586790170083-2f9ceadc732d?w=400,Men's Clothing,UrbanGent,$51.99
B015YQQ7KG,Essential Denim Crossbody,https://images.unsplash.com/photo-1553062407-98eeb64c6a62?w=400,Bags & Luggage,BagMaster,$237.99
B00C4XLFIM,Classic Woven Dress,https://images.unsplash.com/photo-1595777457583-95e059d581b8?w=400,Women's Clothing,ChicWear,$105.99
B015XL3OC6,Trendy Silk T-Shirt,https://images.unsplash.com/photo-1586790170083-2f9ceadc732d?w=400,Men's Clothing,UrbanGent,$121.99
B0063ZM0HW,Modern Knit Suit,https://images.unsplash.com/photo-1586790170083-2f9ceadc732d?w=400,Men's Clothing,UrbanGent,$49.99
B0063EHKQ4,Comfortable Woven Cardigan,https://images.unsplash.com/photo-1595777457583-95e059d581b8?w=400,Women's Clothing,ChicWear,$109.99
B00NJKVL4W,Designer Solid Tie,https://images.unsplash.com/photo-1492707892479-7bc8d5a4ee93?w=400,Accessories,TrendyBits,$149.99
B015WIDBSC,Stylish Canvas Sandals,https://images.unsplash.com/photo-1542291026-7eec264c27ff?w=400,Footwear,WalkEasy,$146.99
B015VVC15Y,Classic Canvas Dress,https://images.unsplash.com/photo-1595777457583-95e059d581b8?w=400,Women's Clothing,ChicWear,$105.99
B015SHUS3S,Premium Denim Tie,https://images.unsplash.com/photo-1492707892479-7bc8d5a4ee93?w=400,Accessories,TrendyBits,$79.99
B00627YFDI,Elegant Solid Pendant,https://images.unsplash.com/photo-1535632066927-ab7c9ab60908?w=400,Jewelry,LuxeJewel,$422.99
B0061YVSA0,Elegant Wool Necklace,https://images.unsplash.com/photo-1535632066927-ab7c9ab60908?w=400,Jewelry,LuxeJewel,$460.99
B001S8O4YG,Stylish Leather Sandals,https://images.unsplash.com/photo-1542291026-7eec264c27ff?w=400,Footwear,WalkEasy,$104.99
B00NO1WGX6,Luxury Knit Earrings,https://images.unsplash.com/photo-1535632066927-ab7c9ab60908?w=400,Jewelry,LuxeJewel,$306.99
B0061QR2OE,Vintage Silk Flats,https://images.unsplash.com/photo-1542291026-7eec264c27ff?w=400,Footwear,WalkEasy,$108.99
B0061DOZJC,Designer Cotton Watch,https://images.unsplash.com/photo-1492707892479-7bc8d5a4ee93?w=400,Accessories,TrendyBits,$32.99
B00NOPS0FK,Comfortable Leather Jacket,https://images.unsplash.com/photo-1595777457583-95e059d581b8?w=400,Women's Clothing,ChicWear,$88.99
B015PU9I7U,Premium Knit Tie,https://images.unsplash.com/photo-1492707892479-7bc8d5a4ee93?w=400,Accessories,TrendyBits,$124.99
B00NQS9C16,Designer Wool Watch,https://images.unsplash.com/photo-1492707892479-7bc8d5a4ee93?w=400,Accessories,TrendyBits,$172.99
B015OU8L74,Designer Synthetic Watch,https://images.unsplash.com/photo-1492707892479-7bc8d5a4ee93?w=400,Accessories,TrendyBits,$172.99
B00W0QBN6M,Elegant Leather Pendant,https://images.unsplash.com/photo-1535632066927-ab7c9ab60908?w=400,Jewelry,LuxeJewel,$216.99
B015NTHU46,Vintage Canvas Sneakers,https://images.unsplash.com/photo-1542291026-7eec264c27ff?w=400,Footwear,WalkEasy,$165.99
B015NGVZIG,Modern Suede Jacket,https://images.unsplash.com/photo-1586790170083-2f9ceadc732d?w=400,Men's Clothing,UrbanGent,$25.99
B015MSFHDO,Vintage Synthetic Flats,https://images.unsplash.com/photo-1542291026-7eec264c27ff?w=400,Footwear,WalkEasy,$120.99
B005WJJFG4,Premium Wool Gloves,https://images.unsplash.com/photo-1492707892479-7bc8d5a4ee93?w=400,Accessories,TrendyBits,$80.99
B015M9ZKQM,Essential Woven Crossbody,https://images.unsplash.com/photo-1553062407-98eeb64c6a62?w=400,Bags & Luggage,BagMaster,$165.99
B00NVNUKSU,Designer Solid Gloves,https://images.unsplash.com/photo-1492707892479-7bc8d5a4ee93?w=400,Accessories,TrendyBits,$125.99
B005TFDMQA,Vintage Woven Sneakers,https://images.unsplash.com/photo-1542291026-7eec264c27ff?w=400,Footwear,WalkEasy,$178.99
B00NXJVNK6,Trendy Synthetic Jeans,https://images.unsplash.com/photo-1586790170083-2f9ceadc732d?w=400,Men's Clothing,UrbanGent,$43.99
B01DLRLUGQ,Premium Canvas Gloves,https://images.unsplash.com/photo-1492707892479-7bc8d5a4ee93?w=400,Accessories,TrendyBits,$170.99
B01H710ZV8,Luxury Silk Brooch,https://images.unsplash.com/photo-1535632066927-ab7c9ab60908?w=400,Jewelry,LuxeJewel,$132.99
B00NYBHPXC,Modern Wool Hoodie,https://images.unsplash.com/photo-1586790170083-2f9ceadc732d?w=400,Men's Clothing,UrbanGent,$137.99
B01DWVJN56,Premium Knit Wallet,https://images.unsplash.com/photo-1492707892479-7bc8d5a4ee93?w=400,Accessories,TrendyBits,$36.99
B00O14LFF0,Stylish Suede Running Shoes,https://images.unsplash.com/photo-1542291026-7eec264c27ff?w=400,Footwear,WalkEasy,$119.99
B005R1RLUO,Luxury Denim Earrings,https://images.unsplash.com/photo-1535632066927-ab7c9ab60908?w=400,Jewelry,LuxeJewel,$140.99
B00O332GWK,Essential Silk Messenger Bag,https://images.unsplash.com/photo-1553062407-98eeb64c6a62?w=400,Bags & Luggage,BagMaster,$201.99
B01DKNH4JI,Casual Knit Handbag,https://images.unsplash.com/photo-1553062407-98eeb64c6a62?w=400,Bags & Luggage,BagMaster,$219.99
B00O4IC8ZE,Classic Wool Pants,https://images.unsplash.com/photo-1595777457583-95e059d581b8?w=400,Women's Clothing,ChicWear,$81.99
B00CF2BCJ4,Luxury Cotton Earrings,https://images.unsplash.com/photo-1535632066927-ab7c9ab60908?w=400,Jewelry,LuxeJewel,$270.99
B00XJIF70I,Casual Knit Suitcase,https://images.unsplash.com/photo-1553062407-98eeb64c6a62?w=400,Bags & Luggage,BagMaster,$51.99
B00O70FF0E,Designer Canvas Gloves,https://images.unsplash.com/photo-1492707892479-7bc8d5a4ee93?w=400,Accessories,TrendyBits,$130.99
B005P1H9IA,Comfortable Printed Cardigan,https://images.unsplash.com/photo-1595777457583-95e059d581b8?w=400,Women's Clothing,ChicWear,$89.99
B01FJ7NMUS,Elegant Printed Necklace,https://images.unsplash.com/photo-1535632066927-ab7c9ab60908?w=400,Jewelry,LuxeJewel,$422.99
B00OAAZ3RG,Trendy Knit Jacket,https://images.unsplash.com/photo-1586790170083-2f9ceadc732d?w=400,Men's Clothing,UrbanGent,$145.99
B015D7LN8M,Comfortable Canvas Dress,https://images.unsplash.com/photo-1595777457583-95e059d581b8?w=400,Women's Clothing,ChicWear,$95.99
B00VAQBDUE,Luxury Leather Earrings,https://images.unsplash.com/photo-1535632066927-ab7c9ab60908?w=400,Jewelry,LuxeJewel,$320.99
B00OCCJTZO,Stylish Canvas Running Shoes,https://images.unsplash.com/photo-1542291026-7eec264c27ff?w=400,Footwear,WalkEasy,$158.99
B01580WD7O,Modern Cotton Hoodie,https://images.unsplash.com/photo-1586790170083-2f9ceadc732d?w=400,Men's Clothing,UrbanGent,$57.99
B00OGR36X6,Casual Wool Handbag,https://images.unsplash.com/photo-1553062407-98eeb64c6a62?w=400,Bags & Luggage,BagMaster,$231.99
B01DJSRF6G,Luxury Wool Earrings,https://images.unsplash.com/photo-1535632066927-ab7c9ab60908?w=400,Jewelry,LuxeJewel,$212.99
B00OHAC994,Elegant Woven Pendant,https://images.unsplash.com/photo-1535632066927-ab7c9ab60908?w=400,Jewelry,LuxeJewel,$254.99
B01FL98UGA,Modern Woven Jacket,https://images.unsplash.com/photo-1586790170083-2f9ceadc732d?w=400,Men's Clothing,UrbanGent,$115.99
B01560QHRI,Premium Cotton Watch,https://images.unsplash.com/photo-1492707892479-7bc8d5a4ee93?w=400,Accessories,TrendyBits,$147.99
B00OJBSMYW,Trendy Silk Suit,https://images.unsplash.com/photo-1586790170083-2f9ceadc732d?w=400,Men's Clothing,UrbanGent,$129.99
B0154FWSW8,Casual Synthetic Suitcase,https://images.unsplash.com/photo-1553062407-98eeb64c6a62?w=400,Bags & Luggage,BagMaster,$51.99
B0154GJS34,Essential Knit Messenger Bag,https://images.unsplash.com/photo-1553062407-98eeb64c6a62?w=400,Bags & Luggage,BagMaster,$183.99
B00OK74Z78,Premium Knit Tie,https://images.unsplash.com/photo-1492707892479-7bc8d5a4ee93?w=400,Accessories,TrendyBits,$119.99
B00OKOM7QW,Comfortable Leather Jacket,https://images.unsplash.com/photo-1595777457583-95e059d581b8?w=400,Women's Clothing,ChicWear,$98.99
B01532G7R4,Classic Suede Pants,https://images.unsplash.com/photo-1595777457583-95e059d581b8?w=400,Women's Clothing,ChicWear,$71.99
B00OLJUNTO,Modern Synthetic Jacket,https://images.unsplash.com/photo-1586790170083-2f9ceadc732d?w=400,Men's Clothing,UrbanGent,$25.99
B0150UGL5M,Comfortable Silk Pants,https://images.unsplash.com/photo-1595777457583-95e059d581b8?w=400,Women's Clothing,ChicWear,$116.99
B0150W822A,Classic Knit Cardigan,https://images.unsplash.com/photo-1595777457583-95e059d581b8?w=400,Women's Clothing,ChicWear,$99.99
B0150D26Z8,Premium Canvas Watch,https://images.unsplash.com/photo-1492707892479-7bc8d5a4ee93?w=400,Accessories,TrendyBits,$197.99
B005KSIQ76,Stylish Synthetic Sandals,https://images.unsplash.com/photo-1542291026-7eec264c27ff?w=400,Footwear,WalkEasy,$125.99
B00OP598U4,Modern Synthetic Suit,https://images.unsplash.com/photo-1586790170083-2f9ceadc732d?w=400,Men's Clothing,UrbanGent,$29.99
B00OPEVSXK,Stylish Wool Sandals,https://images.unsplash.com/photo-1542291026-7eec264c27ff?w=400,Footwear,WalkEasy,$38.99
B014XBNQ0M,Designer Synthetic Hat,https://images.unsplash.com/photo-1492707892479-7bc8d5a4ee93?w=400,Accessories,TrendyBits,$123.99
B000GXCYHI,Designer Knit Hat,https://images.unsplash.com/photo-1492707892479-7bc8d5a4ee93?w=400,Accessories,TrendyBits,$103.99
B014WKN2KI,Essential Denim Crossbody,https://images.unsplash.com/photo-1553062407-98eeb64c6a62?w=400,Bags & Luggage,BagMaster,$75.99
B01FMAV8BW,Essential Woven Crossbody,https://images.unsplash.com/photo-1553062407-98eeb64c6a62?w=400,Bags & Luggage,BagMaster,$93.99
B014VB189U,Premium Synthetic Hat,https://images.unsplash.com/photo-1492707892479-7bc8d5a4ee93?w=400,Accessories,TrendyBits,$108.99
B014VA0UGS,Stylish Silk Running Shoes,https://images.unsplash.com/photo-1542291026-7eec264c27ff?w=400,Footwear,WalkEasy,$175.99
B014V11ARU,Essential Suede Crossbody,https://images.unsplash.com/photo-1553062407-98eeb64c6a62?w=400,Bags & Luggage,BagMaster,$111.99
B00OU51U1E,Trendy Leather Jacket,https://images.unsplash.com/photo-1586790170083-2f9ceadc732d?w=400,Men's Clothing,UrbanGent,$55.99
B00OUBLDW4,Classic Woven Skirt,https://images.unsplash.com/photo-1595777457583-95e059d581b8?w=400,Women's Clothing,ChicWear,$72.99
B014TT0IZ4,Elegant Silk Pendant,https://images.unsplash.com/photo-1535632066927-ab7c9ab60908?w=400,Jewelry,LuxeJewel,$446.99
B01FO21MKU,Comfortable Suede Dress,https://images.unsplash.com/photo-1595777457583-95e059d581b8?w=400,Women's Clothing,ChicWear,$50.99
B014RLWQJK,Essential Knit Messenger Bag,https://images.unsplash.com/photo-1553062407-98eeb64c6a62?w=400,Bags & Luggage,BagMaster,$219.99
B00P00YQLO,Casual Suede Suitcase,https://images.unsplash.com/photo-1553062407-98eeb64c6a62?w=400,Bags & Luggage,BagMaster,$249.99
B01FPMVG7I,Elegant Knit Necklace,https://images.unsplash.com/photo-1535632066927-ab7c9ab60908?w=400,Jewelry,LuxeJewel,$322.99
B00P1G1F2A,Essential Knit Messenger Bag,https://images.unsplash.com/photo-1553062407-98eeb64c6a62?w=400,Bags & Luggage,BagMaster,$207.99
B00P2MK9EI,Essential Denim Crossbody,https://images.unsplash.com/photo-1553062407-98eeb64c6a62?w=400,Bags & Luggage,BagMaster,$201.99
B01DFZ37UG,Elegant Knit Necklace,https://images.unsplash.com/photo-1535632066927-ab7c9ab60908?w=400,Jewelry,LuxeJewel,$198.99
B005G4RFWG,Premium Woven Watch,https://images.unsplash.com/photo-1492707892479-7bc8d5a4ee93?w=400,Accessories,TrendyBits,$87.99
B01FQ5K0FS,Elegant Canvas Pendant,https://images.unsplash.com/photo-1535632066927-ab7c9ab60908?w=400,Jewelry,LuxeJewel,$406.99
B01FQAPCME,Stylish Leather Running Shoes,https://images.unsplash.com/photo-1542291026-7eec264c27ff?w=400,Footwear,WalkEasy,$163.99
B014J2TS4I,Trendy Synthetic Hoodie,https://images.unsplash.com/photo-1586790170083-2f9ceadc732d?w=400,Men's Clothing,UrbanGent,$87.99
B014ITKVS4,Classic Cotton Pants,https://images.unsplash.com/photo-1595777457583-95e059d581b8?w=400,Women's Clothing,ChicWear,$101.99
B00P877YRM,Vintage Denim Flats,https://images.unsplash.com/photo-1542291026-7eec264c27ff?w=400,Footwear,WalkEasy,$166.99
B014IGOAN4,Vintage Wool Sneakers,https://images.unsplash.com/photo-1542291026-7eec264c27ff?w=400,Footwear,WalkEasy,$136.99
B00P8U0M0U,Classic Cotton Cardigan,https://images.unsplash.com/photo-1595777457583-95e059d581b8?w=400,Women's Clothing,ChicWear,$94.99
B00CP84RVS,Comfortable Printed Jacket,https://images.unsplash.com/photo-1595777457583-95e059d581b8?w=400,Women's Clothing,ChicWear,$38.99
B00PA2NCLM,Modern Solid Jeans,https://images.unsplash.com/photo-1586790170083-2f9ceadc732d?w=400,Men's Clothing,UrbanGent,$143.99
B01DFJTKUS,Luxury Printed Brooch,https://images.unsplash.com/photo-1535632066927-ab7c9ab60908?w=400,Jewelry,LuxeJewel,$150.99
B014G1PB98,Casual Solid Suitcase,https://images.unsplash.com/photo-1553062407-98eeb64c6a62?w=400,Bags & Luggage,BagMaster,$183.99
B014G9G752,Designer Knit Gloves,https://images.unsplash.com/photo-1492707892479-7bc8d5a4ee93?w=400,Accessories,TrendyBits,$90.99
B014FZ9U38,Modern Knit Suit,https://images.unsplash.com/photo-1586790170083-2f9ceadc732d?w=400,Men's Clothing,UrbanGent,$129.99
B00XLEW5D2,Essential Wool Crossbody,https://images.unsplash.com/photo-1553062407-98eeb64c6a62?w=400,Bags & Luggage,BagMaster,$153.99
B00CQDB6VQ,Trendy Denim Hoodie,https://images.unsplash.com/photo-1586790170083-2f9ceadc732d?w=400,Men's Clothing,UrbanGent,$137.99
B0031D78NU,Vintage Silk Sneakers,https://images.unsplash.com/photo-1542291026-7eec264c27ff?w=400,Footwear,WalkEasy,$72.99
B0031LUEA6,Casual Leather Suitcase,https://images.unsplash.com/photo-1553062407-98eeb64c6a62?w=400,Bags & Luggage,BagMaster,$123.99
B00PCNIEPS,Casual Synthetic Suitcase,https://images.unsplash.com/photo-1553062407-98eeb64c6a62?w=400,Bags & Luggage,BagMaster,$111.99
B014CZ8OC4,Premium Synthetic Wallet,https://images.unsplash.com/photo-1492707892479-7bc8d5a4ee93?w=400,Accessories,TrendyBits,$96.99
B01DEUUKIY,Luxury Denim Earrings,https://images.unsplash.com/photo-1535632066927-ab7c9ab60908?w=400,Jewelry,LuxeJewel,$104.99
B014C4QQ2A,Elegant Printed Pendant,https://images.unsplash.com/photo-1535632066927-ab7c9ab60908?w=400,Jewelry,LuxeJewel,$150.99
B00PER7WIC,Comfortable Silk Jacket,https://images.unsplash.com/photo-1595777457583-95e059d581b8?w=400,Women's Clothing,ChicWear,$78.99
B00CRMICWM,Essential Synthetic Crossbody,https://images.unsplash.com/photo-1553062407-98eeb64c6a62?w=400,Bags & Luggage,BagMaster,$69.99
B005C44Q2M,Elegant Leather Pendant,https://images.unsplash.com/photo-1535632066927-ab7c9ab60908?w=400,Jewelry,LuxeJewel,$344.99
B00PIV3W9W,Luxury Knit Earrings,https://images.unsplash.com/photo-1535632066927-ab7c9ab60908?w=400,Jewelry,LuxeJewel,$284.99
B005AX0RS2,Trendy Wool Suit,https://images.unsplash.com/photo-1586790170083-2f9ceadc732d?w=400,Men's Clothing,UrbanGent,$29.99
B005AKALXQ,Comfortable Silk Dress,https://images.unsplash.com/photo-1595777457583-95e059d581b8?w=400,Women's Clothing,ChicWear,$100.99
B01FS39I0G,Vintage Leather Flats,https://images.unsplash.com/photo-1542291026-7eec264c27ff?w=400,Footwear,WalkEasy,$175.99
B00PNP7OEW,Luxury Cotton Earrings,https://images.unsplash.com/photo-1535632066927-ab7c9ab60908?w=400,Jewelry,LuxeJewel,$414.99
B00PPPVK4A,Trendy Leather Suit,https://images.unsplash.com/photo-1586790170083-2f9ceadc732d?w=400,Men's Clothing,UrbanGent,$39.99
B00POK5TOI,Casual Suede Handbag,https://images.unsplash.com/photo-1553062407-98eeb64c6a62?w=400,Bags & Luggage,BagMaster,$45.99
B00PR7QAKK,Vintage Synthetic Flats,https://images.unsplash.com/photo-1542291026-7eec264c27ff?w=400,Footwear,WalkEasy,$118.99
B00CV5QZBA,Casual Cotton Handbag,https://images.unsplash.com/photo-1553062407-98eeb64c6a62?w=400,Bags & Luggage,BagMaster,$99.99
B00CV9QUA2,Elegant Silk Necklace,https://images.unsplash.com/photo-1535632066927-ab7c9ab60908?w=400,Jewelry,LuxeJewel,$348.99
B01417QGNC,Luxury Woven Brooch,https://images.unsplash.com/photo-1535632066927-ab7c9ab60908?w=400,Jewelry,LuxeJewel,$108.99
B00CVT5V0W,Classic Knit Jacket,https://images.unsplash.com/photo-1595777457583-95e059d581b8?w=400,Women's Clothing,ChicWear,$48.99
B0058UY0LC,Designer Canvas Wallet,https://images.unsplash.com/photo-1492707892479-7bc8d5a4ee93?w=400,Accessories,TrendyBits,$51.99
B013WFACYS,Stylish Leather Running Shoes,https://images.unsplash.com/photo-1542291026-7eec264c27ff?w=400,Footwear,WalkEasy,$95.99
B013WMYBBQ,Modern Canvas T-Shirt,https://images.unsplash.com/photo-1586790170083-2f9ceadc732d?w=400,Men's Clothing,UrbanGent,$61.99
B01FSY1YRK,Trendy Denim T-Shirt,https://images.unsplash.com/photo-1586790170083-2f9ceadc732d?w=400,Men's Clothing,UrbanGent,$111.99
B01FSZCDRO,Designer Denim Gloves,https://images.unsplash.com/photo-1492707892479-7bc8d5a4ee93?w=400,Accessories,TrendyBits,$175.99
B005646STW,Vintage Woven Sneakers,https://images.unsplash.com/photo-1542291026-7eec264c27ff?w=400,Footwear,WalkEasy,$104.99
B00WKWDCV0,Luxury Suede Earrings,https://images.unsplash.com/photo-1535632066927-ab7c9ab60908?w=400,Jewelry,LuxeJewel,$400.99
B013RBOVS0,Essential Synthetic Messenger Bag,https://images.unsplash.com/photo-1553062407-98eeb64c6a62?w=400,Bags & Luggage,BagMaster,$177.99
B00XNUBI96,Stylish Canvas Running Shoes,https://images.unsplash.com/photo-1542291026-7eec264c27ff?w=400,Footwear,WalkEasy,$154.99
B00Q9SQCSG,Premium Woven Watch,https://images.unsplash.com/photo-1492707892479-7bc8d5a4ee93?w=400,Accessories,TrendyBits,$127.99
B00Q9TQWW6,Classic Solid Pants,https://images.unsplash.com/photo-1595777457583-95e059d581b8?w=400,Women's Clothing,ChicWear,$71.99
B00QBGVYZ2,Designer Knit Wallet,https://images.unsplash.com/photo-1492707892479-7bc8d5a4ee93?w=400,Accessories,TrendyBits,$181.99
B00QBKD672,Modern Cotton Jeans,https://images.unsplash.com/photo-1586790170083-2f9ceadc732d?w=400,Men's Clothing,UrbanGent,$53.99
B01FU0O99M,Luxury Solid Earrings,https://images.unsplash.com/photo-1535632066927-ab7c9ab60908?w=400,Jewelry,LuxeJewel,$282.99
B001O4YTXK,Casual Printed Handbag,https://images.unsplash.com/photo-1553062407-98eeb64c6a62?w=400,Bags & Luggage,BagMaster,$225.99
B00CZDT5EM,Designer Printed Watch,https://images.unsplash.com/photo-1492707892479-7bc8d5a4ee93?w=400,Accessories,TrendyBits,$92.99
B00V6JOI7K,Elegant Synthetic Necklace,https://images.unsplash.com/photo-1535632066927-ab7c9ab60908?w=400,Jewelry,LuxeJewel,$84.99
B013L5L4RS,Modern Denim Jeans,https://images.unsplash.com/photo-1586790170083-2f9ceadc732d?w=400,Men's Clothing,UrbanGent,$143.99
B00QKD8C3S,Stylish Canvas Running Shoes,https://images.unsplash.com/photo-1542291026-7eec264c27ff?w=400,Footwear,WalkEasy,$51.99
B00D0WSTUI,Stylish Wool Sandals,https://images.unsplash.com/photo-1542291026-7eec264c27ff?w=400,Footwear,WalkEasy,$53.99
B00V6JKHVQ,Luxury Knit Earrings,https://images.unsplash.com/photo-1535632066927-ab7c9ab60908?w=400,Jewelry,LuxeJewel,$328.99
B013ILUKZC,Comfortable Leather Pants,https://images.unsplash.com/photo-1595777457583-95e059d581b8?w=400,Women's Clothing,ChicWear,$111.99
B00QN8LLLK,Classic Canvas Pants,https://images.unsplash.com/photo-1595777457583-95e059d581b8?w=400,Women's Clothing,ChicWear,$41.99
B01DBJ8FLW,Classic Silk Cardigan,https://images.unsplash.com/photo-1595777457583-95e059d581b8?w=400,Women's Clothing,ChicWear,$74.99
B00QTJ4O08,Comfortable Wool Jacket,https://images.unsplash.com/photo-1595777457583-95e059d581b8?w=400,Women's Clothing,ChicWear,$78.99
B01DB95BZA,Casual Woven Suitcase,https://images.unsplash.com/photo-1553062407-98eeb64c6a62?w=400,Bags & Luggage,BagMaster,$219.99
B00QVVDM7U,Vintage Knit Flats,https://images.unsplash.com/photo-1542291026-7eec264c27ff?w=400,Footwear,WalkEasy,$157.99
B00QXF2COS,Casual Suede Handbag,https://images.unsplash.com/photo-1553062407-98eeb64c6a62?w=400,Bags & Luggage,BagMaster,$123.99
B00QXGCR0Q,Premium Knit Gloves,https://images.unsplash.com/photo-1492707892479-7bc8d5a4ee93?w=400,Accessories,TrendyBits,$150.99
B00R0RZVLY,Designer Silk Gloves,https://images.unsplash.com/photo-1492707892479-7bc8d5a4ee93?w=400,Accessories,TrendyBits,$120.99
B00D3NUEHA,Stylish Cotton Running Shoes,https://images.unsplash.com/photo-1542291026-7eec264c27ff?w=400,Footwear,WalkEasy,$104.99
B01HE3UEXS,Modern Wool Suit,https://images.unsplash.com/photo-1586790170083-2f9ceadc732d?w=400,Men's Clothing,UrbanGent,$99.99
B01DAYXZ7W,Elegant Suede Pendant,https://images.unsplash.com/photo-1535632066927-ab7c9ab60908?w=400,Jewelry,LuxeJewel,$344.99
B01HE601IS,Modern Synthetic Hoodie,https://images.unsplash.com/photo-1586790170083-2f9ceadc732d?w=400,Men's Clothing,UrbanGent,$97.99
B012YYU9IW,Elegant Solid Necklace,https://images.unsplash.com/photo-1535632066927-ab7c9ab60908?w=400,Jewelry,LuxeJewel,$428.99
B00R7JRZW8,Vintage Cotton Flats,https://images.unsplash.com/photo-1542291026-7eec264c27ff?w=400,Footwear,WalkEasy,$153.99
B012Y2SYN6,Stylish Solid Sandals,https://images.unsplash.com/photo-1542291026-7eec264c27ff?w=400,Footwear,WalkEasy,$84.99
B00D45R5TM,Classic Denim Pants,https://images.unsplash.com/photo-1595777457583-95e059d581b8?w=400,Women's Clothing,ChicWear,$36.99
B012MY5QB4,Modern Silk Suit,https://images.unsplash.com/photo-1586790170083-2f9ceadc732d?w=400,Men's Clothing,UrbanGent,$59.99
B00WA7QR0S,Trendy Leather Hoodie,https://images.unsplash.com/photo-1586790170083-2f9ceadc732d?w=400,Men's Clothing,UrbanGent,$107.99
B00RFMHYXW,Luxury Canvas Earrings,https://images.unsplash.com/photo-1535632066927-ab7c9ab60908?w=400,Jewelry,LuxeJewel,$88.99
B012HLVQIE,Essential Printed Crossbody,https://images.unsplash.com/photo-1553062407-98eeb64c6a62?w=400,Bags & Luggage,BagMaster,$219.99
B01FY135SS,Vintage Leather Flats,https://images.unsplash.com/photo-1542291026-7eec264c27ff?w=400,Footwear,WalkEasy,$53.99
B01E0FE22M,Elegant Suede Pendant,https://images.unsplash.com/photo-1535632066927-ab7c9ab60908?w=400,Jewelry,LuxeJewel,$418.99
B012GRLPMG,Vintage Printed Sneakers,https://images.unsplash.com/photo-1542291026-7eec264c27ff?w=400,Footwear,WalkEasy,$171.99
B01D9KC88O,Designer Solid Hat,https://images.unsplash.com/photo-1492707892479-7bc8d5a4ee93?w=400,Accessories,TrendyBits,$183.99
B0126O8CF2,Stylish Cotton Sandals,https://images.unsplash.com/photo-1542291026-7eec264c27ff?w=400,Footwear,WalkEasy,$82.99
B01263S9VK,Trendy Silk Hoodie,https://images.unsplash.com/photo-1586790170083-2f9ceadc732d?w=400,Men's Clothing,UrbanGent,$37.99
B01GM8KFGW,Essential Leather Crossbody,https://images.unsplash.com/photo-1553062407-98eeb64c6a62?w=400,Bags & Luggage,BagMaster,$195.99
B00XQYA58O,Modern Canvas Jacket,https://images.unsplash.com/photo-1586790170083-2f9ceadc732d?w=400,Men's Clothing,UrbanGent,$125.99
B00RY79Y1I,Trendy Leather Jeans,https://images.unsplash.com/photo-1586790170083-2f9ceadc732d?w=400,Men's Clothing,UrbanGent,$33.99
B01FZ4D3OK,Comfortable Wool Pants,https://images.unsplash.com/photo-1595777457583-95e059d581b8?w=400,Women's Clothing,ChicWear,$116.99
B011YS0PRY,Premium Suede Hat,https://images.unsplash.com/photo-1492707892479-7bc8d5a4ee93?w=400,Accessories,TrendyBits,$163.99
B004RPMF6Q,Vintage Solid Flats,https://images.unsplash.com/photo-1542291026-7eec264c27ff?w=400,Footwear,WalkEasy,$171.99
B00S4FHXE4,Designer Cotton Wallet,https://images.unsplash.com/photo-1492707892479-7bc8d5a4ee93?w=400,Accessories,TrendyBits,$71.99
B01G002UXI,Premium Suede Hat,https://images.unsplash.com/photo-1492707892479-7bc8d5a4ee93?w=400,Accessories,TrendyBits,$98.99
B011QHF74O,Elegant Canvas Necklace,https://images.unsplash.com/photo-1535632066927-ab7c9ab60908?w=400,Jewelry,LuxeJewel,$388.99
B01G0ABTVC,Essential Solid Messenger Bag,https://images.unsplash.com/photo-1553062407-98eeb64c6a62?w=400,Bags & Luggage,BagMaster,$195.99
B00DB9V6Y6,Classic Suede Dress,https://images.unsplash.com/photo-1595777457583-95e059d581b8?w=400,Women's Clothing,ChicWear,$25.99
B00S8R6XV2,Designer Printed Tie,https://images.unsplash.com/photo-1492707892479-7bc8d5a4ee93?w=400,Accessories,TrendyBits,$84.99
B00XRWX4QU,Vintage Wool Flats,https://images.unsplash.com/photo-1542291026-7eec264c27ff?w=400,Footwear,WalkEasy,$77.99
B00S93BIQU,Vintage Knit Flats,https://images.unsplash.com/photo-1542291026-7eec264c27ff?w=400,Footwear,WalkEasy,$91.99
B00SA9PZQ2,Elegant Leather Pendant,https://images.unsplash.com/photo-1535632066927-ab7c9ab60908?w=400,Jewelry,LuxeJewel,$82.99
B004OFE2HO,Stylish Solid Sandals,https://images.unsplash.com/photo-1542291026-7eec264c27ff?w=400,Footwear,WalkEasy,$45.99
B00SCFN16U,Vintage Solid Flats,https://images.unsplash.com/photo-1542291026-7eec264c27ff?w=400,Footwear,WalkEasy,$128.99
B011G4KJ1I,Luxury Synthetic Earrings,https://images.unsplash.com/photo-1535632066927-ab7c9ab60908?w=400,Jewelry,LuxeJewel,$84.99
B011F1M22G,Premium Solid Gloves,https://images.unsplash.com/photo-1492707892479-7bc8d5a4ee93?w=400,Accessories,TrendyBits,$40.99
B004NE43WK,Trendy Printed Hoodie,https://images.unsplash.com/photo-1586790170083-2f9ceadc732d?w=400,Men's Clothing,UrbanGent,$117.99
B00DDWN66W,Luxury Silk Earrings,https://images.unsplash.com/photo-1535632066927-ab7c9ab60908?w=400,Jewelry,LuxeJewel,$400.99
B00SJOAT78,Premium Canvas Hat,https://images.unsplash.com/photo-1492707892479-7bc8d5a4ee93?w=400,Accessories,TrendyBits,$83.99
B00SK5OIIM,Classic Solid Jacket,https://images.unsplash.com/photo-1595777457583-95e059d581b8?w=400,Women's Clothing,ChicWear,$108.99
B00SKFV1AU,Designer Suede Watch,https://images.unsplash.com/photo-1492707892479-7bc8d5a4ee93?w=400,Accessories,TrendyBits,$27.99
B0116QURDQ,Stylish Synthetic Running Shoes,https://images.unsplash.com/photo-1542291026-7eec264c27ff?w=400,Footwear,WalkEasy,$151.99
B00SLIU4X6,Casual Woven Suitcase,https://images.unsplash.com/photo-1553062407-98eeb64c6a62?w=400,Bags & Luggage,BagMaster,$81.99
B0115F5DFK,Elegant Cotton Pendant,https://images.unsplash.com/photo-1535632066927-ab7c9ab60908?w=400,Jewelry,LuxeJewel,$496.99
B00SMR3L1I,Classic Knit Pants,https://images.unsplash.com/photo-1595777457583-95e059d581b8?w=400,Women's Clothing,ChicWear,$26.99
B0113LWAY8,Elegant Denim Pendant,https://images.unsplash.com/photo-1535632066927-ab7c9ab60908?w=400,Jewelry,LuxeJewel,$430.99
B00SO00QYS,Stylish Canvas Sandals,https://images.unsplash.com/photo-1542291026-7eec264c27ff?w=400,Footwear,WalkEasy,$109.99
B00SOK1ARK,Essential Cotton Crossbody,https://images.unsplash.com/photo-1553062407-98eeb64c6a62?w=400,Bags & Luggage,BagMaster,$75.99
B0110MJZKC,Premium Printed Gloves,https://images.unsplash.com/photo-1492707892479-7bc8d5a4ee93?w=400,Accessories,TrendyBits,$50.99
B0110WBM1M,Classic Printed Jacket,https://images.unsplash.com/photo-1595777457583-95e059d581b8?w=400,Women's Clothing,ChicWear,$83.99
B004ITBT0E,Vintage Wool Sneakers,https://images.unsplash.com/photo-1542291026-7eec264c27ff?w=400,Footwear,WalkEasy,$151.99
B010YC0X4Q,Vintage Silk Flats,https://images.unsplash.com/photo-1542291026-7eec264c27ff?w=400,Footwear,WalkEasy,$135.99
B00SRPJG3M,Luxury Solid Brooch,https://images.unsplash.com/photo-1535632066927-ab7c9ab60908?w=400,Jewelry,LuxeJewel,$64.99
B010WK8WFW,Vintage Printed Flats,https://images.unsplash.com/photo-1542291026-7eec264c27ff?w=400,Footwear,WalkEasy,$128.99
B00STSVZQS,Trendy Silk T-Shirt,https://images.unsplash.com/photo-1586790170083-2f9ceadc732d?w=400,Men's Clothing,UrbanGent,$141.99
B010UDQELA,Modern Silk Hoodie,https://images.unsplash.com/photo-1586790170083-2f9ceadc732d?w=400,Men's Clothing,UrbanGent,$27.99
B01G3050ZU,Stylish Woven Running Shoes,https://images.unsplash.com/photo-1542291026-7eec264c27ff?w=400,Footwear,WalkEasy,$75.99
B00SVZ5JAW,Essential Silk Crossbody,https://images.unsplash.com/photo-1553062407-98eeb64c6a62?w=400,Bags & Luggage,BagMaster,$213.99
B00SWKN7IM,Stylish Knit Running Shoes,https://images.unsplash.com/photo-1542291026-7eec264c27ff?w=400,Footwear,WalkEasy,$129.99
B00SWMVPCK,Premium Leather Wallet,https://images.unsplash.com/photo-1492707892479-7bc8d5a4ee93?w=400,Accessories,TrendyBits,$151.99
B00XUP9T18,Casual Printed Handbag,https://images.unsplash.com/photo-1553062407-98eeb64c6a62?w=400,Bags & Luggage,BagMaster,$93.99
B00SY0GQ8S,Luxury Woven Brooch,https://images.unsplash.com/photo-1535632066927-ab7c9ab60908?w=400,Jewelry,LuxeJewel,$458.99
B010M2V0FY,Designer Cotton Gloves,https://images.unsplash.com/photo-1492707892479-7bc8d5a4ee93?w=400,Accessories,TrendyBits,$75.99
B01G45AIY2,Comfortable Suede Dress,https://images.unsplash.com/photo-1595777457583-95e059d581b8?w=400,Women's Clothing,ChicWear,$30.99
B00T2TJABA,Vintage Cotton Flats,https://images.unsplash.com/photo-1542291026-7eec264c27ff?w=400,Footwear,WalkEasy,$94.99
B010HKHQ5O,Stylish Solid Running Shoes,https://images.unsplash.com/photo-1542291026-7eec264c27ff?w=400,Footwear,WalkEasy,$36.99
B004CM9QQ6,Premium Printed Wallet,https://images.unsplash.com/photo-1492707892479-7bc8d5a4ee93?w=400,Accessories,TrendyBits,$196.99
B010FMOJTA,Trendy Knit T-Shirt,https://images.unsplash.com/photo-1586790170083-2f9ceadc732d?w=400,Men's Clothing,UrbanGent,$101.99
B010CMJEG6,Stylish Synthetic Sandals,https://images.unsplash.com/photo-1542291026-7eec264c27ff?w=400,Footwear,WalkEasy,$148.99
B00DMSEOX6,Elegant Solid Pendant,https://images.unsplash.com/photo-1535632066927-ab7c9ab60908?w=400,Jewelry,LuxeJewel,$270.99
B0002Y8E2K,Vintage Denim Sneakers,https://images.unsplash.com/photo-1542291026-7eec264c27ff?w=400,Footwear,WalkEasy,$122.99
B00XVEC71W,Casual Suede Suitcase,https://images.unsplash.com/photo-1553062407-98eeb64c6a62?w=400,Bags & Luggage,BagMaster,$177.99
B0108OGSWQ,Premium Printed Wallet,https://images.unsplash.com/photo-1492707892479-7bc8d5a4ee93?w=400,Accessories,TrendyBits,$76.99
B00TBKRK5S,Essential Printed Messenger Bag,https://images.unsplash.com/photo-1553062407-98eeb64c6a62?w=400,Bags & Luggage,BagMaster,$207.99
B00WM5KONE,Casual Silk Suitcase,https://images.unsplash.com/photo-1553062407-98eeb64c6a62?w=400,Bags & Luggage,BagMaster,$51.99
B00TE96NVI,Premium Printed Hat,https://images.unsplash.com/photo-1492707892479-7bc8d5a4ee93?w=400,Accessories,TrendyBits,$93.99
B00V3F1ZDC,Luxury Synthetic Earrings,https://images.unsplash.com/photo-1535632066927-ab7c9ab60908?w=400,Jewelry,LuxeJewel,$214.99
B00ZXRQMI4,Premium Printed Watch,https://images.unsplash.com/photo-1492707892479-7bc8d5a4ee93?w=400,Accessories,TrendyBits,$107.99
B00ZWVV5X8,Vintage Silk Flats,https://images.unsplash.com/photo-1542291026-7eec264c27ff?w=400,Footwear,WalkEasy,$65.99
B00THJVJZU,Luxury Suede Earrings,https://images.unsplash.com/photo-1535632066927-ab7c9ab60908?w=400,Jewelry,LuxeJewel,$338.99
B00TKSAMFG,Vintage Knit Sneakers,https://images.unsplash.com/photo-1542291026-7eec264c27ff?w=400,Footwear,WalkEasy,$159.99
B000239INA,Elegant Cotton Necklace,https://images.unsplash.com/photo-1535632066927-ab7c9ab60908?w=400,Jewelry,LuxeJewel,$284.99
B00ZOC6IHS,Stylish Cotton Running Shoes,https://images.unsplash.com/photo-1542291026-7eec264c27ff?w=400,Footwear,WalkEasy,$128.99
B00TQQS9PC,Premium Woven Tie,https://images.unsplash.com/photo-1492707892479-7bc8d5a4ee93?w=400,Accessories,TrendyBits,$194.99
B00ZJSDY9W,Premium Cotton Wallet,https://images.unsplash.com/photo-1492707892479-7bc8d5a4ee93?w=400,Accessories,TrendyBits,$146.99
B00TR4BHN4,Stylish Solid Sandals,https://images.unsplash.com/photo-1542291026-7eec264c27ff?w=400,Footwear,WalkEasy,$45.99
B0042866WC,Classic Synthetic Cardigan,https://images.unsplash.com/photo-1595777457583-95e059d581b8?w=400,Women's Clothing,ChicWear,$74.99
B00ZIIV5ZI,Vintage Canvas Flats,https://images.unsplash.com/photo-1542291026-7eec264c27ff?w=400,Footwear,WalkEasy,$142.99
B00TU9KMXM,Classic Wool Jacket,https://images.unsplash.com/photo-1595777457583-95e059d581b8?w=400,Women's Clothing,ChicWear,$103.99
B00ZHPM1TQ,Classic Printed Dress,https://images.unsplash.com/photo-1595777457583-95e059d581b8?w=400,Women's Clothing,ChicWear,$25.99
B01HHB9XBQ,Classic Printed Dress,https://images.unsplash.com/photo-1595777457583-95e059d581b8?w=400,Women's Clothing,ChicWear,$95.99
B00ZGWIZ36,Classic Woven Dress,https://images.unsplash.com/photo-1595777457583-95e059d581b8?w=400,Women's Clothing,ChicWear,$45.99
B00ZGQ99I2,Classic Canvas Jacket,https://images.unsplash.com/photo-1595777457583-95e059d581b8?w=400,Women's Clothing,ChicWear,$68.99
B00ZEJU2L4,Essential Wool Crossbody,https://images.unsplash.com/photo-1553062407-98eeb64c6a62?w=400,Bags & Luggage,BagMaster,$129.99
B01HHLSF8S,Casual Suede Handbag,https://images.unsplash.com/photo-1553062407-98eeb64c6a62?w=400,Bags & Luggage,BagMaster,$105.99
B003Z3FE82,Designer Wool Gloves,https://images.unsplash.com/photo-1492707892479-7bc8d5a4ee93?w=400,Accessories,TrendyBits,$160.99
B00U2ZL548,Classic Denim Cardigan,https://images.unsplash.com/photo-1595777457583-95e059d581b8?w=400,Women's Clothing,ChicWear,$119.99
B00ZAP7012,Stylish Woven Sandals,https://images.unsplash.com/photo-1542291026-7eec264c27ff?w=400,Footwear,WalkEasy,$144.99
B01D24O524,Vintage Suede Flats,https://images.unsplash.com/photo-1542291026-7eec264c27ff?w=400,Footwear,WalkEasy,$139.99
B00Z83EYX8,Premium Knit Tie,https://images.unsplash.com/photo-1492707892479-7bc8d5a4ee93?w=400,Accessories,TrendyBits,$129.99
B00U6ZXIDK,Luxury Suede Brooch,https://images.unsplash.com/photo-1535632066927-ab7c9ab60908?w=400,Jewelry,LuxeJewel,$38.99
B01D1XHSVG,Luxury Printed Earrings,https://images.unsplash.com/photo-1535632066927-ab7c9ab60908?w=400,Jewelry,LuxeJewel,$192.99
B003U4LSBI,Stylish Woven Running Shoes,https://images.unsplash.com/photo-1542291026-7eec264c27ff?w=400,Footwear,WalkEasy,$65.99
B003TYDLRS,Essential Printed Crossbody,https://images.unsplash.com/photo-1553062407-98eeb64c6a62?w=400,Bags & Luggage,BagMaster,$111.99
B00YXM1MVW,Vintage Denim Flats,https://images.unsplash.com/photo-1542291026-7eec264c27ff?w=400,Footwear,WalkEasy,$55.99
B01D1Q7G1U,Trendy Solid Jacket,https://images.unsplash.com/photo-1586790170083-2f9ceadc732d?w=400,Men's Clothing,UrbanGent,$105.99
B00YW8DX3W,Casual Suede Suitcase,https://images.unsplash.com/photo-1553062407-98eeb64c6a62?w=400,Bags & Luggage,BagMaster,$147.99
B00UBHFYTE,Luxury Wool Earrings,https://images.unsplash.com/photo-1535632066927-ab7c9ab60908?w=400,Jewelry,LuxeJewel,$278.99
B01HI93A70,Comfortable Canvas Jacket,https://images.unsplash.com/photo-1595777457583-95e059d581b8?w=400,Women's Clothing,ChicWear,$113.99
B00UC3FKTG,Elegant Suede Necklace,https://images.unsplash.com/photo-1535632066927-ab7c9ab60908?w=400,Jewelry,LuxeJewel,$114.99
B00UC4MG9M,Essential Silk Messenger Bag,https://images.unsplash.com/photo-1553062407-98eeb64c6a62?w=400,Bags & Luggage,BagMaster,$219.99
B00UCIDM3W,Vintage Synthetic Flats,https://images.unsplash.com/photo-1542291026-7eec264c27ff?w=400,Footwear,WalkEasy,$81.99
B00YOUV6UK,Casual Solid Suitcase,https://images.unsplash.com/photo-1553062407-98eeb64c6a62?w=400,Bags & Luggage,BagMaster,$201.99
B003PARY06,Trendy Synthetic Hoodie,https://images.unsplash.com/photo-1586790170083-2f9ceadc732d?w=400,Men's Clothing,UrbanGent,$47.99
B00XZ1ILWU,Modern Leather Jeans,https://images.unsplash.com/photo-1586790170083-2f9ceadc732d?w=400,Men's Clothing,UrbanGent,$113.99
B00YNKHNN0,Trendy Denim T-Shirt,https://images.unsplash.com/photo-1586790170083-2f9ceadc732d?w=400,Men's Clothing,UrbanGent,$21.99
B01D1D9IS2,Classic Cotton Skirt,https://images.unsplash.com/photo-1595777457583-95e059d581b8?w=400,Women's Clothing,ChicWear,$77.99
B00YMM2JHE,Luxury Synthetic Brooch,https://images.unsplash.com/photo-1535632066927-ab7c9ab60908?w=400,Jewelry,LuxeJewel,$224.99
B00YLNNFCC,Designer Solid Gloves,https://images.unsplash.com/photo-1492707892479-7bc8d5a4ee93?w=400,Accessories,TrendyBits,$140.99
B00UHN27BU,Comfortable Cotton Jacket,https://images.unsplash.com/photo-1595777457583-95e059d581b8?w=400,Women's Clothing,ChicWear,$48.99
B00XZ6NO0E,Stylish Silk Sandals,https://images.unsplash.com/photo-1542291026-7eec264c27ff?w=400,Footwear,WalkEasy,$99.99
B01D15GKEA,Comfortable Suede Pants,https://images.unsplash.com/photo-1595777457583-95e059d581b8?w=400,Women's Clothing,ChicWear,$56.99
B00AZ8ZWTQ,Stylish Printed Running Shoes,https://images.unsplash.com/photo-1542291026-7eec264c27ff?w=400,Footwear,WalkEasy,$142.99
B00YFX4TXM,Premium Synthetic Tie,https://images.unsplash.com/photo-1492707892479-7bc8d5a4ee93?w=400,Accessories,TrendyBits,$179.99
B01D0Y9FXK,Luxury Suede Earrings,https://images.unsplash.com/photo-1535632066927-ab7c9ab60908?w=400,Jewelry,LuxeJewel,$248.99
B00DVPUGSW,Casual Wool Handbag,https://images.unsplash.com/photo-1553062407-98eeb64c6a62?w=400,Bags & Luggage,BagMaster,$201.99
B00YB5VQU8,Luxury Canvas Brooch,https://images.unsplash.com/photo-1535632066927-ab7c9ab60908?w=400,Jewelry,LuxeJewel,$296.99
B0000A98NK,Classic Leather Dress,https://images.unsplash.com/photo-1595777457583-95e059d581b8?w=400,Women's Clothing,ChicWear,$50.99
B01D0ITWI4,Classic Silk Dress,https://images.unsplash.com/photo-1595777457583-95e059d581b8?w=400,Women's Clothing,ChicWear,$55.99
B01G9EW8BY,Premium Solid Wallet,https://images.unsplash.com/photo-1492707892479-7bc8d5a4ee93?w=400,Accessories,TrendyBits,$146.99
B00YAIRLQY,Luxury Suede Earrings,https://images.unsplash.com/photo-1535632066927-ab7c9ab60908?w=400,Jewelry,LuxeJewel,$218.99
B003H90FM4,Modern Canvas Jacket,https://images.unsplash.com/photo-1586790170083-2f9ceadc732d?w=400,Men's Clothing,UrbanGent,$25.99
B003H6Z5X6,Classic Wool Skirt,https://images.unsplash.com/photo-1595777457583-95e059d581b8?w=400,Women's Clothing,ChicWear,$27.99
B00Y4SSD3K,Premium Denim Gloves,https://images.unsplash.com/photo-1492707892479-7bc8d5a4ee93?w=400,Accessories,TrendyBits,$35.99
B00UVXNJUY,Trendy Leather Hoodie,https://images.unsplash.com/photo-1586790170083-2f9ceadc732d?w=400,Men's Clothing,UrbanGent,$87.99
B00Y2HSZZ4,Designer Woven Gloves,https://images.unsplash.com/photo-1492707892479-7bc8d5a4ee93?w=400,Accessories,TrendyBits,$95.99
B00UW5Z5I0,Designer Wool Gloves,https://images.unsplash.com/photo-1492707892479-7bc8d5a4ee93?w=400,Accessories,TrendyBits,$160.99
B00Y2GC1P0,Luxury Solid Earrings,https://images.unsplash.com/photo-1535632066927-ab7c9ab60908?w=400,Jewelry,LuxeJewel,$98.99
B003EI835Y,Comfortable Wool Cardigan,https://images.unsplash.com/photo-1595777457583-95e059d581b8?w=400,Women's Clothing,ChicWear,$119.99
B00Y2CQW54,Premium Synthetic Wallet,https://images.unsplash.com/photo-1492707892479-7bc8d5a4ee93?w=400,Accessories,TrendyBits,$41.99
B0017JF4FO,Essential Silk Messenger Bag,https://images.unsplash.com/photo-1553062407-98eeb64c6a62?w=400,Bags & Luggage,BagMaster,$111.99
B0008F6WMM,Stylish Wool Sandals,https://images.unsplash.com/photo-1542291026-7eec264c27ff?w=400,Footwear,WalkEasy,$84.99
B00NYP7U6U,Elegant Leather Pendant,https://images.unsplash.com/photo-1535632066927-ab7c9ab60908?w=400,Jewelry,LuxeJewel,$248.99
B013JX90OQ,Stylish Woven Sandals,https://images.unsplash.com/photo-1542291026-7eec264c27ff?w=400,Footwear,WalkEasy,$146.99
B013WBC5AG,Elegant Printed Necklace,https://images.unsplash.com/photo-1535632066927-ab7c9ab60908?w=400,Jewelry,LuxeJewel,$432.99
B00K2XPFEQ,Trendy Canvas T-Shirt,https://images.unsplash.com/photo-1586790170083-2f9ceadc732d?w=400,Men's Clothing,UrbanGent,$31.99
B00SGA654Q,Comfortable Solid Skirt,https://images.unsplash.com/photo-1595777457583-95e059d581b8?w=400,Women's Clothing,ChicWear,$47.99
B01DCDU0QK,Trendy Leather Hoodie,https://images.unsplash.com/photo-1586790170083-2f9ceadc732d?w=400,Men's Clothing,UrbanGent,$67.99
B00YQ2FJXG,Casual Leather Suitcase,https://images.unsplash.com/photo-1553062407-98eeb64c6a62?w=400,Bags & Luggage,BagMaster,$177.99
B019DMFSK2,Luxury Synthetic Brooch,https://images.unsplash.com/photo-1535632066927-ab7c9ab60908?w=400,Jewelry,LuxeJewel,$492.99
B00ZTXDKO6,Essential Solid Messenger Bag,https://images.unsplash.com/photo-1553062407-98eeb64c6a62?w=400,Bags & Luggage,BagMaster,$135.99
B01C3A5MZC,Casual Wool Handbag,https://images.unsplash.com/photo-1553062407-98eeb64c6a62?w=400,Bags & Luggage,BagMaster,$165.99
B013PZGC4E,Classic Cotton Jacket,https://images.unsplash.com/photo-1595777457583-95e059d581b8?w=400,Women's Clothing,ChicWear,$48.99
B00PEKV0VO,Comfortable Woven Dress,https://images.unsplash.com/photo-1595777457583-95e059d581b8?w=400,Women's Clothing,ChicWear,$50.99
B00RC0U1U0,Premium Cotton Gloves,https://images.unsplash.com/photo-1492707892479-7bc8d5a4ee93?w=400,Accessories,TrendyBits,$125.99
B017VONKVS,Designer Canvas Gloves,https://images.unsplash.com/photo-1492707892479-7bc8d5a4ee93?w=400,Accessories,TrendyBits,$180.99
B00HZTUWWU,Luxury Canvas Earrings,https://images.unsplash.com/photo-1535632066927-ab7c9ab60908?w=400,Jewelry,LuxeJewel,$248.99
B015YOQBHW,Essential Leather Messenger Bag,https://images.unsplash.com/photo-1553062407-98eeb64c6a62?w=400,Bags & Luggage,BagMaster,$117.99
B00RCYND38,Vintage Printed Sneakers,https://images.unsplash.com/photo-1542291026-7eec264c27ff?w=400,Footwear,WalkEasy,$159.99
B00PDBGAZ0,Classic Woven Dress,https://images.unsplash.com/photo-1595777457583-95e059d581b8?w=400,Women's Clothing,ChicWear,$75.99
B01AFWXAC2,Elegant Solid Necklace,https://images.unsplash.com/photo-1535632066927-ab7c9ab60908?w=400,Jewelry,LuxeJewel,$364.99
B016XFF5QY,Elegant Knit Necklace,https://images.unsplash.com/photo-1535632066927-ab7c9ab60908?w=400,Jewelry,LuxeJewel,$352.99
B00O4C152W,Luxury Wool Brooch,https://images.unsplash.com/photo-1535632066927-ab7c9ab60908?w=400,Jewelry,LuxeJewel,$256.99
B01CP2UXHA,Essential Canvas Crossbody,https://images.unsplash.com/photo-1553062407-98eeb64c6a62?w=400,Bags & Luggage,BagMaster,$99.99
B01E2ZWDOE,Modern Printed T-Shirt,https://images.unsplash.com/photo-1586790170083-2f9ceadc732d?w=400,Men's Clothing,UrbanGent,$61.99
B01CTIUD4S,Stylish Knit Running Shoes,https://images.unsplash.com/photo-1542291026-7eec264c27ff?w=400,Footwear,WalkEasy,$120.99
B00WO431EM,Comfortable Knit Dress,https://images.unsplash.com/photo-1595777457583-95e059d581b8?w=400,Women's Clothing,ChicWear,$60.99
B00FYEMTPG,Modern Wool Suit,https://images.unsplash.com/photo-1586790170083-2f9ceadc732d?w=400,Men's Clothing,UrbanGent,$59.99
B00R56PEK8,Essential Woven Messenger Bag,https://images.unsplash.com/photo-1553062407-98eeb64c6a62?w=400,Bags & Luggage,BagMaster,$165.99
B015YCPN4G,Premium Leather Gloves,https://images.unsplash.com/photo-1492707892479-7bc8d5a4ee93?w=400,Accessories,TrendyBits,$120.99
B00OUC4KNM,Classic Solid Dress,https://images.unsplash.com/photo-1595777457583-95e059d581b8?w=400,Women's Clothing,ChicWear,$85.99
B01G3G4F9G,Designer Canvas Gloves,https://images.unsplash.com/photo-1492707892479-7bc8d5a4ee93?w=400,Accessories,TrendyBits,$125.99
B01DXY7WLY,Designer Canvas Watch,https://images.unsplash.com/photo-1492707892479-7bc8d5a4ee93?w=400,Accessories,TrendyBits,$97.99
B00LAEJHRW,Stylish Woven Sandals,https://images.unsplash.com/photo-1542291026-7eec264c27ff?w=400,Footwear,WalkEasy,$92.99
B00CF5K576,Elegant Solid Pendant,https://images.unsplash.com/photo-1535632066927-ab7c9ab60908?w=400,Jewelry,LuxeJewel,$70.99
B01CJS235A,Designer Silk Tie,https://images.unsplash.com/photo-1492707892479-7bc8d5a4ee93?w=400,Accessories,TrendyBits,$129.99
B00PXBBUQY,Luxury Denim Earrings,https://images.unsplash.com/photo-1535632066927-ab7c9ab60908?w=400,Jewelry,LuxeJewel,$138.99
B019E82SQM,Comfortable Silk Pants,https://images.unsplash.com/photo-1595777457583-95e059d581b8?w=400,Women's Clothing,ChicWear,$31.99
B00AOCB7WO,Trendy Knit T-Shirt,https://images.unsplash.com/photo-1586790170083-2f9ceadc732d?w=400,Men's Clothing,UrbanGent,$131.99
B00OB3EDFU,Casual Silk Suitcase,https://images.unsplash.com/photo-1553062407-98eeb64c6a62?w=400,Bags & Luggage,BagMaster,$249.99
B019G9GNOM,Comfortable Wool Dress,https://images.unsplash.com/photo-1595777457583-95e059d581b8?w=400,Women's Clothing,ChicWear,$45.99
B00LO8U1WE,Essential Solid Messenger Bag,https://images.unsplash.com/photo-1553062407-98eeb64c6a62?w=400,Bags & Luggage,BagMaster,$135.99
B01C74970K,Trendy Solid Suit,https://images.unsplash.com/photo-1586790170083-2f9ceadc732d?w=400,Men's Clothing,UrbanGent,$109.99
B00SNIR5Y0,Casual Woven Handbag,https://images.unsplash.com/photo-1553062407-98eeb64c6a62?w=400,Bags & Luggage,BagMaster,$45.99
B00SVJAJCG,Classic Solid Pants,https://images.unsplash.com/photo-1595777457583-95e059d581b8?w=400,Women's Clothing,ChicWear,$76.99
B009PN61GA,Elegant Leather Pendant,https://images.unsplash.com/photo-1535632066927-ab7c9ab60908?w=400,Jewelry,LuxeJewel,$70.99
B00410JIBW,Luxury Suede Earrings,https://images.unsplash.com/photo-1535632066927-ab7c9ab60908?w=400,Jewelry,LuxeJewel,$234.99
B01EHVY46S,Comfortable Silk Cardigan,https://images.unsplash.com/photo-1595777457583-95e059d581b8?w=400,Women's Clothing,ChicWear,$99.99
B003MWEIA6,Stylish Denim Running Shoes,https://images.unsplash.com/photo-1542291026-7eec264c27ff?w=400,Footwear,WalkEasy,$124.99
B018W8CCIO,Modern Woven T-Shirt,https://images.unsplash.com/photo-1586790170083-2f9ceadc732d?w=400,Men's Clothing,UrbanGent,$71.99
B01DJNIFEW,Designer Wool Hat,https://images.unsplash.com/photo-1492707892479-7bc8d5a4ee93?w=400,Accessories,TrendyBits,$128.99
B01G8TPD7Q,Premium Printed Hat,https://images.unsplash.com/photo-1492707892479-7bc8d5a4ee93?w=400,Accessories,TrendyBits,$103.99
B010TQZWPM,Elegant Suede Pendant,https://images.unsplash.com/photo-1535632066927-ab7c9ab60908?w=400,Jewelry,LuxeJewel,$302.99
B01CU25F5A,Comfortable Silk Dress,https://images.unsplash.com/photo-1595777457583-95e059d581b8?w=400,Women's Clothing,ChicWear,$95.99
B00DGW1M6A,Comfortable Silk Jacket,https://images.unsplash.com/photo-1595777457583-95e059d581b8?w=400,Women's Clothing,ChicWear,$88.99
B01F60OQEY,Classic Printed Jacket,https://images.unsplash.com/photo-1595777457583-95e059d581b8?w=400,Women's Clothing,ChicWear,$73.99
B0196E5U6Y,Classic Woven Dress,https://images.unsplash.com/photo-1595777457583-95e059d581b8?w=400,Women's Clothing,ChicWear,$35.99
B00FAZIJVM,Modern Printed T-Shirt,https://images.unsplash.com/photo-1586790170083-2f9ceadc732d?w=400,Men's Clothing,UrbanGent,$101.99
B01CYVZ7BE,Essential Solid Crossbody,https://images.unsplash.com/photo-1553062407-98eeb64c6a62?w=400,Bags & Luggage,BagMaster,$165.99
B00D3MG3BM,Modern Suede Hoodie,https://images.unsplash.com/photo-1586790170083-2f9ceadc732d?w=400,Men's Clothing,UrbanGent,$57.99
B00RL1K84E,Trendy Solid Suit,https://images.unsplash.com/photo-1586790170083-2f9ceadc732d?w=400,Men's Clothing,UrbanGent,$119.99
B01DP02N4W,Comfortable Canvas Skirt,https://images.unsplash.com/photo-1595777457583-95e059d581b8?w=400,Women's Clothing,ChicWear,$107.99
B00VI0Y68S,Classic Leather Skirt,https://images.unsplash.com/photo-1595777457583-95e059d581b8?w=400,Women's Clothing,ChicWear,$87.99
B00A2Y1W4C,Essential Synthetic Crossbody,https://images.unsplash.com/photo-1553062407-98eeb64c6a62?w=400,Bags & Luggage,BagMaster,$93.99
B00KRB9Y0Y,Premium Wool Hat,https://images.unsplash.com/photo-1492707892479-7bc8d5a4ee93?w=400,Accessories,TrendyBits,$123.99
B00XK2YQMS,Trendy Cotton T-Shirt,https://images.unsplash.com/photo-1586790170083-2f9ceadc732d?w=400,Men's Clothing,UrbanGent,$91.99
B00GGPS6VS,Essential Solid Messenger Bag,https://images.unsplash.com/photo-1553062407-98eeb64c6a62?w=400,Bags & Luggage,BagMaster,$123.99
B01F8KKQ50,Casual Leather Suitcase,https://images.unsplash.com/photo-1553062407-98eeb64c6a62?w=400,Bags & Luggage,BagMaster,$111.99
B00B33K61Q,Luxury Printed Earrings,https://images.unsplash.com/photo-1535632066927-ab7c9ab60908?w=400,Jewelry,LuxeJewel,$440.99
B01G3IVWKY,Trendy Wool Hoodie,https://images.unsplash.com/photo-1586790170083-2f9ceadc732d?w=400,Men's Clothing,UrbanGent,$97.99
B00T12BK0M,Trendy Synthetic Hoodie,https://images.unsplash.com/photo-1586790170083-2f9ceadc732d?w=400,Men's Clothing,UrbanGent,$147.99
B00Z974DTI,Luxury Cotton Earrings,https://images.unsplash.com/photo-1535632066927-ab7c9ab60908?w=400,Jewelry,LuxeJewel,$282.99
B017ALT8LI,Trendy Leather Hoodie,https://images.unsplash.com/photo-1586790170083-2f9ceadc732d?w=400,Men's Clothing,UrbanGent,$147.99
B00IYPA4EU,Essential Synthetic Messenger Bag,https://images.unsplash.com/photo-1553062407-98eeb64c6a62?w=400,Bags & Luggage,BagMaster,$189.99
B00FDTJT6E,Modern Wool T-Shirt,https://images.unsplash.com/photo-1586790170083-2f9ceadc732d?w=400,Men's Clothing,UrbanGent,$141.99
B00V5EMCME,Designer Printed Watch,https://images.unsplash.com/photo-1492707892479-7bc8d5a4ee93?w=400,Accessories,TrendyBits,$147.99
B00OZZT7JG,Trendy Knit Jeans,https://images.unsplash.com/photo-1586790170083-2f9ceadc732d?w=400,Men's Clothing,UrbanGent,$123.99
B00OCK28OK,Premium Canvas Tie,https://images.unsplash.com/photo-1492707892479-7bc8d5a4ee93?w=400,Accessories,TrendyBits,$24.99
B017D6UEA4,Luxury Synthetic Brooch,https://images.unsplash.com/photo-1535632066927-ab7c9ab60908?w=400,Jewelry,LuxeJewel,$166.99
B019JV6GKS,Essential Cotton Messenger Bag,https://images.unsplash.com/photo-1553062407-98eeb64c6a62?w=400,Bags & Luggage,BagMaster,$93.99
B0140HK1LG,Premium Silk Hat,https://images.unsplash.com/photo-1492707892479-7bc8d5a4ee93?w=400,Accessories,TrendyBits,$118.99
B018PHD4B6,Designer Denim Watch,https://images.unsplash.com/photo-1492707892479-7bc8d5a4ee93?w=400,Accessories,TrendyBits,$177.99
B01EU68D2Q,Vintage Solid Flats,https://images.unsplash.com/photo-1542291026-7eec264c27ff?w=400,Footwear,WalkEasy,$136.99
B00M94YFIS,Casual Knit Suitcase,https://images.unsplash.com/photo-1553062407-98eeb64c6a62?w=400,Bags & Luggage,BagMaster,$111.99
B001FXMFQI,Modern Canvas T-Shirt,https://images.unsplash.com/photo-1586790170083-2f9ceadc732d?w=400,Men's Clothing,UrbanGent,$71.99
B01FRG2E32,Vintage Synthetic Flats,https://images.unsplash.com/photo-1542291026-7eec264c27ff?w=400,Footwear,WalkEasy,$122.99
B00FZ1GIZK,Modern Silk Jeans,https://images.unsplash.com/photo-1586790170083-2f9ceadc732d?w=400,Men's Clothing,UrbanGent,$73.99
B0109Y0VU0,Comfortable Solid Dress,https://images.unsplash.com/photo-1595777457583-95e059d581b8?w=400,Women's Clothing,ChicWear,$90.99
B00F9STW8E,Stylish Solid Sandals,https://images.unsplash.com/photo-1542291026-7eec264c27ff?w=400,Footwear,WalkEasy,$149.99
B01CAN2TDU,Casual Cotton Suitcase,https://images.unsplash.com/photo-1553062407-98eeb64c6a62?w=400,Bags & Luggage,BagMaster,$159.99
B012TOQYNQ,Premium Leather Gloves,https://images.unsplash.com/photo-1492707892479-7bc8d5a4ee93?w=400,Accessories,TrendyBits,$105.99
B00RI44JOE,Casual Printed Handbag,https://images.unsplash.com/photo-1553062407-98eeb64c6a62?w=400,Bags & Luggage,BagMaster,$153.99
B00WSGL7FG,Luxury Knit Earrings,https://images.unsplash.com/photo-1535632066927-ab7c9ab60908?w=400,Jewelry,LuxeJewel,$470.99
B007IFXG7O,Casual Printed Suitcase,https://images.unsplash.com/photo-1553062407-98eeb64c6a62?w=400,Bags & Luggage,BagMaster,$243.99
B00SSND3JQ,Trendy Solid Hoodie,https://images.unsplash.com/photo-1586790170083-2f9ceadc732d?w=400,Men's Clothing,UrbanGent,$67.99
B005PVO9SI,Premium Leather Gloves,https://images.unsplash.com/photo-1492707892479-7bc8d5a4ee93?w=400,Accessories,TrendyBits,$50.99
B00NKH3B2Y,Modern Wool T-Shirt,https://images.unsplash.com/photo-1586790170083-2f9ceadc732d?w=400,Men's Clothing,UrbanGent,$91.99
B0064EYS2M,Classic Leather Dress,https://images.unsplash.com/photo-1595777457583-95e059d581b8?w=400,Women's Clothing,ChicWear,$80.99
B00FFYVKZA,Trendy Leather Hoodie,https://images.unsplash.com/photo-1586790170083-2f9ceadc732d?w=400,Men's Clothing,UrbanGent,$27.99
B01FETGHQC,Designer Leather Wallet,https://images.unsplash.com/photo-1492707892479-7bc8d5a4ee93?w=400,Accessories,TrendyBits,$166.99
B00UDXT39I,Comfortable Woven Pants,https://images.unsplash.com/photo-1595777457583-95e059d581b8?w=400,Women's Clothing,ChicWear,$66.99
B00U79AMOS,Luxury Cotton Earrings,https://images.unsplash.com/photo-1535632066927-ab7c9ab60908?w=400,Jewelry,LuxeJewel,$404.99
B00GD86HVO,Designer Denim Wallet,https://images.unsplash.com/photo-1492707892479-7bc8d5a4ee93?w=400,Accessories,TrendyBits,$186.99
B00GMHZVIG,Designer Suede Wallet,https://images.unsplash.com/photo-1492707892479-7bc8d5a4ee93?w=400,Accessories,TrendyBits,$121.99
B012BCTTOM,Casual Silk Handbag,https://images.unsplash.com/photo-1553062407-98eeb64c6a62?w=400,Bags & Luggage,BagMaster,$153.99
B00N26VJJA,Casual Denim Suitcase,https://images.unsplash.com/photo-1553062407-98eeb64c6a62?w=400,Bags & Luggage,BagMaster,$81.99
B000YY7VYK,Vintage Leather Flats,https://images.unsplash.com/photo-1542291026-7eec264c27ff?w=400,Footwear,WalkEasy,$96.99
B014KCELLW,Casual Synthetic Suitcase,https://images.unsplash.com/photo-1553062407-98eeb64c6a62?w=400,Bags & Luggage,BagMaster,$129.99
B00OVRPISM,Elegant Synthetic Pendant,https://images.unsplash.com/photo-1535632066927-ab7c9ab60908?w=400,Jewelry,LuxeJewel,$72.99
B00K2QLZMO,Elegant Wool Necklace,https://images.unsplash.com/photo-1535632066927-ab7c9ab60908?w=400,Jewelry,LuxeJewel,$410.99
B00XDV63FO,Elegant Canvas Necklace,https://images.unsplash.com/photo-1535632066927-ab7c9ab60908?w=400,Jewelry,LuxeJewel,$426.99
B013C7GF92,Designer Denim Hat,https://images.unsplash.com/photo-1492707892479-7bc8d5a4ee93?w=400,Accessories,TrendyBits,$83.99
B00X655G4Q,Vintage Solid Sneakers,https://images.unsplash.com/photo-1542291026-7eec264c27ff?w=400,Footwear,WalkEasy,$60.99
B00EXES3ZS,Trendy Knit Hoodie,https://images.unsplash.com/photo-1586790170083-2f9ceadc732d?w=400,Men's Clothing,UrbanGent,$97.99
B01BT55GEO,Classic Woven Cardigan,https://images.unsplash.com/photo-1595777457583-95e059d581b8?w=400,Women's Clothing,ChicWear,$119.99
B01G6TOZN6,Designer Wool Wallet,https://images.unsplash.com/photo-1492707892479-7bc8d5a4ee93?w=400,Accessories,TrendyBits,$21.99
B00KVN4E8A,Luxury Silk Earrings,https://images.unsplash.com/photo-1535632066927-ab7c9ab60908?w=400,Jewelry,LuxeJewel,$412.99
B00128KJA0,Luxury Wool Brooch,https://images.unsplash.com/photo-1535632066927-ab7c9ab60908?w=400,Jewelry,LuxeJewel,$400.99
B00PJIWHSG,Elegant Suede Pendant,https://images.unsplash.com/photo-1535632066927-ab7c9ab60908?w=400,Jewelry,LuxeJewel,$100.99
B00BMWFL0Y,Modern Cotton Suit,https://images.unsplash.com/photo-1586790170083-2f9ceadc732d?w=400,Men's Clothing,UrbanGent,$29.99
B00ES4KWEI,Modern Suede Suit,https://images.unsplash.com/photo-1586790170083-2f9ceadc732d?w=400,Men's Clothing,UrbanGent,$29.99
B013BCSWE4,Premium Canvas Wallet,https://images.unsplash.com/photo-1492707892479-7bc8d5a4ee93?w=400,Accessories,TrendyBits,$136.99
B01DFBW0JO,Modern Knit Hoodie,https://images.unsplash.com/photo-1586790170083-2f9ceadc732d?w=400,Men's Clothing,UrbanGent,$107.99
B00IA23F7K,Luxury Denim Earrings,https://images.unsplash.com/photo-1535632066927-ab7c9ab60908?w=400,Jewelry,LuxeJewel,$78.99
B0156G5R14,Stylish Denim Running Shoes,https://images.unsplash.com/photo-1542291026-7eec264c27ff?w=400,Footwear,WalkEasy,$158.99
B01BSO2V62,Vintage Denim Sneakers,https://images.unsplash.com/photo-1542291026-7eec264c27ff?w=400,Footwear,WalkEasy,$46.99
B00FD2I6MO,Designer Silk Tie,https://images.unsplash.com/photo-1492707892479-7bc8d5a4ee93?w=400,Accessories,TrendyBits,$64.99
B01DI28V70,Comfortable Wool Jacket,https://images.unsplash.com/photo-1595777457583-95e059d581b8?w=400,Women's Clothing,ChicWear,$93.99
B00L3KO3SG,Comfortable Synthetic Cardigan,https://images.unsplash.com/photo-1595777457583-95e059d581b8?w=400,Women's Clothing,ChicWear,$109.99
B00NSK5Q62,Comfortable Solid Cardigan,https://images.unsplash.com/photo-1595777457583-95e059d581b8?w=400,Women's Clothing,ChicWear,$89.99
B00RC198AI,Trendy Leather Suit,https://images.unsplash.com/photo-1586790170083-2f9ceadc732d?w=400,Men's Clothing,UrbanGent,$129.99
B00T6NJGAW,Casual Suede Handbag,https://images.unsplash.com/photo-1553062407-98eeb64c6a62?w=400,Bags & Luggage,BagMaster,$201.99
B00KMFR7QI,Comfortable Leather Cardigan,https://images.unsplash.com/photo-1595777457583-95e059d581b8?w=400,Women's Clothing,ChicWear,$74.99
B00N57I7NM,Classic Cotton Dress,https://images.unsplash.com/photo-1595777457583-95e059d581b8?w=400,Women's Clothing,ChicWear,$85.99
B00SMGW7VE,Luxury Knit Brooch,https://images.unsplash.com/photo-1535632066927-ab7c9ab60908?w=400,Jewelry,LuxeJewel,$208.99
B00I0C9C3Q,Comfortable Leather Jacket,https://images.unsplash.com/photo-1595777457583-95e059d581b8?w=400,Women's Clothing,ChicWear,$53.99
B00R2S6JIK,Casual Solid Suitcase,https://images.unsplash.com/photo-1553062407-98eeb64c6a62?w=400,Bags & Luggage,BagMaster,$189.99
B00SU4UX0K,Trendy Canvas Jeans,https://images.unsplash.com/photo-1586790170083-2f9ceadc732d?w=400,Men's Clothing,UrbanGent,$103.99
B01FSBNRUA,Essential Silk Messenger Bag,https://images.unsplash.com/photo-1553062407-98eeb64c6a62?w=400,Bags & Luggage,BagMaster,$63.99
B015E5Z3IO,Designer Canvas Hat,https://images.unsplash.com/photo-1492707892479-7bc8d5a4ee93?w=400,Accessories,TrendyBits,$123.99
B00O120F80,Casual Denim Suitcase,https://images.unsplash.com/photo-1553062407-98eeb64c6a62?w=400,Bags & Luggage,BagMaster,$63.99
B017Q73HMM,Classic Silk Skirt,https://images.unsplash.com/photo-1595777457583-95e059d581b8?w=400,Women's Clothing,ChicWear,$77.99
B00BWBO6TW,Classic Woven Skirt,https://images.unsplash.com/photo-1595777457583-95e059d581b8?w=400,Women's Clothing,ChicWear,$92.99
B0007OTES8,Classic Denim Jacket,https://images.unsplash.com/photo-1595777457583-95e059d581b8?w=400,Women's Clothing,ChicWear,$88.99
B01HBJW7HQ,Luxury Leather Brooch,https://images.unsplash.com/photo-1535632066927-ab7c9ab60908?w=400,Jewelry,LuxeJewel,$68.99
B00W8V2YAI,Luxury Synthetic Earrings,https://images.unsplash.com/photo-1535632066927-ab7c9ab60908?w=400,Jewelry,LuxeJewel,$82.99
B00LMUA6C4,Trendy Knit T-Shirt,https://images.unsplash.com/photo-1586790170083-2f9ceadc732d?w=400,Men's Clothing,UrbanGent,$41.99
B011OWJ2BA,Classic Suede Pants,https://images.unsplash.com/photo-1595777457583-95e059d581b8?w=400,Women's Clothing,ChicWear,$81.99
B003KK381K,Designer Cotton Gloves,https://images.unsplash.com/photo-1492707892479-7bc8d5a4ee93?w=400,Accessories,TrendyBits,$125.99
B0143HKDV6,Essential Printed Crossbody,https://images.unsplash.com/photo-1553062407-98eeb64c6a62?w=400,Bags & Luggage,BagMaster,$63.99
B00GLR3ZHG,Stylish Solid Sandals,https://images.unsplash.com/photo-1542291026-7eec264c27ff?w=400,Footwear,WalkEasy,$115.99
B01GB858QA,Elegant Silk Pendant,https://images.unsplash.com/photo-1535632066927-ab7c9ab60908?w=400,Jewelry,LuxeJewel,$64.99
B00VRC5J1K,Modern Silk Jeans,https://images.unsplash.com/photo-1586790170083-2f9ceadc732d?w=400,Men's Clothing,UrbanGent,$23.99
B013JQAWYU,Essential Solid Crossbody,https://images.unsplash.com/photo-1553062407-98eeb64c6a62?w=400,Bags & Luggage,BagMaster,$117.99
B00GXUAC7W,Stylish Suede Running Shoes,https://images.unsplash.com/photo-1542291026-7eec264c27ff?w=400,Footwear,WalkEasy,$168.99
B01D9SQVPC,Elegant Wool Necklace,https://images.unsplash.com/photo-1535632066927-ab7c9ab60908?w=400,Jewelry,LuxeJewel,$232.99
B00LXND6JU,Comfortable Wool Skirt,https://images.unsplash.com/photo-1595777457583-95e059d581b8?w=400,Women's Clothing,ChicWear,$112.99
B003950BDY,Luxury Cotton Earrings,https://images.unsplash.com/photo-1535632066927-ab7c9ab60908?w=400,Jewelry,LuxeJewel,$228.99
B00ROT0D1G,Comfortable Knit Dress,https://images.unsplash.com/photo-1595777457583-95e059d581b8?w=400,Women's Clothing,ChicWear,$95.99
B00KE1G2MA,Stylish Synthetic Sandals,https://images.unsplash.com/photo-1542291026-7eec264c27ff?w=400,Footwear,WalkEasy,$85.99
B00H3REQCG,Trendy Knit Hoodie,https://images.unsplash.com/photo-1586790170083-2f9ceadc732d?w=400,Men's Clothing,UrbanGent,$77.99
B00G2EBC7I,Trendy Cotton Hoodie,https://images.unsplash.com/photo-1586790170083-2f9ceadc732d?w=400,Men's Clothing,UrbanGent,$117.99
B017IOPIK2,Stylish Canvas Running Shoes,https://images.unsplash.com/photo-1542291026-7eec264c27ff?w=400,Footwear,WalkEasy,$44.99
B0017LD0BM,Stylish Suede Running Shoes,https://images.unsplash.com/photo-1542291026-7eec264c27ff?w=400,Footwear,WalkEasy,$77.99
B017XBKO90,Comfortable Woven Dress,https://images.unsplash.com/photo-1595777457583-95e059d581b8?w=400,Women's Clothing,ChicWear,$90.99
B019L9JL8W,Essential Knit Messenger Bag,https://images.unsplash.com/photo-1553062407-98eeb64c6a62?w=400,Bags & Luggage,BagMaster,$249.99
B00TEMYTBG,Premium Denim Wallet,https://images.unsplash.com/photo-1492707892479-7bc8d5a4ee93?w=400,Accessories,TrendyBits,$176.99
B00NQLSO30,Vintage Suede Sneakers,https://images.unsplash.com/photo-1542291026-7eec264c27ff?w=400,Footwear,WalkEasy,$132.99
B016NWTSO2,Vintage Leather Sneakers,https://images.unsplash.com/photo-1542291026-7eec264c27ff?w=400,Footwear,WalkEasy,$92.99
B013H2AC6Y,Premium Silk Tie,https://images.unsplash.com/photo-1492707892479-7bc8d5a4ee93?w=400,Accessories,TrendyBits,$109.99
B015QEDW7W,Luxury Synthetic Brooch,https://images.unsplash.com/photo-1535632066927-ab7c9ab60908?w=400,Jewelry,LuxeJewel,$210.99
B00F3WNMVE,Classic Knit Dress,https://images.unsplash.com/photo-1595777457583-95e059d581b8?w=400,Women's Clothing,ChicWear,$25.99
B00R7KRLOE,Comfortable Leather Pants,https://images.unsplash.com/photo-1595777457583-95e059d581b8?w=400,Women's Clothing,ChicWear,$61.99
B006ZUA9Y6,Stylish Printed Running Shoes,https://images.unsplash.com/photo-1542291026-7eec264c27ff?w=400,Footwear,WalkEasy,$99.99
B004ZJYURQ,Stylish Cotton Sandals,https://images.unsplash.com/photo-1542291026-7eec264c27ff?w=400,Footwear,WalkEasy,$42.99
B00NHY5OBQ,Trendy Silk T-Shirt,https://images.unsplash.com/photo-1586790170083-2f9ceadc732d?w=400,Men's Clothing,UrbanGent,$21.99
B006RA1JC0,Stylish Solid Running Shoes,https://images.unsplash.com/photo-1542291026-7eec264c27ff?w=400,Footwear,WalkEasy,$165.99
B00PJIANGY,Comfortable Suede Skirt,https://images.unsplash.com/photo-1595777457583-95e059d581b8?w=400,Women's Clothing,ChicWear,$112.99
B00WUC6V2W,Comfortable Woven Dress,https://images.unsplash.com/photo-1595777457583-95e059d581b8?w=400,Women's Clothing,ChicWear,$85.99
B00HBBZPWE,Premium Printed Watch,https://images.unsplash.com/photo-1492707892479-7bc8d5a4ee93?w=400,Accessories,TrendyBits,$52.99
B011QFAG8I,Essential Suede Crossbody,https://images.unsplash.com/photo-1553062407-98eeb64c6a62?w=400,Bags & Luggage,BagMaster,$237.99
B00LOMCIDU,Stylish Synthetic Sandals,https://images.unsplash.com/photo-1542291026-7eec264c27ff?w=400,Footwear,WalkEasy,$46.99
B01FLAT8C4,Luxury Solid Brooch,https://images.unsplash.com/photo-1535632066927-ab7c9ab60908?w=400,Jewelry,LuxeJewel,$382.99
B00KA3VO3O,Stylish Woven Running Shoes,https://images.unsplash.com/photo-1542291026-7eec264c27ff?w=400,Footwear,WalkEasy,$144.99
B01DPXEXVK,Premium Canvas Watch,https://images.unsplash.com/photo-1492707892479-7bc8d5a4ee93?w=400,Accessories,TrendyBits,$77.99
B00VRGTOIU,Casual Canvas Suitcase,https://images.unsplash.com/photo-1553062407-98eeb64c6a62?w=400,Bags & Luggage,BagMaster,$189.99
B00QS7ECT4,Casual Leather Handbag,https://images.unsplash.com/photo-1553062407-98eeb64c6a62?w=400,Bags & Luggage,BagMaster,$81.99
B00YAFWAAO,Modern Leather Hoodie,https://images.unsplash.com/photo-1586790170083-2f9ceadc732d?w=400,Men's Clothing,UrbanGent,$77.99
B00BY0FY9M,Premium Knit Watch,https://images.unsplash.com/photo-1492707892479-7bc8d5a4ee93?w=400,Accessories,TrendyBits,$162.99
B0071Q7072,Comfortable Cotton Jacket,https://images.unsplash.com/photo-1595777457583-95e059d581b8?w=400,Women's Clothing,ChicWear,$43.99
B01GDUOHS6,Essential Synthetic Crossbody,https://images.unsplash.com/photo-1553062407-98eeb64c6a62?w=400,Bags & Luggage,BagMaster,$207.99
B00C0W5USS,Trendy Canvas Hoodie,https://images.unsplash.com/photo-1586790170083-2f9ceadc732d?w=400,Men's Clothing,UrbanGent,$147.99
B019O663AG,Modern Cotton Jeans,https://images.unsplash.com/photo-1586790170083-2f9ceadc732d?w=400,Men's Clothing,UrbanGent,$103.99
B018X66SP8,Luxury Cotton Brooch,https://images.unsplash.com/photo-1535632066927-ab7c9ab60908?w=400,Jewelry,LuxeJewel,$342.99
B0173OBEOQ,Luxury Knit Earrings,https://images.unsplash.com/photo-1535632066927-ab7c9ab60908?w=400,Jewelry,LuxeJewel,$298.99
B01G3M87KS,Elegant Silk Pendant,https://images.unsplash.com/photo-1535632066927-ab7c9ab60908?w=400,Jewelry,LuxeJewel,$158.99
B00JFCB90E,Vintage Silk Sneakers,https://images.unsplash.com/photo-1542291026-7eec264c27ff?w=400,Footwear,WalkEasy,$39.99
B01D4C0NWU,Essential Leather Crossbody,https://images.unsplash.com/photo-1553062407-98eeb64c6a62?w=400,Bags & Luggage,BagMaster,$219.99
B01B1TX3D4,Trendy Printed Jeans,https://images.unsplash.com/photo-1586790170083-2f9ceadc732d?w=400,Men's Clothing,UrbanGent,$83.99
B00O9DY56Y,Modern Printed Jeans,https://images.unsplash.com/photo-1586790170083-2f9ceadc732d?w=400,Men's Clothing,UrbanGent,$113.99
B00WDQVOBI,Comfortable Silk Jacket,https://images.unsplash.com/photo-1595777457583-95e059d581b8?w=400,Women's Clothing,ChicWear,$78.99
B01AUYK33Y,Stylish Cotton Sandals,https://images.unsplash.com/photo-1542291026-7eec264c27ff?w=400,Footwear,WalkEasy,$46.99
B00ZLSJ7IW,Vintage Solid Flats,https://images.unsplash.com/photo-1542291026-7eec264c27ff?w=400,Footwear,WalkEasy,$106.99
B013LAOF4W,Casual Cotton Suitcase,https://images.unsplash.com/photo-1553062407-98eeb64c6a62?w=400,Bags & Luggage,BagMaster,$129.99
B019PC3GUO,Stylish Woven Sandals,https://images.unsplash.com/photo-1542291026-7eec264c27ff?w=400,Footwear,WalkEasy,$128.99
B00MTFXHXQ,Comfortable Suede Cardigan,https://images.unsplash.com/photo-1595777457583-95e059d581b8?w=400,Women's Clothing,ChicWear,$54.99
B00S043ZAK,Essential Wool Messenger Bag,https://images.unsplash.com/photo-1553062407-98eeb64c6a62?w=400,Bags & Luggage,BagMaster,$237.99
B00PV2W9O2,Luxury Silk Brooch,https://images.unsplash.com/photo-1535632066927-ab7c9ab60908?w=400,Jewelry,LuxeJewel,$480.99
B0083QBJ1W,Comfortable Cotton Pants,https://images.unsplash.com/photo-1595777457583-95e059d581b8?w=400,Women's Clothing,ChicWear,$86.99
B00X6SCTJI,Stylish Cotton Sandals,https://images.unsplash.com/photo-1542291026-7eec264c27ff?w=400,Footwear,WalkEasy,$149.99
B016BAYARQ,Classic Silk Cardigan,https://images.unsplash.com/photo-1595777457583-95e059d581b8?w=400,Women's Clothing,ChicWear,$109.99
B01B0DT664,Classic Cotton Jacket,https://images.unsplash.com/photo-1595777457583-95e059d581b8?w=400,Women's Clothing,ChicWear,$68.99
B0143UT1QQ,Vintage Synthetic Flats,https://images.unsplash.com/photo-1542291026-7eec264c27ff?w=400,Footwear,WalkEasy,$91.99
B01BNQ1MUQ,Luxury Knit Brooch,https://images.unsplash.com/photo-1535632066927-ab7c9ab60908?w=400,Jewelry,LuxeJewel,$456.99
B017AT2SYO,Essential Solid Messenger Bag,https://images.unsplash.com/photo-1553062407-98eeb64c6a62?w=400,Bags & Luggage,BagMaster,$111.99
B00UM52ZR4,Comfortable Woven Dress,https://images.unsplash.com/photo-1595777457583-95e059d581b8?w=400,Women's Clothing,ChicWear,$70.99
B01DP47PZU,Elegant Suede Pendant,https://images.unsplash.com/photo-1535632066927-ab7c9ab60908?w=400,Jewelry,LuxeJewel,$70.99
B01GVE5UIK,Essential Solid Crossbody,https://images.unsplash.com/photo-1553062407-98eeb64c6a62?w=400,Bags & Luggage,BagMaster,$237.99
B01FO04LGE,Comfortable Silk Jacket,https://images.unsplash.com/photo-1595777457583-95e059d581b8?w=400,Women's Clothing,ChicWear,$78.99
B005TJDWBG,Modern Wool Jeans,https://images.unsplash.com/photo-1586790170083-2f9ceadc732d?w=400,Men's Clothing,UrbanGent,$63.99
B005M2OROG,Comfortable Woven Dress,https://images.unsplash.com/photo-1595777457583-95e059d581b8?w=400,Women's Clothing,ChicWear,$45.99
B00WHM1NB4,Vintage Solid Sneakers,https://images.unsplash.com/photo-1542291026-7eec264c27ff?w=400,Footwear,WalkEasy,$79.99
B016P3G8MO,Stylish Suede Sandals,https://images.unsplash.com/photo-1542291026-7eec264c27ff?w=400,Footwear,WalkEasy,$85.99
B00I0V6956,Luxury Printed Earrings,https://images.unsplash.com/photo-1535632066927-ab7c9ab60908?w=400,Jewelry,LuxeJewel,$458.99
B00QN375LA,Trendy Denim Jeans,https://images.unsplash.com/photo-1586790170083-2f9ceadc732d?w=400,Men's Clothing,UrbanGent,$123.99
B005GCMUIC,Essential Leather Messenger Bag,https://images.unsplash.com/photo-1553062407-98eeb64c6a62?w=400,Bags & Luggage,BagMaster,$201.99
B00HRDEP72,Essential Suede Messenger Bag,https://images.unsplash.com/photo-1553062407-98eeb64c6a62?w=400,Bags & Luggage,BagMaster,$177.99
B00RNH2LA0,Designer Solid Hat,https://images.unsplash.com/photo-1492707892479-7bc8d5a4ee93?w=400,Accessories,TrendyBits,$33.99
B016D446WY,Classic Silk Jacket,https://images.unsplash.com/photo-1595777457583-95e059d581b8?w=400,Women's Clothing,ChicWear,$118.99
B00LEEQLD6,Modern Solid Suit,https://images.unsplash.com/photo-1586790170083-2f9ceadc732d?w=400,Men's Clothing,UrbanGent,$99.99
B00OIHLZXC,Stylish Knit Sandals,https://images.unsplash.com/photo-1542291026-7eec264c27ff?w=400,Footwear,WalkEasy,$175.99
B01C5YQ0R0,Casual Synthetic Handbag,https://images.unsplash.com/photo-1553062407-98eeb64c6a62?w=400,Bags & Luggage,BagMaster,$129.99
B00KVMHBZO,Luxury Solid Brooch,https://images.unsplash.com/photo-1535632066927-ab7c9ab60908?w=400,Jewelry,LuxeJewel,$384.99
B00M2OHGO0,Designer Knit Watch,https://images.unsplash.com/photo-1492707892479-7bc8d5a4ee93?w=400,Accessories,TrendyBits,$122.99
B014QTRN96,Designer Leather Gloves,https://images.unsplash.com/photo-1492707892479-7bc8d5a4ee93?w=400,Accessories,TrendyBits,$35.99
B01G779HOE,Trendy Suede Suit,https://images.unsplash.com/photo-1586790170083-2f9ceadc732d?w=400,Men's Clothing,UrbanGent,$109.99
B00B8CN1G4,Elegant Suede Pendant,https://images.unsplash.com/photo-1535632066927-ab7c9ab60908?w=400,Jewelry,LuxeJewel,$336.99
B015EY6NFC,Designer Leather Wallet,https://images.unsplash.com/photo-1492707892479-7bc8d5a4ee93?w=400,Accessories,TrendyBits,$196.99
B0163RUBT8,Essential Solid Messenger Bag,https://images.unsplash.com/photo-1553062407-98eeb64c6a62?w=400,Bags & Luggage,BagMaster,$81.99
B00EKN4PIG,Luxury Knit Earrings,https://images.unsplash.com/photo-1535632066927-ab7c9ab60908?w=400,Jewelry,LuxeJewel,$312.99
B018IK5U9Y,Vintage Leather Flats,https://images.unsplash.com/photo-1542291026-7eec264c27ff?w=400,Footwear,WalkEasy,$124.99
B00GKC1P9M,Casual Canvas Suitcase,https://images.unsplash.com/photo-1553062407-98eeb64c6a62?w=400,Bags & Luggage,BagMaster,$87.99
B01BHSBSFE,Classic Solid Dress,https://images.unsplash.com/photo-1595777457583-95e059d581b8?w=400,Women's Clothing,ChicWear,$90.99
B000NBIMY2,Casual Synthetic Suitcase,https://images.unsplash.com/photo-1553062407-98eeb64c6a62?w=400,Bags & Luggage,BagMaster,$93.99
B00OFSFDHI,Essential Canvas Crossbody,https://images.unsplash.com/photo-1553062407-98eeb64c6a62?w=400,Bags & Luggage,BagMaster,$63.99
B017WSDT4Q,Designer Printed Hat,https://images.unsplash.com/photo-1492707892479-7bc8d5a4ee93?w=400,Accessories,TrendyBits,$78.99
B00U1S2KLI,Classic Solid Jacket,https://images.unsplash.com/photo-1595777457583-95e059d581b8?w=400,Women's Clothing,ChicWear,$48.99
B00KA3VEG6,Luxury Suede Brooch,https://images.unsplash.com/photo-1535632066927-ab7c9ab60908?w=400,Jewelry,LuxeJewel,$180.99
B00NUOTS1A,Essential Canvas Crossbody,https://images.unsplash.com/photo-1553062407-98eeb64c6a62?w=400,Bags & Luggage,BagMaster,$201.99
B009NCHU7M,Modern Suede Jeans,https://images.unsplash.com/photo-1586790170083-2f9ceadc732d?w=400,Men's Clothing,UrbanGent,$33.99
B00D9B7FOQ,Casual Woven Handbag,https://images.unsplash.com/photo-1553062407-98eeb64c6a62?w=400,Bags & Luggage,BagMaster,$129.99
B00AMM2SUQ,Stylish Wool Running Shoes,https://images.unsplash.com/photo-1542291026-7eec264c27ff?w=400,Footwear,WalkEasy,$127.99
B01H28MH6M,Stylish Woven Sandals,https://images.unsplash.com/photo-1542291026-7eec264c27ff?w=400,Footwear,WalkEasy,$177.99
B00J8PY3JC,Trendy Canvas Hoodie,https://images.unsplash.com/photo-1586790170083-2f9ceadc732d?w=400,Men's Clothing,UrbanGent,$127.99
B001459CVS,Vintage Cotton Sneakers,https://images.unsplash.com/photo-1542291026-7eec264c27ff?w=400,Footwear,WalkEasy,$107.99
B00K65MNE0,Premium Synthetic Wallet,https://images.unsplash.com/photo-1492707892479-7bc8d5a4ee93?w=400,Accessories,TrendyBits,$111.99
B00CR6WJA4,Designer Denim Watch,https://images.unsplash.com/photo-1492707892479-7bc8d5a4ee93?w=400,Accessories,TrendyBits,$182.99
B00LCHB9KU,Trendy Denim Hoodie,https://images.unsplash.com/photo-1586790170083-2f9ceadc732d?w=400,Men's Clothing,UrbanGent,$147.99
B01AULINZC,Stylish Leather Running Shoes,https://images.unsplash.com/photo-1542291026-7eec264c27ff?w=400,Footwear,WalkEasy,$120.99
B010GMN7TM,Vintage Printed Sneakers,https://images.unsplash.com/photo-1542291026-7eec264c27ff?w=400,Footwear,WalkEasy,$88.99
B00R3YTYSA,Luxury Suede Earrings,https://images.unsplash.com/photo-1535632066927-ab7c9ab60908?w=400,Jewelry,LuxeJewel,$374.99
B00IE0ZHBU,Elegant Woven Necklace,https://images.unsplash.com/photo-1535632066927-ab7c9ab60908?w=400,Jewelry,LuxeJewel,$332.99
B00F4CJCBW,Vintage Synthetic Flats,https://images.unsplash.com/photo-1542291026-7eec264c27ff?w=400,Footwear,WalkEasy,$89.99
B01B2R7NW2,Casual Suede Handbag,https://images.unsplash.com/photo-1553062407-98eeb64c6a62?w=400,Bags & Luggage,BagMaster,$183.99
B00AJYYIVY,Stylish Canvas Sandals,https://images.unsplash.com/photo-1542291026-7eec264c27ff?w=400,Footwear,WalkEasy,$114.99
B00ZVFQRGK,Casual Leather Suitcase,https://images.unsplash.com/photo-1553062407-98eeb64c6a62?w=400,Bags & Luggage,BagMaster,$177.99
B00RO6B30E,Essential Silk Messenger Bag,https://images.unsplash.com/photo-1553062407-98eeb64c6a62?w=400,Bags & Luggage,BagMaster,$129.99
B00FPRRZU6,Luxury Canvas Brooch,https://images.unsplash.com/photo-1535632066927-ab7c9ab60908?w=400,Jewelry,LuxeJewel,$446.99
B00Q5W1K4W,Casual Silk Suitcase,https://images.unsplash.com/photo-1553062407-98eeb64c6a62?w=400,Bags & Luggage,BagMaster,$117.99
B00RNQBLIE,Essential Knit Crossbody,https://images.unsplash.com/photo-1553062407-98eeb64c6a62?w=400,Bags & Luggage,BagMaster,$135.99
B00156BAYS,Premium Printed Hat,https://images.unsplash.com/photo-1492707892479-7bc8d5a4ee93?w=400,Accessories,TrendyBits,$178.99
B01GGEQSWM,Comfortable Canvas Pants,https://images.unsplash.com/photo-1595777457583-95e059d581b8?w=400,Women's Clothing,ChicWear,$46.99
B017VONJ96,Stylish Solid Sandals,https://images.unsplash.com/photo-1542291026-7eec264c27ff?w=400,Footwear,WalkEasy,$99.99
B00VF8ZYX4,Designer Leather Hat,https://images.unsplash.com/photo-1492707892479-7bc8d5a4ee93?w=400,Accessories,TrendyBits,$108.99
B00EFJKGIS,Designer Denim Wallet,https://images.unsplash.com/photo-1492707892479-7bc8d5a4ee93?w=400,Accessories,TrendyBits,$51.99
B00N2Q7BPQ,Vintage Denim Sneakers,https://images.unsplash.com/photo-1542291026-7eec264c27ff?w=400,Footwear,WalkEasy,$136.99
B00I8JLZI6,Premium Suede Gloves,https://images.unsplash.com/photo-1492707892479-7bc8d5a4ee93?w=400,Accessories,TrendyBits,$130.99
B0099SK6AS,Premium Knit Wallet,https://images.unsplash.com/photo-1492707892479-7bc8d5a4ee93?w=400,Accessories,TrendyBits,$166.99
B003BTR9SI,Designer Solid Hat,https://images.unsplash.com/photo-1492707892479-7bc8d5a4ee93?w=400,Accessories,TrendyBits,$63.99
B004XACUZQ,Luxury Synthetic Earrings,https://images.unsplash.com/photo-1535632066927-ab7c9ab60908?w=400,Jewelry,LuxeJewel,$356.99
B00WO1DIV6,Trendy Wool Jeans,https://images.unsplash.com/photo-1586790170083-2f9ceadc732d?w=400,Men's Clothing,UrbanGent,$73.99
B0123RYVRA,Essential Printed Crossbody,https://images.unsplash.com/photo-1553062407-98eeb64c6a62?w=400,Bags & Luggage,BagMaster,$117.99
B018UPEFUM,Premium Cotton Wallet,https://images.unsplash.com/photo-1492707892479-7bc8d5a4ee93?w=400,Accessories,TrendyBits,$86.99
B010E7Q5K2,Essential Canvas Messenger Bag,https://images.unsplash.com/photo-1553062407-98eeb64c6a62?w=400,Bags & Luggage,BagMaster,$177.99
B00BV1YRJM,Premium Wool Hat,https://images.unsplash.com/photo-1492707892479-7bc8d5a4ee93?w=400,Accessories,TrendyBits,$163.99
B00DHCZVMK,Luxury Woven Earrings,https://images.unsplash.com/photo-1535632066927-ab7c9ab60908?w=400,Jewelry,LuxeJewel,$236.99
B00BLXHVMU,Stylish Suede Sandals,https://images.unsplash.com/photo-1542291026-7eec264c27ff?w=400,Footwear,WalkEasy,$157.99
B00UWUH3P8,Essential Synthetic Crossbody,https://images.unsplash.com/photo-1553062407-98eeb64c6a62?w=400,Bags & Luggage,BagMaster,$177.99
B0184ZXDWY,Premium Solid Tie,https://images.unsplash.com/photo-1492707892479-7bc8d5a4ee93?w=400,Accessories,TrendyBits,$54.99
B01CUACR8K,Casual Silk Handbag,https://images.unsplash.com/photo-1553062407-98eeb64c6a62?w=400,Bags & Luggage,BagMaster,$237.99
B015QUOOGO,Stylish Suede Running Shoes,https://images.unsplash.com/photo-1542291026-7eec264c27ff?w=400,Footwear,WalkEasy,$70.99
B00VYB26YW,Casual Knit Suitcase,https://images.unsplash.com/photo-1553062407-98eeb64c6a62?w=400,Bags & Luggage,BagMaster,$165.99
B01EG4VOGY,Elegant Leather Pendant,https://images.unsplash.com/photo-1535632066927-ab7c9ab60908?w=400,Jewelry,LuxeJewel,$138.99
B017LUDR8I,Comfortable Knit Cardigan,https://images.unsplash.com/photo-1595777457583-95e059d581b8?w=400,Women's Clothing,ChicWear,$59.99
B01CZ9CWGS,Vintage Silk Flats,https://images.unsplash.com/photo-1542291026-7eec264c27ff?w=400,Footwear,WalkEasy,$56.99
B016APZY0E,Trendy Cotton Suit,https://images.unsplash.com/photo-1586790170083-2f9ceadc732d?w=400,Men's Clothing,UrbanGent,$29.99
B00KB90Z0K,Premium Wool Wallet,https://images.unsplash.com/photo-1492707892479-7bc8d5a4ee93?w=400,Accessories,TrendyBits,$51.99
B00XHQJFHS,Trendy Synthetic Jacket,https://images.unsplash.com/photo-1586790170083-2f9ceadc732d?w=400,Men's Clothing,UrbanGent,$115.99
B007F55UGW,Classic Suede Dress,https://images.unsplash.com/photo-1595777457583-95e059d581b8?w=400,Women's Clothing,ChicWear,$90.99
B00CTCWCXK,Elegant Printed Necklace,https://images.unsplash.com/photo-1535632066927-ab7c9ab60908?w=400,Jewelry,LuxeJewel,$108.99
B00TBGAFEA,Designer Leather Watch,https://images.unsplash.com/photo-1492707892479-7bc8d5a4ee93?w=400,Accessories,TrendyBits,$157.99
B00JRBOPDQ,Modern Canvas Suit,https://images.unsplash.com/photo-1586790170083-2f9ceadc732d?w=400,Men's Clothing,UrbanGent,$89.99
B0130VCVP2,Comfortable Canvas Pants,https://images.unsplash.com/photo-1595777457583-95e059d581b8?w=400,Women's Clothing,ChicWear,$86.99
B00WH1D9TO,Trendy Printed T-Shirt,https://images.unsplash.com/photo-1586790170083-2f9ceadc732d?w=400,Men's Clothing,UrbanGent,$51.99
B00N616DGA,Essential Woven Messenger Bag,https://images.unsplash.com/photo-1553062407-98eeb64c6a62?w=400,Bags & Luggage,BagMaster,$135.99
B00PJ7UZ0O,Classic Suede Skirt,https://images.unsplash.com/photo-1595777457583-95e059d581b8?w=400,Women's Clothing,ChicWear,$27.99
B01CWPKDFC,Comfortable Solid Cardigan,https://images.unsplash.com/photo-1595777457583-95e059d581b8?w=400,Women's Clothing,ChicWear,$54.99
B01FX9UVBA,Trendy Knit Jeans,https://images.unsplash.com/photo-1586790170083-2f9ceadc732d?w=400,Men's Clothing,UrbanGent,$73.99
B01EL9BQ1M,Designer Solid Wallet,https://images.unsplash.com/photo-1492707892479-7bc8d5a4ee93?w=400,Accessories,TrendyBits,$31.99
B00V54SC7I,Trendy Solid Jacket,https://images.unsplash.com/photo-1586790170083-2f9ceadc732d?w=400,Men's Clothing,UrbanGent,$115.99
B00DQW0XBA,Comfortable Wool Skirt,https://images.unsplash.com/photo-1595777457583-95e059d581b8?w=400,Women's Clothing,ChicWear,$57.99
B00K2QLYKM,Vintage Wool Flats,https://images.unsplash.com/photo-1542291026-7eec264c27ff?w=400,Footwear,WalkEasy,$83.99
B00P7B8Z2M,Stylish Synthetic Sandals,https://images.unsplash.com/photo-1542291026-7eec264c27ff?w=400,Footwear,WalkEasy,$100.99
B009KM5FUE,Comfortable Cotton Jacket,https://images.unsplash.com/photo-1595777457583-95e059d581b8?w=400,Women's Clothing,ChicWear,$98.99
B01EIJOFTA,Trendy Wool Suit,https://images.unsplash.com/photo-1586790170083-2f9ceadc732d?w=400,Men's Clothing,UrbanGent,$109.99
B00X92BSNY,Comfortable Knit Cardigan,https://images.unsplash.com/photo-1595777457583-95e059d581b8?w=400,Women's Clothing,ChicWear,$119.99
B01HC7ZP1M,Designer Solid Gloves,https://images.unsplash.com/photo-1492707892479-7bc8d5a4ee93?w=400,Accessories,TrendyBits,$110.99
B01DU6V6SA,Trendy Silk Suit,https://images.unsplash.com/photo-1586790170083-2f9ceadc732d?w=400,Men's Clothing,UrbanGent,$139.99
B01A5UFPNG,Casual Knit Handbag,https://images.unsplash.com/photo-1553062407-98eeb64c6a62?w=400,Bags & Luggage,BagMaster,$219.99
B0012Q9BOW,Essential Synthetic Messenger Bag,https://images.unsplash.com/photo-1553062407-98eeb64c6a62?w=400,Bags & Luggage,BagMaster,$129.99
B018FCFDWO,Essential Synthetic Crossbody,https://images.unsplash.com/photo-1553062407-98eeb64c6a62?w=400,Bags & Luggage,BagMaster,$69.99
B00JDAXKT6,Comfortable Leather Pants,https://images.unsplash.com/photo-1595777457583-95e059d581b8?w=400,Women's Clothing,ChicWear,$86.99
B00NF3SWYU,Modern Knit Suit,https://images.unsplash.com/photo-1586790170083-2f9ceadc732d?w=400,Men's Clothing,UrbanGent,$89.99
B01FFCDNNS,Trendy Knit T-Shirt,https://images.unsplash.com/photo-1586790170083-2f9ceadc732d?w=400,Men's Clothing,UrbanGent,$131.99
B00ZRBS36K,Elegant Solid Necklace,https://images.unsplash.com/photo-1535632066927-ab7c9ab60908?w=400,Jewelry,LuxeJewel,$54.99
B01BV5J0AS,Comfortable Woven Skirt,https://images.unsplash.com/photo-1595777457583-95e059d581b8?w=400,Women's Clothing,ChicWear,$57.99
B00BIZUBPK,Luxury Leather Earrings,https://images.unsplash.com/photo-1535632066927-ab7c9ab60908?w=400,Jewelry,LuxeJewel,$184.99
B00KYKDSYQ,Classic Suede Skirt,https://images.unsplash.com/photo-1595777457583-95e059d581b8?w=400,Women's Clothing,ChicWear,$67.99
B018670U3K,Essential Leather Crossbody,https://images.unsplash.com/photo-1553062407-98eeb64c6a62?w=400,Bags & Luggage,BagMaster,$225.99
B00EC5Y66S,Vintage Silk Flats,https://images.unsplash.com/photo-1542291026-7eec264c27ff?w=400,Footwear,WalkEasy,$100.99
B00GOQ3YWA,Luxury Knit Brooch,https://images.unsplash.com/photo-1535632066927-ab7c9ab60908?w=400,Jewelry,LuxeJewel,$266.99
B01BUCDHGU,Designer Leather Hat,https://images.unsplash.com/photo-1492707892479-7bc8d5a4ee93?w=400,Accessories,TrendyBits,$88.99
B01DTHA4F6,Casual Solid Suitcase,https://images.unsplash.com/photo-1553062407-98eeb64c6a62?w=400,Bags & Luggage,BagMaster,$237.99
B013LWG9XA,Classic Woven Cardigan,https://images.unsplash.com/photo-1595777457583-95e059d581b8?w=400,Women's Clothing,ChicWear,$49.99
B015UIV70I,Essential Canvas Messenger Bag,https://images.unsplash.com/photo-1553062407-98eeb64c6a62?w=400,Bags & Luggage,BagMaster,$243.99
B00Y35CINK,Essential Solid Crossbody,https://images.unsplash.com/photo-1553062407-98eeb64c6a62?w=400,Bags & Luggage,BagMaster,$57.99
B01DOTVP3Y,Vintage Synthetic Sneakers,https://images.unsplash.com/photo-1542291026-7eec264c27ff?w=400,Footwear,WalkEasy,$129.99
B00G62BWBC,Vintage Leather Flats,https://images.unsplash.com/photo-1542291026-7eec264c27ff?w=400,Footwear,WalkEasy,$69.99
B001SBJWT0,Trendy Canvas Jeans,https://images.unsplash.com/photo-1586790170083-2f9ceadc732d?w=400,Men's Clothing,UrbanGent,$93.99
B00S3482Q4,Elegant Printed Necklace,https://images.unsplash.com/photo-1535632066927-ab7c9ab60908?w=400,Jewelry,LuxeJewel,$460.99
B00LMU9NE6,Premium Woven Tie,https://images.unsplash.com/photo-1492707892479-7bc8d5a4ee93?w=400,Accessories,TrendyBits,$99.99
B00PF0RGIE,Luxury Wool Brooch,https://images.unsplash.com/photo-1535632066927-ab7c9ab60908?w=400,Jewelry,LuxeJewel,$396.99
B0104TQBKY,Trendy Cotton Jacket,https://images.unsplash.com/photo-1586790170083-2f9ceadc732d?w=400,Men's Clothing,UrbanGent,$25.99
B01AWLLDFC,Classic Solid Jacket,https://images.unsplash.com/photo-1595777457583-95e059d581b8?w=400,Women's Clothing,ChicWear,$78.99
B0018OKYXA,Premium Printed Watch,https://images.unsplash.com/photo-1492707892479-7bc8d5a4ee93?w=400,Accessories,TrendyBits,$72.99
B00B0CLBWS,Modern Knit T-Shirt,https://images.unsplash.com/photo-1586790170083-2f9ceadc732d?w=400,Men's Clothing,UrbanGent,$91.99
B01ABWOC6O,Essential Leather Messenger Bag,https://images.unsplash.com/photo-1553062407-98eeb64c6a62?w=400,Bags & Luggage,BagMaster,$231.99
B00SMES116,Designer Silk Watch,https://images.unsplash.com/photo-1492707892479-7bc8d5a4ee93?w=400,Accessories,TrendyBits,$187.99
B001KO9H5Y,Modern Silk Suit,https://images.unsplash.com/photo-1586790170083-2f9ceadc732d?w=400,Men's Clothing,UrbanGent,$109.99
B00C0ORAV6,Classic Solid Pants,https://images.unsplash.com/photo-1595777457583-95e059d581b8?w=400,Women's Clothing,ChicWear,$31.99
B00J5R7GXI,Casual Woven Suitcase,https://images.unsplash.com/photo-1553062407-98eeb64c6a62?w=400,Bags & Luggage,BagMaster,$129.99
B01DVHT77A,Elegant Printed Necklace,https://images.unsplash.com/photo-1535632066927-ab7c9ab60908?w=400,Jewelry,LuxeJewel,$100.99
B00KMTCDRW,Modern Knit T-Shirt,https://images.unsplash.com/photo-1586790170083-2f9ceadc732d?w=400,Men's Clothing,UrbanGent,$111.99
B018CZI1QO,Essential Suede Messenger Bag,https://images.unsplash.com/photo-1553062407-98eeb64c6a62?w=400,Bags & Luggage,BagMaster,$69.99
B00SM4YF34,Essential Printed Crossbody,https://images.unsplash.com/photo-1553062407-98eeb64c6a62?w=400,Bags & Luggage,BagMaster,$171.99
B00HSO8CIS,Stylish Printed Running Shoes,https://images.unsplash.com/photo-1542291026-7eec264c27ff?w=400,Footwear,WalkEasy,$67.99
B015SXWWQS,Designer Suede Watch,https://images.unsplash.com/photo-1492707892479-7bc8d5a4ee93?w=400,Accessories,TrendyBits,$62.99
B009DNQ00Y,Elegant Suede Pendant,https://images.unsplash.com/photo-1535632066927-ab7c9ab60908?w=400,Jewelry,LuxeJewel,$268.99
B01GAELOWC,Vintage Denim Flats,https://images.unsplash.com/photo-1542291026-7eec264c27ff?w=400,Footwear,WalkEasy,$64.99
B01BMUSHCY,Premium Suede Hat,https://images.unsplash.com/photo-1492707892479-7bc8d5a4ee93?w=400,Accessories,TrendyBits,$18.99
B001SBPP6Y,Stylish Solid Running Shoes,https://images.unsplash.com/photo-1542291026-7eec264c27ff?w=400,Footwear,WalkEasy,$153.99
B00SI5DGNW,Luxury Woven Brooch,https://images.unsplash.com/photo-1535632066927-ab7c9ab60908?w=400,Jewelry,LuxeJewel,$252.99
B000V588EO,Essential Woven Crossbody,https://images.unsplash.com/photo-1553062407-98eeb64c6a62?w=400,Bags & Luggage,BagMaster,$111.99
B01D9UBK0G,Modern Leather Suit,https://images.unsplash.com/photo-1586790170083-2f9ceadc732d?w=400,Men's Clothing,UrbanGent,$99.99
B01658BQVM,Designer Denim Tie,https://images.unsplash.com/photo-1492707892479-7bc8d5a4ee93?w=400,Accessories,TrendyBits,$79.99
B00XTHCQV2,Vintage Leather Flats,https://images.unsplash.com/photo-1542291026-7eec264c27ff?w=400,Footwear,WalkEasy,$101.99
B014ROOCSA,Modern Knit Jeans,https://images.unsplash.com/photo-1586790170083-2f9ceadc732d?w=400,Men's Clothing,UrbanGent,$123.99
B01F1W1JM4,Classic Woven Cardigan,https://images.unsplash.com/photo-1595777457583-95e059d581b8?w=400,Women's Clothing,ChicWear,$89.99
B004XMJFF2,Stylish Solid Running Shoes,https://images.unsplash.com/photo-1542291026-7eec264c27ff?w=400,Footwear,WalkEasy,$140.99
B011I12NMW,Vintage Leather Flats,https://images.unsplash.com/photo-1542291026-7eec264c27ff?w=400,Footwear,WalkEasy,$160.99
B0183R419M,Essential Leather Crossbody,https://images.unsplash.com/photo-1553062407-98eeb64c6a62?w=400,Bags & Luggage,BagMaster,$57.99
B015QSQU2W,Designer Leather Watch,https://images.unsplash.com/photo-1492707892479-7bc8d5a4ee93?w=400,Accessories,TrendyBits,$92.99
B00UCYEURI,Stylish Denim Sandals,https://images.unsplash.com/photo-1542291026-7eec264c27ff?w=400,Footwear,WalkEasy,$143.99
B00O4CXUHK,Premium Cotton Gloves,https://images.unsplash.com/photo-1492707892479-7bc8d5a4ee93?w=400,Accessories,TrendyBits,$185.99
B00XHI83QU,Premium Knit Watch,https://images.unsplash.com/photo-1492707892479-7bc8d5a4ee93?w=400,Accessories,TrendyBits,$192.99
B00ZBKCHY6,Elegant Knit Pendant,https://images.unsplash.com/photo-1535632066927-ab7c9ab60908?w=400,Jewelry,LuxeJewel,$230.99
B00N8NP9V6,Essential Wool Crossbody,https://images.unsplash.com/photo-1553062407-98eeb64c6a62?w=400,Bags & Luggage,BagMaster,$117.99
B018FCFDYW,Trendy Synthetic T-Shirt,https://images.unsplash.com/photo-1586790170083-2f9ceadc732d?w=400,Men's Clothing,UrbanGent,$101.99
B001O1NQFK,Premium Denim Gloves,https://images.unsplash.com/photo-1492707892479-7bc8d5a4ee93?w=400,Accessories,TrendyBits,$95.99
B00MG1HH1G,Casual Cotton Handbag,https://images.unsplash.com/photo-1553062407-98eeb64c6a62?w=400,Bags & Luggage,BagMaster,$75.99
B00IM2SNNY,Modern Cotton Jacket,https://images.unsplash.com/photo-1586790170083-2f9ceadc732d?w=400,Men's Clothing,UrbanGent,$115.99
B01H569DB8,Trendy Leather Jacket,https://images.unsplash.com/photo-1586790170083-2f9ceadc732d?w=400,Men's Clothing,UrbanGent,$135.99
B01B2AMYYG,Comfortable Cotton Skirt,https://images.unsplash.com/photo-1595777457583-95e059d581b8?w=400,Women's Clothing,ChicWear,$42.99
B00TGETC9Q,Vintage Leather Sneakers,https://images.unsplash.com/photo-1542291026-7eec264c27ff?w=400,Footwear,WalkEasy,$111.99
B00VY4JGSS,Designer Printed Watch,https://images.unsplash.com/photo-1492707892479-7bc8d5a4ee93?w=400,Accessories,TrendyBits,$102.99
B01DL9DR60,Trendy Printed T-Shirt,https://images.unsplash.com/photo-1586790170083-2f9ceadc732d?w=400,Men's Clothing,UrbanGent,$21.99
B00JFFO2OG,Luxury Denim Earrings,https://images.unsplash.com/photo-1535632066927-ab7c9ab60908?w=400,Jewelry,LuxeJewel,$192.99
B00MLO2PGA,Trendy Cotton Hoodie,https://images.unsplash.com/photo-1586790170083-2f9ceadc732d?w=400,Men's Clothing,UrbanGent,$97.99
B00JWZZFP4,Premium Woven Gloves,https://images.unsplash.com/photo-1492707892479-7bc8d5a4ee93?w=400,Accessories,TrendyBits,$145.99
B00P9QPOSS,Stylish Leather Running Shoes,https://images.unsplash.com/photo-1542291026-7eec264c27ff?w=400,Footwear,WalkEasy,$148.99
B015ZPHTYY,Modern Knit Suit,https://images.unsplash.com/photo-1586790170083-2f9ceadc732d?w=400,Men's Clothing,UrbanGent,$59.99
B004JK1M18,Essential Solid Messenger Bag,https://images.unsplash.com/photo-1553062407-98eeb64c6a62?w=400,Bags & Luggage,BagMaster,$207.99
B00BIZUBOG,Elegant Knit Pendant,https://images.unsplash.com/photo-1535632066927-ab7c9ab60908?w=400,Jewelry,LuxeJewel,$110.99
B017MS1OKC,Premium Synthetic Wallet,https://images.unsplash.com/photo-1492707892479-7bc8d5a4ee93?w=400,Accessories,TrendyBits,$116.99
B00ZQHBB8W,Designer Solid Gloves,https://images.unsplash.com/photo-1492707892479-7bc8d5a4ee93?w=400,Accessories,TrendyBits,$45.99
B00RXZS5OI,Designer Canvas Gloves,https://images.unsplash.com/photo-1492707892479-7bc8d5a4ee93?w=400,Accessories,TrendyBits,$60.99
B00CFR7FKE,Luxury Denim Earrings,https://images.unsplash.com/photo-1535632066927-ab7c9ab60908?w=400,Jewelry,LuxeJewel,$410.99
B00HD5IV0Q,Trendy Denim Suit,https://images.unsplash.com/photo-1586790170083-2f9ceadc732d?w=400,Men's Clothing,UrbanGent,$89.99
B01HFKK0P2,Premium Knit Watch,https://images.unsplash.com/photo-1492707892479-7bc8d5a4ee93?w=400,Accessories,TrendyBits,$52.99
B00ODYM494,Essential Printed Messenger Bag,https://images.unsplash.com/photo-1553062407-98eeb64c6a62?w=400,Bags & Luggage,BagMaster,$99.99
B00T11UAAY,Essential Canvas Messenger Bag,https://images.unsplash.com/photo-1553062407-98eeb64c6a62?w=400,Bags & Luggage,BagMaster,$51.99
B012WLLCGK,Designer Cotton Tie,https://images.unsplash.com/photo-1492707892479-7bc8d5a4ee93?w=400,Accessories,TrendyBits,$89.99
B0069UFFJG,Elegant Cotton Pendant,https://images.unsplash.com/photo-1535632066927-ab7c9ab60908?w=400,Jewelry,LuxeJewel,$364.99
B0057PIKAU,Premium Leather Wallet,https://images.unsplash.com/photo-1492707892479-7bc8d5a4ee93?w=400,Accessories,TrendyBits,$186.99
B00EIQUPX4,Modern Printed T-Shirt,https://images.unsplash.com/photo-1586790170083-2f9ceadc732d?w=400,Men's Clothing,UrbanGent,$111.99
B00L6CX97W,Premium Woven Wallet,https://images.unsplash.com/photo-1492707892479-7bc8d5a4ee93?w=400,Accessories,TrendyBits,$116.99
B00VAPT3NY,Essential Woven Messenger Bag,https://images.unsplash.com/photo-1553062407-98eeb64c6a62?w=400,Bags & Luggage,BagMaster,$225.99
B00MIBIL5K,Classic Printed Dress,https://images.unsplash.com/photo-1595777457583-95e059d581b8?w=400,Women's Clothing,ChicWear,$85.99
B00RYCCCQC,Designer Cotton Hat,https://images.unsplash.com/photo-1492707892479-7bc8d5a4ee93?w=400,Accessories,TrendyBits,$58.99
B014BEXZ20,Stylish Suede Running Shoes,https://images.unsplash.com/photo-1542291026-7eec264c27ff?w=400,Footwear,WalkEasy,$89.99
B017KPVK10,Stylish Denim Running Shoes,https://images.unsplash.com/photo-1542291026-7eec264c27ff?w=400,Footwear,WalkEasy,$68.99
B00G9GYUXC,Essential Knit Messenger Bag,https://images.unsplash.com/photo-1553062407-98eeb64c6a62?w=400,Bags & Luggage,BagMaster,$87.99
B00HF4N2UO,Trendy Leather T-Shirt,https://images.unsplash.com/photo-1586790170083-2f9ceadc732d?w=400,Men's Clothing,UrbanGent,$81.99
B010MQHDVK,Vintage Wool Sneakers,https://images.unsplash.com/photo-1542291026-7eec264c27ff?w=400,Footwear,WalkEasy,$90.99
B006GSY6B4,Comfortable Leather Jacket,https://images.unsplash.com/photo-1595777457583-95e059d581b8?w=400,Women's Clothing,ChicWear,$93.99
B00UYT221C,Designer Solid Hat,https://images.unsplash.com/photo-1492707892479-7bc8d5a4ee93?w=400,Accessories,TrendyBits,$18.99
B01EVLSGUE,Premium Wool Wallet,https://images.unsplash.com/photo-1492707892479-7bc8d5a4ee93?w=400,Accessories,TrendyBits,$61.99
B00ZR4I13C,Modern Wool Suit,https://images.unsplash.com/photo-1586790170083-2f9ceadc732d?w=400,Men's Clothing,UrbanGent,$99.99
B00NPUE9B8,Trendy Printed Hoodie,https://images.unsplash.com/photo-1586790170083-2f9ceadc732d?w=400,Men's Clothing,UrbanGent,$117.99
B0161H86G0,Trendy Silk Suit,https://images.unsplash.com/photo-1586790170083-2f9ceadc732d?w=400,Men's Clothing,UrbanGent,$49.99
B00G0L6VQU,Casual Knit Handbag,https://images.unsplash.com/photo-1553062407-98eeb64c6a62?w=400,Bags & Luggage,BagMaster,$111.99
B00BUROLDY,Casual Wool Suitcase,https://images.unsplash.com/photo-1553062407-98eeb64c6a62?w=400,Bags & Luggage,BagMaster,$81.99
B01DRSOU2U,Premium Printed Hat,https://images.unsplash.com/photo-1492707892479-7bc8d5a4ee93?w=400,Accessories,TrendyBits,$113.99
B00WVZSG9Y,Classic Suede Jacket,https://images.unsplash.com/photo-1595777457583-95e059d581b8?w=400,Women's Clothing,ChicWear,$48.99
B005LMTW6K,Luxury Solid Brooch,https://images.unsplash.com/photo-1535632066927-ab7c9ab60908?w=400,Jewelry,LuxeJewel,$428.99
B00OCA59LY,Modern Wool Hoodie,https://images.unsplash.com/photo-1586790170083-2f9ceadc732d?w=400,Men's Clothing,UrbanGent,$117.99
B01AFYSEDA,Comfortable Knit Pants,https://images.unsplash.com/photo-1595777457583-95e059d581b8?w=400,Women's Clothing,ChicWear,$56.99
B01H64ABQ0,Classic Silk Pants,https://images.unsplash.com/photo-1595777457583-95e059d581b8?w=400,Women's Clothing,ChicWear,$116.99
B01C7G54V4,Vintage Leather Sneakers,https://images.unsplash.com/photo-1542291026-7eec264c27ff?w=400,Footwear,WalkEasy,$62.99
B00H8AG1WQ,Comfortable Leather Skirt,https://images.unsplash.com/photo-1595777457583-95e059d581b8?w=400,Women's Clothing,ChicWear,$72.99
B00MQE2VIM,Luxury Woven Brooch,https://images.unsplash.com/photo-1535632066927-ab7c9ab60908?w=400,Jewelry,LuxeJewel,$140.99
B00C40SNX0,Stylish Cotton Running Shoes,https://images.unsplash.com/photo-1542291026-7eec264c27ff?w=400,Footwear,WalkEasy,$82.99
B01GIDZ282,Casual Canvas Handbag,https://images.unsplash.com/photo-1553062407-98eeb64c6a62?w=400,Bags & Luggage,BagMaster,$171.99
B0151AL8J0,Vintage Suede Sneakers,https://images.unsplash.com/photo-1542291026-7eec264c27ff?w=400,Footwear,WalkEasy,$112.99
B00SY4W0BG,Designer Solid Hat,https://images.unsplash.com/photo-1492707892479-7bc8d5a4ee93?w=400,Accessories,TrendyBits,$58.99
B00OGR17VY,Premium Solid Watch,https://images.unsplash.com/photo-1492707892479-7bc8d5a4ee93?w=400,Accessories,TrendyBits,$132.99
B00C0JPQPS,Classic Knit Pants,https://images.unsplash.com/photo-1595777457583-95e059d581b8?w=400,Women's Clothing,ChicWear,$61.99
B00OCA5BQW,Classic Cotton Dress,https://images.unsplash.com/photo-1595777457583-95e059d581b8?w=400,Women's Clothing,ChicWear,$25.99
B007HYZQZQ,Essential Synthetic Messenger Bag,https://images.unsplash.com/photo-1553062407-98eeb64c6a62?w=400,Bags & Luggage,BagMaster,$111.99
B016A7Z9NE,Elegant Cotton Pendant,https://images.unsplash.com/photo-1535632066927-ab7c9ab60908?w=400,Jewelry,LuxeJewel,$422.99
B00VHTTQNK,Vintage Knit Sneakers,https://images.unsplash.com/photo-1542291026-7eec264c27ff?w=400,Footwear,WalkEasy,$98.99
B01AY789DI,Trendy Cotton T-Shirt,https://images.unsplash.com/photo-1586790170083-2f9ceadc732d?w=400,Men's Clothing,UrbanGent,$31.99
B01ANF7VJO,Vintage Knit Sneakers,https://images.unsplash.com/photo-1542291026-7eec264c27ff?w=400,Footwear,WalkEasy,$40.99
B0169TA04Q,Stylish Solid Sandals,https://images.unsplash.com/photo-1542291026-7eec264c27ff?w=400,Footwear,WalkEasy,$64.99
B00J9A9R38,Comfortable Canvas Dress,https://images.unsplash.com/photo-1595777457583-95e059d581b8?w=400,Women's Clothing,ChicWear,$110.99
B01D2VI9LU,Elegant Canvas Pendant,https://images.unsplash.com/photo-1535632066927-ab7c9ab60908?w=400,Jewelry,LuxeJewel,$88.99
B00LTPQUJU,Premium Solid Hat,https://images.unsplash.com/photo-1492707892479-7bc8d5a4ee93?w=400,Accessories,TrendyBits,$198.99
B01H8ZRNYA,Modern Canvas Hoodie,https://images.unsplash.com/photo-1586790170083-2f9ceadc732d?w=400,Men's Clothing,UrbanGent,$47.99
B019G74YF4,Casual Suede Suitcase,https://images.unsplash.com/photo-1553062407-98eeb64c6a62?w=400,Bags & Luggage,BagMaster,$99.99
B01HHXAU2U,Designer Denim Wallet,https://images.unsplash.com/photo-1492707892479-7bc8d5a4ee93?w=400,Accessories,TrendyBits,$106.99
B00V3X9ACM,Modern Synthetic Hoodie,https://images.unsplash.com/photo-1586790170083-2f9ceadc732d?w=400,Men's Clothing,UrbanGent,$37.99
B016R9AKXY,Designer Cotton Gloves,https://images.unsplash.com/photo-1492707892479-7bc8d5a4ee93?w=400,Accessories,TrendyBits,$130.99
B00MXWVP8O,Essential Solid Crossbody,https://images.unsplash.com/photo-1553062407-98eeb64c6a62?w=400,Bags & Luggage,BagMaster,$69.99
B015OOHMQQ,Luxury Denim Brooch,https://images.unsplash.com/photo-1535632066927-ab7c9ab60908?w=400,Jewelry,LuxeJewel,$252.99
B00N1RUM20,Premium Leather Wallet,https://images.unsplash.com/photo-1492707892479-7bc8d5a4ee93?w=400,Accessories,TrendyBits,$16.99
B018W8HGLC,Premium Knit Tie,https://images.unsplash.com/photo-1492707892479-7bc8d5a4ee93?w=400,Accessories,TrendyBits,$114.99
B001JT2KUE,Elegant Synthetic Pendant,https://images.unsplash.com/photo-1535632066927-ab7c9ab60908?w=400,Jewelry,LuxeJewel,$426.99
B018FILLS8,Premium Solid Tie,https://images.unsplash.com/photo-1492707892479-7bc8d5a4ee93?w=400,Accessories,TrendyBits,$59.99
B00Y47V716,Vintage Cotton Flats,https://images.unsplash.com/photo-1542291026-7eec264c27ff?w=400,Footwear,WalkEasy,$35.99
B01ASO3FD6,Vintage Wool Flats,https://images.unsplash.com/photo-1542291026-7eec264c27ff?w=400,Footwear,WalkEasy,$173.99
B00D7I6K2Y,Elegant Denim Necklace,https://images.unsplash.com/photo-1535632066927-ab7c9ab60908?w=400,Jewelry,LuxeJewel,$148.99
B00NPOS7FS,Classic Wool Cardigan,https://images.unsplash.com/photo-1595777457583-95e059d581b8?w=400,Women's Clothing,ChicWear,$34.99
B00CMO8356,Stylish Leather Sandals,https://images.unsplash.com/photo-1542291026-7eec264c27ff?w=400,Footwear,WalkEasy,$64.99
B014HG4WJ2,Luxury Denim Earrings,https://images.unsplash.com/photo-1535632066927-ab7c9ab60908?w=400,Jewelry,LuxeJewel,$104.99
B00Z71JZD0,Luxury Printed Earrings,https://images.unsplash.com/photo-1535632066927-ab7c9ab60908?w=400,Jewelry,LuxeJewel,$216.99
B012FJ8XZW,Casual Knit Handbag,https://images.unsplash.com/photo-1553062407-98eeb64c6a62?w=400,Bags & Luggage,BagMaster,$213.99
B00IT2SDTG,Casual Silk Suitcase,https://images.unsplash.com/photo-1553062407-98eeb64c6a62?w=400,Bags & Luggage,BagMaster,$225.99
B00RW19042,Luxury Silk Brooch,https://images.unsplash.com/photo-1535632066927-ab7c9ab60908?w=400,Jewelry,LuxeJewel,$332.99
B01CN8TWPA,Luxury Woven Brooch,https://images.unsplash.com/photo-1535632066927-ab7c9ab60908?w=400,Jewelry,LuxeJewel,$408.99
B00KKGL3N2,Luxury Knit Earrings,https://images.unsplash.com/photo-1535632066927-ab7c9ab60908?w=400,Jewelry,LuxeJewel,$368.99
B00LBTESE8,Classic Printed Dress,https://images.unsplash.com/photo-1595777457583-95e059d581b8?w=400,Women's Clothing,ChicWear,$110.99
B00OBBXH22,Designer Suede Gloves,https://images.unsplash.com/photo-1492707892479-7bc8d5a4ee93?w=400,Accessories,TrendyBits,$180.99
B00CDHMBM8,Stylish Suede Running Shoes,https://images.unsplash.com/photo-1542291026-7eec264c27ff?w=400,Footwear,WalkEasy,$169.99
B00Q5AUGT4,Trendy Canvas Jacket,https://images.unsplash.com/photo-1586790170083-2f9ceadc732d?w=400,Men's Clothing,UrbanGent,$45.99
B00ZGQMLLY,Trendy Knit T-Shirt,https://images.unsplash.com/photo-1586790170083-2f9ceadc732d?w=400,Men's Clothing,UrbanGent,$101.99
B01C417HY4,Premium Knit Gloves,https://images.unsplash.com/photo-1492707892479-7bc8d5a4ee93?w=400,Accessories,TrendyBits,$185.99
B019QVT3ZQ,Essential Denim Messenger Bag,https://images.unsplash.com/photo-1553062407-98eeb64c6a62?w=400,Bags & Luggage,BagMaster,$207.99
B00J2PXNZ8,Stylish Solid Sandals,https://images.unsplash.com/photo-1542291026-7eec264c27ff?w=400,Footwear,WalkEasy,$126.99
B015BKTMF2,Stylish Synthetic Sandals,https://images.unsplash.com/photo-1542291026-7eec264c27ff?w=400,Footwear,WalkEasy,$71.99
B017OFB818,Elegant Denim Pendant,https://images.unsplash.com/photo-1535632066927-ab7c9ab60908?w=400,Jewelry,LuxeJewel,$260.99
B00LWUHE10,Classic Knit Cardigan,https://images.unsplash.com/photo-1595777457583-95e059d581b8?w=400,Women's Clothing,ChicWear,$94.99
B011U2FPRE,Classic Silk Skirt,https://images.unsplash.com/photo-1595777457583-95e059d581b8?w=400,Women's Clothing,ChicWear,$47.99
B01CJK7U06,Premium Silk Watch,https://images.unsplash.com/photo-1492707892479-7bc8d5a4ee93?w=400,Accessories,TrendyBits,$142.99
B00GMWPN66,Stylish Leather Running Shoes,https://images.unsplash.com/photo-1542291026-7eec264c27ff?w=400,Footwear,WalkEasy,$72.99
B00OIW0Z4W,Vintage Wool Flats,https://images.unsplash.com/photo-1542291026-7eec264c27ff?w=400,Footwear,WalkEasy,$108.99
B00II6O6WG,Luxury Printed Brooch,https://images.unsplash.com/photo-1535632066927-ab7c9ab60908?w=400,Jewelry,LuxeJewel,$336.99
B00NOKXZ00,Comfortable Knit Dress,https://images.unsplash.com/photo-1595777457583-95e059d581b8?w=400,Women's Clothing,ChicWear,$25.99
B01DBJS3Q4,Designer Canvas Tie,https://images.unsplash.com/photo-1492707892479-7bc8d5a4ee93?w=400,Accessories,TrendyBits,$159.99
B015NL64FU,Trendy Cotton Suit,https://images.unsplash.com/photo-1586790170083-2f9ceadc732d?w=400,Men's Clothing,UrbanGent,$59.99
B014301218,Stylish Knit Running Shoes,https://images.unsplash.com/photo-1542291026-7eec264c27ff?w=400,Footwear,WalkEasy,$176.99
B015QSTZA6,Stylish Leather Sandals,https://images.unsplash.com/photo-1542291026-7eec264c27ff?w=400,Footwear,WalkEasy,$71.99
B01485NWTI,Casual Printed Handbag,https://images.unsplash.com/photo-1553062407-98eeb64c6a62?w=400,Bags & Luggage,BagMaster,$45.99
B00E0KHZBS,Premium Knit Hat,https://images.unsplash.com/photo-1492707892479-7bc8d5a4ee93?w=400,Accessories,TrendyBits,$78.99
B00061RFTW,Trendy Canvas T-Shirt,https://images.unsplash.com/photo-1586790170083-2f9ceadc732d?w=400,Men's Clothing,UrbanGent,$91.99
B015QUU82I,Vintage Leather Sneakers,https://images.unsplash.com/photo-1542291026-7eec264c27ff?w=400,Footwear,WalkEasy,$173.99
B00C6M563Q,Stylish Leather Sandals,https://images.unsplash.com/photo-1542291026-7eec264c27ff?w=400,Footwear,WalkEasy,$175.99
B00CEI7OJQ,Trendy Leather Jacket,https://images.unsplash.com/photo-1586790170083-2f9ceadc732d?w=400,Men's Clothing,UrbanGent,$115.99
B015KV37LM,Trendy Printed Jacket,https://images.unsplash.com/photo-1586790170083-2f9ceadc732d?w=400,Men's Clothing,UrbanGent,$115.99
B014QXL03W,Modern Canvas Jacket,https://images.unsplash.com/photo-1586790170083-2f9ceadc732d?w=400,Men's Clothing,UrbanGent,$25.99
B012VRO7JY,Classic Printed Jacket,https://images.unsplash.com/photo-1595777457583-95e059d581b8?w=400,Women's Clothing,ChicWear,$63.99
B00USBP4RU,Vintage Synthetic Flats,https://images.unsplash.com/photo-1542291026-7eec264c27ff?w=400,Footwear,WalkEasy,$161.99
B00AMMAL3M,Classic Solid Pants,https://images.unsplash.com/photo-1595777457583-95e059d581b8?w=400,Women's Clothing,ChicWear,$101.99
B008Z10OTI,Stylish Printed Sandals,https://images.unsplash.com/photo-1542291026-7eec264c27ff?w=400,Footwear,WalkEasy,$129.99
B00XWK2TX6,Comfortable Silk Pants,https://images.unsplash.com/photo-1595777457583-95e059d581b8?w=400,Women's Clothing,ChicWear,$51.99
B004DQRG4A,Designer Cotton Tie,https://images.unsplash.com/photo-1492707892479-7bc8d5a4ee93?w=400,Accessories,TrendyBits,$74.99
B001MVJI7M,Essential Synthetic Crossbody,https://images.unsplash.com/photo-1553062407-98eeb64c6a62?w=400,Bags & Luggage,BagMaster,$243.99
B016EU16UM,Vintage Woven Flats,https://images.unsplash.com/photo-1542291026-7eec264c27ff?w=400,Footwear,WalkEasy,$71.99
B001BFLPTS,Stylish Woven Sandals,https://images.unsplash.com/photo-1542291026-7eec264c27ff?w=400,Footwear,WalkEasy,$38.99
B00N5FI4BY,Trendy Canvas Jeans,https://images.unsplash.com/photo-1586790170083-2f9ceadc732d?w=400,Men's Clothing,UrbanGent,$33.99
B01GEJG5M2,Elegant Wool Pendant,https://images.unsplash.com/photo-1535632066927-ab7c9ab60908?w=400,Jewelry,LuxeJewel,$76.99
B008X1JN7O,Designer Wool Gloves,https://images.unsplash.com/photo-1492707892479-7bc8d5a4ee93?w=400,Accessories,TrendyBits,$140.99
B00H8XSMNY,Trendy Wool Jacket,https://images.unsplash.com/photo-1586790170083-2f9ceadc732d?w=400,Men's Clothing,UrbanGent,$135.99
B01ET6JOXE,Trendy Suede Hoodie,https://images.unsplash.com/photo-1586790170083-2f9ceadc732d?w=400,Men's Clothing,UrbanGent,$107.99
B01HB3RZWO,Vintage Suede Sneakers,https://images.unsplash.com/photo-1542291026-7eec264c27ff?w=400,Footwear,WalkEasy,$147.99
B001CB1NJS,Trendy Synthetic Jacket,https://images.unsplash.com/photo-1586790170083-2f9ceadc732d?w=400,Men's Clothing,UrbanGent,$75.99
B011HY0PQQ,Elegant Printed Necklace,https://images.unsplash.com/photo-1535632066927-ab7c9ab60908?w=400,Jewelry,LuxeJewel,$112.99
B00Q175FZ6,Casual Printed Handbag,https://images.unsplash.com/photo-1553062407-98eeb64c6a62?w=400,Bags & Luggage,BagMaster,$75.99
B01GUAGRFK,Comfortable Denim Pants,https://images.unsplash.com/photo-1595777457583-95e059d581b8?w=400,Women's Clothing,ChicWear,$66.99
B00J98D1GE,Essential Printed Crossbody,https://images.unsplash.com/photo-1553062407-98eeb64c6a62?w=400,Bags & Luggage,BagMaster,$231.99
B01HFZ7HXK,Essential Synthetic Crossbody,https://images.unsplash.com/photo-1553062407-98eeb64c6a62?w=400,Bags & Luggage,BagMaster,$123.99
B01DTWUVWM,Designer Synthetic Watch,https://images.unsplash.com/photo-1492707892479-7bc8d5a4ee93?w=400,Accessories,TrendyBits,$142.99
B007KPBHFU,Stylish Denim Running Shoes,https://images.unsplash.com/photo-1542291026-7eec264c27ff?w=400,Footwear,WalkEasy,$115.99
B00T4B1V5E,Modern Suede T-Shirt,https://images.unsplash.com/photo-1586790170083-2f9ceadc732d?w=400,Men's Clothing,UrbanGent,$31.99
B01EA55DLG,Designer Synthetic Watch,https://images.unsplash.com/photo-1492707892479-7bc8d5a4ee93?w=400,Accessories,TrendyBits,$162.99
B01CV7EOYM,Modern Knit Jacket,https://images.unsplash.com/photo-1586790170083-2f9ceadc732d?w=400,Men's Clothing,UrbanGent,$105.99
B01FPMU9R6,Designer Printed Watch,https://images.unsplash.com/photo-1492707892479-7bc8d5a4ee93?w=400,Accessories,TrendyBits,$152.99
B019354F1C,Comfortable Solid Skirt,https://images.unsplash.com/photo-1595777457583-95e059d581b8?w=400,Women's Clothing,ChicWear,$62.99
B00KA3SVJ4,Trendy Solid T-Shirt,https://images.unsplash.com/photo-1586790170083-2f9ceadc732d?w=400,Men's Clothing,UrbanGent,$141.99
B00T6U1VVM,Luxury Solid Brooch,https://images.unsplash.com/photo-1535632066927-ab7c9ab60908?w=400,Jewelry,LuxeJewel,$76.99
B015B8H87S,Trendy Synthetic Jacket,https://images.unsplash.com/photo-1586790170083-2f9ceadc732d?w=400,Men's Clothing,UrbanGent,$125.99
B005D2AG3G,Luxury Knit Earrings,https://images.unsplash.com/photo-1535632066927-ab7c9ab60908?w=400,Jewelry,LuxeJewel,$422.99
B00Q30E214,Classic Silk Skirt,https://images.unsplash.com/photo-1595777457583-95e059d581b8?w=400,Women's Clothing,ChicWear,$87.99
B00J8PY0EA,Comfortable Canvas Dress,https://images.unsplash.com/photo-1595777457583-95e059d581b8?w=400,Women's Clothing,ChicWear,$70.99
B00K8AC5R8,Elegant Silk Pendant,https://images.unsplash.com/photo-1535632066927-ab7c9ab60908?w=400,Jewelry,LuxeJewel,$336.99
B01BW0BR3K,Stylish Wool Running Shoes,https://images.unsplash.com/photo-1542291026-7eec264c27ff?w=400,Footwear,WalkEasy,$169.99
B00GU84SGS,Luxury Denim Earrings,https://images.unsplash.com/photo-1535632066927-ab7c9ab60908?w=400,Jewelry,LuxeJewel,$158.99
B017R82O24,Casual Canvas Suitcase,https://images.unsplash.com/photo-1553062407-98eeb64c6a62?w=400,Bags & Luggage,BagMaster,$117.99
B01HGQRK80,Modern Leather T-Shirt,https://images.unsplash.com/photo-1586790170083-2f9ceadc732d?w=400,Men's Clothing,UrbanGent,$51.99
B015BUX9NS,Stylish Solid Sandals,https://images.unsplash.com/photo-1542291026-7eec264c27ff?w=400,Footwear,WalkEasy,$75.99
B01D60V6E4,Premium Cotton Wallet,https://images.unsplash.com/photo-1492707892479-7bc8d5a4ee93?w=400,Accessories,TrendyBits,$161.99
B00JTI6YGS,Elegant Wool Pendant,https://images.unsplash.com/photo-1535632066927-ab7c9ab60908?w=400,Jewelry,LuxeJewel,$376.99
B00GA84BR4,Modern Printed Jeans,https://images.unsplash.com/photo-1586790170083-2f9ceadc732d?w=400,Men's Clothing,UrbanGent,$93.99
B0149NLWKU,Stylish Knit Sandals,https://images.unsplash.com/photo-1542291026-7eec264c27ff?w=400,Footwear,WalkEasy,$108.99
B00TEF1GKU,Luxury Knit Earrings,https://images.unsplash.com/photo-1535632066927-ab7c9ab60908?w=400,Jewelry,LuxeJewel,$212.99
B0157IZIRY,Premium Wool Tie,https://images.unsplash.com/photo-1492707892479-7bc8d5a4ee93?w=400,Accessories,TrendyBits,$39.99
B00MXWBYAS,Trendy Cotton T-Shirt,https://images.unsplash.com/photo-1586790170083-2f9ceadc732d?w=400,Men's Clothing,UrbanGent,$141.99
B014LRULJ2,Modern Suede T-Shirt,https://images.unsplash.com/photo-1586790170083-2f9ceadc732d?w=400,Men's Clothing,UrbanGent,$31.99
B00I5VLGXG,Luxury Denim Earrings,https://images.unsplash.com/photo-1535632066927-ab7c9ab60908?w=400,Jewelry,LuxeJewel,$294.99
B006SMDF9C,Elegant Woven Necklace,https://images.unsplash.com/photo-1535632066927-ab7c9ab60908?w=400,Jewelry,LuxeJewel,$56.99
B009OZNWZW,Modern Printed T-Shirt,https://images.unsplash.com/photo-1586790170083-2f9ceadc732d?w=400,Men's Clothing,UrbanGent,$51.99
B00AO5LMVM,Premium Silk Tie,https://images.unsplash.com/photo-1492707892479-7bc8d5a4ee93?w=400,Accessories,TrendyBits,$29.99
B001B1Q664,Stylish Synthetic Running Shoes,https://images.unsplash.com/photo-1542291026-7eec264c27ff?w=400,Footwear,WalkEasy,$42.99
B014ECFKVI,Trendy Printed Hoodie,https://images.unsplash.com/photo-1586790170083-2f9ceadc732d?w=400,Men's Clothing,UrbanGent,$97.99
B010DMWRYQ,Comfortable Leather Pants,https://images.unsplash.com/photo-1595777457583-95e059d581b8?w=400,Women's Clothing,ChicWear,$96.99
B003XH69PW,Stylish Woven Running Shoes,https://images.unsplash.com/photo-1542291026-7eec264c27ff?w=400,Footwear,WalkEasy,$171.99
B00M9OF1LS,Modern Solid Jacket,https://images.unsplash.com/photo-1586790170083-2f9ceadc732d?w=400,Men's Clothing,UrbanGent,$75.99
B00PV5IJPW,Trendy Suede Suit,https://images.unsplash.com/photo-1586790170083-2f9ceadc732d?w=400,Men's Clothing,UrbanGent,$149.99
B006XGJSNK,Classic Wool Cardigan,https://images.unsplash.com/photo-1595777457583-95e059d581b8?w=400,Women's Clothing,ChicWear,$119.99
B00NP9H8SK,Stylish Silk Sandals,https://images.unsplash.com/photo-1542291026-7eec264c27ff?w=400,Footwear,WalkEasy,$59.99
B014UN6LKK,Designer Woven Hat,https://images.unsplash.com/photo-1492707892479-7bc8d5a4ee93?w=400,Accessories,TrendyBits,$148.99
B00DLZ0K1A,Vintage Denim Sneakers,https://images.unsplash.com/photo-1542291026-7eec264c27ff?w=400,Footwear,WalkEasy,$70.99
B00OP6NDN6,Premium Leather Tie,https://images.unsplash.com/photo-1492707892479-7bc8d5a4ee93?w=400,Accessories,TrendyBits,$39.99
B015HSHFMK,Modern Leather Suit,https://images.unsplash.com/photo-1586790170083-2f9ceadc732d?w=400,Men's Clothing,UrbanGent,$79.99
B01F5SE19W,Luxury Woven Earrings,https://images.unsplash.com/photo-1535632066927-ab7c9ab60908?w=400,Jewelry,LuxeJewel,$266.99
B00HNM7CLI,Comfortable Woven Skirt,https://images.unsplash.com/photo-1595777457583-95e059d581b8?w=400,Women's Clothing,ChicWear,$102.99
B00OZQSUWK,Essential Suede Crossbody,https://images.unsplash.com/photo-1553062407-98eeb64c6a62?w=400,Bags & Luggage,BagMaster,$159.99
B00JE87E44,Comfortable Cotton Pants,https://images.unsplash.com/photo-1595777457583-95e059d581b8?w=400,Women's Clothing,ChicWear,$86.99
B00XTX49EI,Trendy Cotton T-Shirt,https://images.unsplash.com/photo-1586790170083-2f9ceadc732d?w=400,Men's Clothing,UrbanGent,$21.99
B00I2UXR0K,Premium Woven Gloves,https://images.unsplash.com/photo-1492707892479-7bc8d5a4ee93?w=400,Accessories,TrendyBits,$70.99
B00B9FNUMU,Vintage Denim Flats,https://images.unsplash.com/photo-1542291026-7eec264c27ff?w=400,Footwear,WalkEasy,$124.99
B00NHKCOXQ,Trendy Knit Jeans,https://images.unsplash.com/photo-1586790170083-2f9ceadc732d?w=400,Men's Clothing,UrbanGent,$63.99
B00PF5A7YE,Designer Silk Wallet,https://images.unsplash.com/photo-1492707892479-7bc8d5a4ee93?w=400,Accessories,TrendyBits,$166.99
B00UJVXEXU,Trendy Silk Jeans,https://images.unsplash.com/photo-1586790170083-2f9ceadc732d?w=400,Men's Clothing,UrbanGent,$103.99
B019Q577XC,Modern Cotton Jacket,https://images.unsplash.com/photo-1586790170083-2f9ceadc732d?w=400,Men's Clothing,UrbanGent,$75.99
B015MHMUIA,Casual Woven Handbag,https://images.unsplash.com/photo-1553062407-98eeb64c6a62?w=400,Bags & Luggage,BagMaster,$189.99
B01DTHHWCO,Premium Leather Hat,https://images.unsplash.com/photo-1492707892479-7bc8d5a4ee93?w=400,Accessories,TrendyBits,$103.99
B01HDQRV6E,Classic Suede Jacket,https://images.unsplash.com/photo-1595777457583-95e059d581b8?w=400,Women's Clothing,ChicWear,$33.99
B00K1KZ5T0,Vintage Cotton Flats,https://images.unsplash.com/photo-1542291026-7eec264c27ff?w=400,Footwear,WalkEasy,$170.99
B00K5MJH6G,Essential Silk Crossbody,https://images.unsplash.com/photo-1553062407-98eeb64c6a62?w=400,Bags & Luggage,BagMaster,$177.99
B00YRIFP8S,Essential Cotton Crossbody,https://images.unsplash.com/photo-1553062407-98eeb64c6a62?w=400,Bags & Luggage,BagMaster,$69.99
B00F0K57DU,Classic Woven Jacket,https://images.unsplash.com/photo-1595777457583-95e059d581b8?w=400,Women's Clothing,ChicWear,$108.99
B00ZCIFMEE,Designer Knit Hat,https://images.unsplash.com/photo-1492707892479-7bc8d5a4ee93?w=400,Accessories,TrendyBits,$63.99
B00MKXBWIE,Modern Leather T-Shirt,https://images.unsplash.com/photo-1586790170083-2f9ceadc732d?w=400,Men's Clothing,UrbanGent,$41.99
B01DPXAKGW,Classic Cotton Jacket,https://images.unsplash.com/photo-1595777457583-95e059d581b8?w=400,Women's Clothing,ChicWear,$63.99
B01C18WYT8,Designer Knit Gloves,https://images.unsplash.com/photo-1492707892479-7bc8d5a4ee93?w=400,Accessories,TrendyBits,$135.99
B00EW199IC,Vintage Solid Flats,https://images.unsplash.com/photo-1542291026-7eec264c27ff?w=400,Footwear,WalkEasy,$39.99
B00EMB67VO,Luxury Silk Earrings,https://images.unsplash.com/photo-1535632066927-ab7c9ab60908?w=400,Jewelry,LuxeJewel,$310.99
B00UBAVPBW,Luxury Denim Earrings,https://images.unsplash.com/photo-1535632066927-ab7c9ab60908?w=400,Jewelry,LuxeJewel,$248.99
B01C4JCJGC,Stylish Printed Sandals,https://images.unsplash.com/photo-1542291026-7eec264c27ff?w=400,Footwear,WalkEasy,$84.99
B00F277K5Y,Stylish Suede Sandals,https://images.unsplash.com/photo-1542291026-7eec264c27ff?w=400,Footwear,WalkEasy,$165.99
B01F31FIM0,Vintage Silk Flats,https://images.unsplash.com/photo-1542291026-7eec264c27ff?w=400,Footwear,WalkEasy,$57.99
B0183BN2SY,Stylish Leather Sandals,https://images.unsplash.com/photo-1542291026-7eec264c27ff?w=400,Footwear,WalkEasy,$96.99
B01DKIS7QW,Vintage Denim Sneakers,https://images.unsplash.com/photo-1542291026-7eec264c27ff?w=400,Footwear,WalkEasy,$52.99
B00XX27DHU,Casual Silk Suitcase,https://images.unsplash.com/photo-1553062407-98eeb64c6a62?w=400,Bags & Luggage,BagMaster,$237.99
B014X2TOJS,Essential Synthetic Messenger Bag,https://images.unsplash.com/photo-1553062407-98eeb64c6a62?w=400,Bags & Luggage,BagMaster,$225.99
B00Q42NB5O,Essential Cotton Crossbody,https://images.unsplash.com/photo-1553062407-98eeb64c6a62?w=400,Bags & Luggage,BagMaster,$189.99
B01EHRAUUG,Designer Knit Wallet,https://images.unsplash.com/photo-1492707892479-7bc8d5a4ee93?w=400,Accessories,TrendyBits,$136.99
B01AAXR84C,Casual Denim Handbag,https://images.unsplash.com/photo-1553062407-98eeb64c6a62?w=400,Bags & Luggage,BagMaster,$93.99
B00NOQ75SC,Elegant Synthetic Pendant,https://images.unsplash.com/photo-1535632066927-ab7c9ab60908?w=400,Jewelry,LuxeJewel,$170.99
B00ZYFMJAU,Modern Canvas Jacket,https://images.unsplash.com/photo-1586790170083-2f9ceadc732d?w=400,Men's Clothing,UrbanGent,$45.99
B0093FM7XQ,Essential Knit Crossbody,https://images.unsplash.com/photo-1553062407-98eeb64c6a62?w=400,Bags & Luggage,BagMaster,$153.99
B00LSEFVCO,Elegant Denim Necklace,https://images.unsplash.com/photo-1535632066927-ab7c9ab60908?w=400,Jewelry,LuxeJewel,$80.99
B016JJ9BH8,Luxury Suede Earrings,https://images.unsplash.com/photo-1535632066927-ab7c9ab60908?w=400,Jewelry,LuxeJewel,$210.99
B0014F8TIU,Modern Woven Jacket,https://images.unsplash.com/photo-1586790170083-2f9ceadc732d?w=400,Men's Clothing,UrbanGent,$145.99
B005DHHG02,Casual Solid Handbag,https://images.unsplash.com/photo-1553062407-98eeb64c6a62?w=400,Bags & Luggage,BagMaster,$75.99
B009RT1GRG,Trendy Knit T-Shirt,https://images.unsplash.com/photo-1586790170083-2f9ceadc732d?w=400,Men's Clothing,UrbanGent,$71.99
B00NAF4M0Q,Casual Leather Handbag,https://images.unsplash.com/photo-1553062407-98eeb64c6a62?w=400,Bags & Luggage,BagMaster,$81.99
B01DBM6QU6,Trendy Solid Jacket,https://images.unsplash.com/photo-1586790170083-2f9ceadc732d?w=400,Men's Clothing,UrbanGent,$75.99
B007JO68KQ,Modern Wool T-Shirt,https://images.unsplash.com/photo-1586790170083-2f9ceadc732d?w=400,Men's Clothing,UrbanGent,$31.99
B00DG6VIJW,Casual Printed Handbag,https://images.unsplash.com/photo-1553062407-98eeb64c6a62?w=400,Bags & Luggage,BagMaster,$159.99
B01DIMP2NG,Designer Woven Hat,https://images.unsplash.com/photo-1492707892479-7bc8d5a4ee93?w=400,Accessories,TrendyBits,$23.99
B00QNLQJZK,Classic Synthetic Dress,https://images.unsplash.com/photo-1595777457583-95e059d581b8?w=400,Women's Clothing,ChicWear,$95.99
B00KIU76JU,Casual Denim Suitcase,https://images.unsplash.com/photo-1553062407-98eeb64c6a62?w=400,Bags & Luggage,BagMaster,$63.99
B01GQWL54K,Trendy Knit Jeans,https://images.unsplash.com/photo-1586790170083-2f9ceadc732d?w=400,Men's Clothing,UrbanGent,$83.99
B019RIHCS8,Casual Suede Suitcase,https://images.unsplash.com/photo-1553062407-98eeb64c6a62?w=400,Bags & Luggage,BagMaster,$177.99
B018V3ZNM2,Designer Synthetic Hat,https://images.unsplash.com/photo-1492707892479-7bc8d5a4ee93?w=400,Accessories,TrendyBits,$183.99
B01B185Z4A,Comfortable Canvas Jacket,https://images.unsplash.com/photo-1595777457583-95e059d581b8?w=400,Women's Clothing,ChicWear,$68.99
B016HM3KX8,Comfortable Woven Pants,https://images.unsplash.com/photo-1595777457583-95e059d581b8?w=400,Women's Clothing,ChicWear,$71.99
B009P887RG,Luxury Cotton Earrings,https://images.unsplash.com/photo-1535632066927-ab7c9ab60908?w=400,Jewelry,LuxeJewel,$384.99
B00PE26UUI,Classic Leather Dress,https://images.unsplash.com/photo-1595777457583-95e059d581b8?w=400,Women's Clothing,ChicWear,$55.99
B00EQE5GC8,Casual Canvas Suitcase,https://images.unsplash.com/photo-1553062407-98eeb64c6a62?w=400,Bags & Luggage,BagMaster,$189.99
B00FDWKS7A,Comfortable Canvas Jacket,https://images.unsplash.com/photo-1595777457583-95e059d581b8?w=400,Women's Clothing,ChicWear,$118.99
B010LIBAJ0,Designer Knit Wallet,https://images.unsplash.com/photo-1492707892479-7bc8d5a4ee93?w=400,Accessories,TrendyBits,$66.99
B00VFH4FAI,Modern Solid Jeans,https://images.unsplash.com/photo-1586790170083-2f9ceadc732d?w=400,Men's Clothing,UrbanGent,$73.99
B00I2XW0CI,Stylish Canvas Sandals,https://images.unsplash.com/photo-1542291026-7eec264c27ff?w=400,Footwear,WalkEasy,$43.99
B000F1LD6E,Classic Suede Pants,https://images.unsplash.com/photo-1595777457583-95e059d581b8?w=400,Women's Clothing,ChicWear,$116.99
B00MMW7YVC,Modern Woven T-Shirt,https://images.unsplash.com/photo-1586790170083-2f9ceadc732d?w=400,Men's Clothing,UrbanGent,$41.99
B00BVWMAR2,Elegant Printed Pendant,https://images.unsplash.com/photo-1535632066927-ab7c9ab60908?w=400,Jewelry,LuxeJewel,$170.99
B00BOXAJVW,Premium Leather Wallet,https://images.unsplash.com/photo-1492707892479-7bc8d5a4ee93?w=400,Accessories,TrendyBits,$36.99
B00K1IH1U8,Designer Canvas Watch,https://images.unsplash.com/photo-1492707892479-7bc8d5a4ee93?w=400,Accessories,TrendyBits,$52.99
B018W5WLK6,Designer Printed Tie,https://images.unsplash.com/photo-1492707892479-7bc8d5a4ee93?w=400,Accessories,TrendyBits,$164.99
B01GGERWFO,Premium Suede Hat,https://images.unsplash.com/photo-1492707892479-7bc8d5a4ee93?w=400,Accessories,TrendyBits,$133.99
B01DZQRJOK,Luxury Leather Earrings,https://images.unsplash.com/photo-1535632066927-ab7c9ab60908?w=400,Jewelry,LuxeJewel,$276.99
B0188HYYSK,Comfortable Leather Dress,https://images.unsplash.com/photo-1595777457583-95e059d581b8?w=400,Women's Clothing,ChicWear,$110.99
B00B0P8WW2,Comfortable Denim Dress,https://images.unsplash.com/photo-1595777457583-95e059d581b8?w=400,Women's Clothing,ChicWear,$105.99
B01E4V32O6,Essential Printed Messenger Bag,https://images.unsplash.com/photo-1553062407-98eeb64c6a62?w=400,Bags & Luggage,BagMaster,$165.99
B00WOSJAHA,Designer Wool Tie,https://images.unsplash.com/photo-1492707892479-7bc8d5a4ee93?w=400,Accessories,TrendyBits,$139.99
B00AEC8H5Y,Stylish Silk Sandals,https://images.unsplash.com/photo-1542291026-7eec264c27ff?w=400,Footwear,WalkEasy,$51.99
B015B8H8OG,Modern Solid Hoodie,https://images.unsplash.com/photo-1586790170083-2f9ceadc732d?w=400,Men's Clothing,UrbanGent,$37.99
B017J7PMCM,Essential Solid Messenger Bag,https://images.unsplash.com/photo-1553062407-98eeb64c6a62?w=400,Bags & Luggage,BagMaster,$243.99
B00OLM1ESK,Casual Silk Handbag,https://images.unsplash.com/photo-1553062407-98eeb64c6a62?w=400,Bags & Luggage,BagMaster,$99.99
B017HWKERW,Luxury Solid Earrings,https://images.unsplash.com/photo-1535632066927-ab7c9ab60908?w=400,Jewelry,LuxeJewel,$482.99
B0168HAEYU,Trendy Knit Jacket,https://images.unsplash.com/photo-1586790170083-2f9ceadc732d?w=400,Men's Clothing,UrbanGent,$115.99
B01B0Y8D3K,Classic Solid Pants,https://images.unsplash.com/photo-1595777457583-95e059d581b8?w=400,Women's Clothing,ChicWear,$31.99
B01FSBNQNI,Stylish Printed Sandals,https://images.unsplash.com/photo-1542291026-7eec264c27ff?w=400,Footwear,WalkEasy,$157.99
B01CY9CPV6,Luxury Wool Earrings,https://images.unsplash.com/photo-1535632066927-ab7c9ab60908?w=400,Jewelry,LuxeJewel,$80.99
B01H3EWFX0,Comfortable Leather Jacket,https://images.unsplash.com/photo-1595777457583-95e059d581b8?w=400,Women's Clothing,ChicWear,$58.99
B00J8OOLFE,Luxury Cotton Brooch,https://images.unsplash.com/photo-1535632066927-ab7c9ab60908?w=400,Jewelry,LuxeJewel,$386.99
B01GPSO04W,Designer Solid Wallet,https://images.unsplash.com/photo-1492707892479-7bc8d5a4ee93?w=400,Accessories,TrendyBits,$156.99
B014H2OJE4,Comfortable Canvas Cardigan,https://images.unsplash.com/photo-1595777457583-95e059d581b8?w=400,Women's Clothing,ChicWear,$54.99
B01D4JVYK8,Luxury Printed Earrings,https://images.unsplash.com/photo-1535632066927-ab7c9ab60908?w=400,Jewelry,LuxeJewel,$452.99
B01DOKVWKY,Premium Knit Hat,https://images.unsplash.com/photo-1492707892479-7bc8d5a4ee93?w=400,Accessories,TrendyBits,$103.99
B00HK50EQI,Essential Denim Messenger Bag,https://images.unsplash.com/photo-1553062407-98eeb64c6a62?w=400,Bags & Luggage,BagMaster,$153.99
B00D7HDEDS,Essential Solid Crossbody,https://images.unsplash.com/photo-1553062407-98eeb64c6a62?w=400,Bags & Luggage,BagMaster,$153.99
B013T6ZNCQ,Essential Woven Messenger Bag,https://images.unsplash.com/photo-1553062407-98eeb64c6a62?w=400,Bags & Luggage,BagMaster,$45.99
B01H05KRZ0,Comfortable Suede Cardigan,https://images.unsplash.com/photo-1595777457583-95e059d581b8?w=400,Women's Clothing,ChicWear,$49.99
B004NOO37A,Luxury Cotton Brooch,https://images.unsplash.com/photo-1535632066927-ab7c9ab60908?w=400,Jewelry,LuxeJewel,$490.99
B00E6MRBU0,Elegant Printed Necklace,https://images.unsplash.com/photo-1535632066927-ab7c9ab60908?w=400,Jewelry,LuxeJewel,$456.99
B00JSJMEDU,Essential Denim Crossbody,https://images.unsplash.com/photo-1553062407-98eeb64c6a62?w=400,Bags & Luggage,BagMaster,$63.99
B015M2EXPS,Elegant Woven Pendant,https://images.unsplash.com/photo-1535632066927-ab7c9ab60908?w=400,Jewelry,LuxeJewel,$68.99
B00LQH0SOE,Elegant Woven Pendant,https://images.unsplash.com/photo-1535632066927-ab7c9ab60908?w=400,Jewelry,LuxeJewel,$296.99
B0065OFSU2,Classic Denim Cardigan,https://images.unsplash.com/photo-1595777457583-95e059d581b8?w=400,Women's Clothing,ChicWear,$44.99
B00YP2TNZ2,Comfortable Suede Dress,https://images.unsplash.com/photo-1595777457583-95e059d581b8?w=400,Women's Clothing,ChicWear,$50.99
B00GKC1KC4,Casual Solid Suitcase,https://images.unsplash.com/photo-1553062407-98eeb64c6a62?w=400,Bags & Luggage,BagMaster,$237.99
B00ULIQDIY,Trendy Synthetic Jacket,https://images.unsplash.com/photo-1586790170083-2f9ceadc732d?w=400,Men's Clothing,UrbanGent,$105.99
B00K6PY762,Elegant Synthetic Necklace,https://images.unsplash.com/photo-1535632066927-ab7c9ab60908?w=400,Jewelry,LuxeJewel,$174.99
B00OBFR01M,Premium Cotton Tie,https://images.unsplash.com/photo-1492707892479-7bc8d5a4ee93?w=400,Accessories,TrendyBits,$79.99
B000OGGYN2,Elegant Suede Necklace,https://images.unsplash.com/photo-1535632066927-ab7c9ab60908?w=400,Jewelry,LuxeJewel,$124.99
B00O27ZVYW,Premium Woven Wallet,https://images.unsplash.com/photo-1492707892479-7bc8d5a4ee93?w=400,Accessories,TrendyBits,$126.99
B001K38OJU,Luxury Silk Brooch,https://images.unsplash.com/photo-1535632066927-ab7c9ab60908?w=400,Jewelry,LuxeJewel,$122.99
B017ALM8U6,Modern Solid Jeans,https://images.unsplash.com/photo-1586790170083-2f9ceadc732d?w=400,Men's Clothing,UrbanGent,$73.99
B017RPGLIU,Classic Woven Dress,https://images.unsplash.com/photo-1595777457583-95e059d581b8?w=400,Women's Clothing,ChicWear,$25.99
B00X52CZHG,Trendy Wool Hoodie,https://images.unsplash.com/photo-1586790170083-2f9ceadc732d?w=400,Men's Clothing,UrbanGent,$87.99
B01C45C42K,Premium Canvas Gloves,https://images.unsplash.com/photo-1492707892479-7bc8d5a4ee93?w=400,Accessories,TrendyBits,$140.99
B00BVWF7HW,Trendy Solid Jacket,https://images.unsplash.com/photo-1586790170083-2f9ceadc732d?w=400,Men's Clothing,UrbanGent,$115.99
B008EX2ROC,Trendy Solid Jeans,https://images.unsplash.com/photo-1586790170083-2f9ceadc732d?w=400,Men's Clothing,UrbanGent,$143.99
B004RWQUAQ,Classic Leather Cardigan,https://images.unsplash.com/photo-1595777457583-95e059d581b8?w=400,Women's Clothing,ChicWear,$34.99
B01628EBHQ,Vintage Solid Flats,https://images.unsplash.com/photo-1542291026-7eec264c27ff?w=400,Footwear,WalkEasy,$101.99
B017135CL0,Comfortable Denim Pants,https://images.unsplash.com/photo-1595777457583-95e059d581b8?w=400,Women's Clothing,ChicWear,$36.99
B00QR5V452,Vintage Suede Flats,https://images.unsplash.com/photo-1542291026-7eec264c27ff?w=400,Footwear,WalkEasy,$164.99
B00PW0MW6S,Modern Printed Jeans,https://images.unsplash.com/photo-1586790170083-2f9ceadc732d?w=400,Men's Clothing,UrbanGent,$53.99
B01EJTUKMA,Designer Cotton Gloves,https://images.unsplash.com/photo-1492707892479-7bc8d5a4ee93?w=400,Accessories,TrendyBits,$70.99
B014KAE4MU,Luxury Synthetic Earrings,https://images.unsplash.com/photo-1535632066927-ab7c9ab60908?w=400,Jewelry,LuxeJewel,$306.99
B0121JCVT0,Premium Woven Gloves,https://images.unsplash.com/photo-1492707892479-7bc8d5a4ee93?w=400,Accessories,TrendyBits,$145.99
B00AKNYI4Q,Classic Leather Dress,https://images.unsplash.com/photo-1595777457583-95e059d581b8?w=400,Women's Clothing,ChicWear,$100.99
B00N39VNBK,Trendy Cotton T-Shirt,https://images.unsplash.com/photo-1586790170083-2f9ceadc732d?w=400,Men's Clothing,UrbanGent,$81.99
B00KHW6H12,Luxury Denim Brooch,https://images.unsplash.com/photo-1535632066927-ab7c9ab60908?w=400,Jewelry,LuxeJewel,$482.99
B00RUB19V6,Designer Suede Watch,https://images.unsplash.com/photo-1492707892479-7bc8d5a4ee93?w=400,Accessories,TrendyBits,$27.99
B0112VO4Y8,Elegant Knit Pendant,https://images.unsplash.com/photo-1535632066927-ab7c9ab60908?w=400,Jewelry,LuxeJewel,$428.99
B007947R9M,Premium Leather Wallet,https://images.unsplash.com/photo-1492707892479-7bc8d5a4ee93?w=400,Accessories,TrendyBits,$91.99
B017X9JRJA,Designer Suede Hat,https://images.unsplash.com/photo-1492707892479-7bc8d5a4ee93?w=400,Accessories,TrendyBits,$63.99
B00KVUIWV8,Trendy Canvas T-Shirt,https://images.unsplash.com/photo-1586790170083-2f9ceadc732d?w=400,Men's Clothing,UrbanGent,$31.99
B00B7O8BGI,Vintage Woven Flats,https://images.unsplash.com/photo-1542291026-7eec264c27ff?w=400,Footwear,WalkEasy,$147.99
B00UVXNLI4,Elegant Wool Pendant,https://images.unsplash.com/photo-1535632066927-ab7c9ab60908?w=400,Jewelry,LuxeJewel,$364.99
B00XB306J8,Stylish Canvas Sandals,https://images.unsplash.com/photo-1542291026-7eec264c27ff?w=400,Footwear,WalkEasy,$67.99
B006U3XFBM,Designer Suede Watch,https://images.unsplash.com/photo-1492707892479-7bc8d5a4ee93?w=400,Accessories,TrendyBits,$137.99
B00HNXXQJY,Premium Denim Tie,https://images.unsplash.com/photo-1492707892479-7bc8d5a4ee93?w=400,Accessories,TrendyBits,$84.99
B00LIB6ZUY,Designer Denim Gloves,https://images.unsplash.com/photo-1492707892479-7bc8d5a4ee93?w=400,Accessories,TrendyBits,$105.99
B018TWO4C0,Trendy Woven Suit,https://images.unsplash.com/photo-1586790170083-2f9ceadc732d?w=400,Men's Clothing,UrbanGent,$39.99
B01HGLKBHW,Casual Woven Handbag,https://images.unsplash.com/photo-1553062407-98eeb64c6a62?w=400,Bags & Luggage,BagMaster,$237.99
B016IGFQ1W,Designer Wool Tie,https://images.unsplash.com/photo-1492707892479-7bc8d5a4ee93?w=400,Accessories,TrendyBits,$59.99
B0191GTXYW,Comfortable Woven Dress,https://images.unsplash.com/photo-1595777457583-95e059d581b8?w=400,Women's Clothing,ChicWear,$55.99
B00PL41TY6,Premium Knit Wallet,https://images.unsplash.com/photo-1492707892479-7bc8d5a4ee93?w=400,Accessories,TrendyBits,$76.99
B01GQUE2VU,Designer Canvas Wallet,https://images.unsplash.com/photo-1492707892479-7bc8d5a4ee93?w=400,Accessories,TrendyBits,$186.99
B00N4N51TA,Comfortable Printed Cardigan,https://images.unsplash.com/photo-1595777457583-95e059d581b8?w=400,Women's Clothing,ChicWear,$39.99
B00GP6G1BK,Designer Printed Gloves,https://images.unsplash.com/photo-1492707892479-7bc8d5a4ee93?w=400,Accessories,TrendyBits,$185.99
B00O2JEZ7Y,Trendy Canvas Hoodie,https://images.unsplash.com/photo-1586790170083-2f9ceadc732d?w=400,Men's Clothing,UrbanGent,$67.99
B00LBVO6V6,Elegant Knit Necklace,https://images.unsplash.com/photo-1535632066927-ab7c9ab60908?w=400,Jewelry,LuxeJewel,$76.99
B00LPSSVES,Elegant Cotton Necklace,https://images.unsplash.com/photo-1535632066927-ab7c9ab60908?w=400,Jewelry,LuxeJewel,$398.99
B019ZDOIIC,Comfortable Denim Dress,https://images.unsplash.com/photo-1595777457583-95e059d581b8?w=400,Women's Clothing,ChicWear,$75.99
B00BFX8KIK,Elegant Denim Pendant,https://images.unsplash.com/photo-1535632066927-ab7c9ab60908?w=400,Jewelry,LuxeJewel,$72.99
B00964QPSW,Casual Suede Handbag,https://images.unsplash.com/photo-1553062407-98eeb64c6a62?w=400,Bags & Luggage,BagMaster,$171.99
B00ZUSLKME,Classic Canvas Dress,https://images.unsplash.com/photo-1595777457583-95e059d581b8?w=400,Women's Clothing,ChicWear,$85.99
B00QN3RFQA,Comfortable Woven Pants,https://images.unsplash.com/photo-1595777457583-95e059d581b8?w=400,Women's Clothing,ChicWear,$81.99
B00KXS3ZF6,Classic Knit Pants,https://images.unsplash.com/photo-1595777457583-95e059d581b8?w=400,Women's Clothing,ChicWear,$91.99
B00846PKS4,Premium Woven Gloves,https://images.unsplash.com/photo-1492707892479-7bc8d5a4ee93?w=400,Accessories,TrendyBits,$115.99
B015IWWEJ4,Premium Cotton Tie,https://images.unsplash.com/photo-1492707892479-7bc8d5a4ee93?w=400,Accessories,TrendyBits,$154.99
B01A6FLF4I,Trendy Solid Hoodie,https://images.unsplash.com/photo-1586790170083-2f9ceadc732d?w=400,Men's Clothing,UrbanGent,$127.99
B00A8YYEZ0,Luxury Cotton Earrings,https://images.unsplash.com/photo-1535632066927-ab7c9ab60908?w=400,Jewelry,LuxeJewel,$350.99
B001706YX4,Stylish Solid Running Shoes,https://images.unsplash.com/photo-1542291026-7eec264c27ff?w=400,Footwear,WalkEasy,$157.99
B015FFOEV0,Casual Knit Handbag,https://images.unsplash.com/photo-1553062407-98eeb64c6a62?w=400,Bags & Luggage,BagMaster,$129.99
B0153UHAYA,Premium Cotton Gloves,https://images.unsplash.com/photo-1492707892479-7bc8d5a4ee93?w=400,Accessories,TrendyBits,$115.99
B00PURB3CM,Vintage Printed Flats,https://images.unsplash.com/photo-1542291026-7eec264c27ff?w=400,Footwear,WalkEasy,$162.99
B00CFQZUZM,Casual Knit Handbag,https://images.unsplash.com/photo-1553062407-98eeb64c6a62?w=400,Bags & Luggage,BagMaster,$171.99
B00IVV282S,Essential Knit Crossbody,https://images.unsplash.com/photo-1553062407-98eeb64c6a62?w=400,Bags & Luggage,BagMaster,$129.99
B01DKB5IPM,Classic Cotton Cardigan,https://images.unsplash.com/photo-1595777457583-95e059d581b8?w=400,Women's Clothing,ChicWear,$79.99
B01DK8R1VY,Stylish Cotton Running Shoes,https://images.unsplash.com/photo-1542291026-7eec264c27ff?w=400,Footwear,WalkEasy,$152.99
B006O9Y9HG,Premium Cotton Tie,https://images.unsplash.com/photo-1492707892479-7bc8d5a4ee93?w=400,Accessories,TrendyBits,$134.99
B01C7JB866,Essential Wool Messenger Bag,https://images.unsplash.com/photo-1553062407-98eeb64c6a62?w=400,Bags & Luggage,BagMaster,$201.99
B009K1Q00O,Classic Solid Jacket,https://images.unsplash.com/photo-1595777457583-95e059d581b8?w=400,Women's Clothing,ChicWear,$118.99
B01BR1ASZM,Luxury Knit Earrings,https://images.unsplash.com/photo-1535632066927-ab7c9ab60908?w=400,Jewelry,LuxeJewel,$416.99
B0009GELTG,Stylish Cotton Sandals,https://images.unsplash.com/photo-1542291026-7eec264c27ff?w=400,Footwear,WalkEasy,$48.99
B01E8K52P0,Stylish Cotton Sandals,https://images.unsplash.com/photo-1542291026-7eec264c27ff?w=400,Footwear,WalkEasy,$72.99
B01CZU8K90,Premium Silk Watch,https://images.unsplash.com/photo-1492707892479-7bc8d5a4ee93?w=400,Accessories,TrendyBits,$27.99
B013XXSQQK,Designer Printed Tie,https://images.unsplash.com/photo-1492707892479-7bc8d5a4ee93?w=400,Accessories,TrendyBits,$94.99
B00XY39OLG,Luxury Cotton Earrings,https://images.unsplash.com/photo-1535632066927-ab7c9ab60908?w=400,Jewelry,LuxeJewel,$132.99
B00RF39LN2,Comfortable Leather Jacket,https://images.unsplash.com/photo-1595777457583-95e059d581b8?w=400,Women's Clothing,ChicWear,$38.99
B00QGRCW66,Essential Silk Messenger Bag,https://images.unsplash.com/photo-1553062407-98eeb64c6a62?w=400,Bags & Luggage,BagMaster,$105.99
B00OPUITKO,Designer Silk Tie,https://images.unsplash.com/photo-1492707892479-7bc8d5a4ee93?w=400,Accessories,TrendyBits,$49.99
B00FC8B8I8,Comfortable Knit Skirt,https://images.unsplash.com/photo-1595777457583-95e059d581b8?w=400,Women's Clothing,ChicWear,$77.99
B01D893B32,Essential Silk Messenger Bag,https://images.unsplash.com/photo-1553062407-98eeb64c6a62?w=400,Bags & Luggage,BagMaster,$75.99
B0166IEBKO,Elegant Leather Pendant,https://images.unsplash.com/photo-1535632066927-ab7c9ab60908?w=400,Jewelry,LuxeJewel,$70.99
B01DCKZC3Y,Modern Canvas Jeans,https://images.unsplash.com/photo-1586790170083-2f9ceadc732d?w=400,Men's Clothing,UrbanGent,$23.99
B01DQEIO5O,Stylish Denim Sandals,https://images.unsplash.com/photo-1542291026-7eec264c27ff?w=400,Footwear,WalkEasy,$161.99
B01CNM0Z48,Vintage Knit Sneakers,https://images.unsplash.com/photo-1542291026-7eec264c27ff?w=400,Footwear,WalkEasy,$115.99
B00N2FPAIW,Trendy Cotton Jacket,https://images.unsplash.com/photo-1586790170083-2f9ceadc732d?w=400,Men's Clothing,UrbanGent,$65.99
B00CJ7KL10,Stylish Cotton Running Shoes,https://images.unsplash.com/photo-1542291026-7eec264c27ff?w=400,Footwear,WalkEasy,$73.99
B00JHOOEJ8,Casual Wool Handbag,https://images.unsplash.com/photo-1553062407-98eeb64c6a62?w=400,Bags & Luggage,BagMaster,$111.99
B014JE2VHC,Elegant Canvas Pendant,https://images.unsplash.com/photo-1535632066927-ab7c9ab60908?w=400,Jewelry,LuxeJewel,$264.99
B00LL4Q14S,Modern Denim Jacket,https://images.unsplash.com/photo-1586790170083-2f9ceadc732d?w=400,Men's Clothing,UrbanGent,$55.99
B00MXM3ZXW,Comfortable Synthetic Dress,https://images.unsplash.com/photo-1595777457583-95e059d581b8?w=400,Women's Clothing,ChicWear,$110.99
B00WAK214G,Premium Synthetic Wallet,https://images.unsplash.com/photo-1492707892479-7bc8d5a4ee93?w=400,Accessories,TrendyBits,$171.99
B013J93Z50,Trendy Cotton Jeans,https://images.unsplash.com/photo-1586790170083-2f9ceadc732d?w=400,Men's Clothing,UrbanGent,$33.99
B00U4M2M6O,Classic Canvas Pants,https://images.unsplash.com/photo-1595777457583-95e059d581b8?w=400,Women's Clothing,ChicWear,$91.99
B004QDEHEW,Vintage Synthetic Flats,https://images.unsplash.com/photo-1542291026-7eec264c27ff?w=400,Footwear,WalkEasy,$53.99
B017Z1EEI0,Premium Leather Gloves,https://images.unsplash.com/photo-1492707892479-7bc8d5a4ee93?w=400,Accessories,TrendyBits,$180.99
B0094G8XI2,Premium Solid Watch,https://images.unsplash.com/photo-1492707892479-7bc8d5a4ee93?w=400,Accessories,TrendyBits,$67.99
B00WMNEJYG,Modern Leather Jacket,https://images.unsplash.com/photo-1586790170083-2f9ceadc732d?w=400,Men's Clothing,UrbanGent,$65.99
B0000AWX3V,Classic Solid Jacket,https://images.unsplash.com/photo-1595777457583-95e059d581b8?w=400,Women's Clothing,ChicWear,$68.99
B015DV47O0,Elegant Wool Pendant,https://images.unsplash.com/photo-1535632066927-ab7c9ab60908?w=400,Jewelry,LuxeJewel,$110.99
B01E8TNW62,Trendy Printed Suit,https://images.unsplash.com/photo-1586790170083-2f9ceadc732d?w=400,Men's Clothing,UrbanGent,$59.99
B00IN9EM4U,Vintage Suede Sneakers,https://images.unsplash.com/photo-1542291026-7eec264c27ff?w=400,Footwear,WalkEasy,$102.99
B00UX378P4,Trendy Leather Jacket,https://images.unsplash.com/photo-1586790170083-2f9ceadc732d?w=400,Men's Clothing,UrbanGent,$35.99
B00TMYPOTW,Luxury Woven Earrings,https://images.unsplash.com/photo-1535632066927-ab7c9ab60908?w=400,Jewelry,LuxeJewel,$142.99
B01FICH2YQ,Comfortable Silk Cardigan,https://images.unsplash.com/photo-1595777457583-95e059d581b8?w=400,Women's Clothing,ChicWear,$59.99
B00X53EYB0,Essential Wool Messenger Bag,https://images.unsplash.com/photo-1553062407-98eeb64c6a62?w=400,Bags & Luggage,BagMaster,$69.99
B00HNVVFP8,Elegant Canvas Pendant,https://images.unsplash.com/photo-1535632066927-ab7c9ab60908?w=400,Jewelry,LuxeJewel,$144.99
B00M5FNVHW,Premium Wool Tie,https://images.unsplash.com/photo-1492707892479-7bc8d5a4ee93?w=400,Accessories,TrendyBits,$169.99
B017JMFJSE,Essential Silk Crossbody,https://images.unsplash.com/photo-1553062407-98eeb64c6a62?w=400,Bags & Luggage,BagMaster,$141.99
B00EYZPU7A,Stylish Leather Sandals,https://images.unsplash.com/photo-1542291026-7eec264c27ff?w=400,Footwear,WalkEasy,$51.99
B00GMRA6K4,Premium Solid Tie,https://images.unsplash.com/photo-1492707892479-7bc8d5a4ee93?w=400,Accessories,TrendyBits,$139.99
B01941NO0S,Designer Wool Watch,https://images.unsplash.com/photo-1492707892479-7bc8d5a4ee93?w=400,Accessories,TrendyBits,$137.99
B00N39V9KA,Luxury Denim Earrings,https://images.unsplash.com/photo-1535632066927-ab7c9ab60908?w=400,Jewelry,LuxeJewel,$192.99
B00W79RX2A,Modern Wool T-Shirt,https://images.unsplash.com/photo-1586790170083-2f9ceadc732d?w=400,Men's Clothing,UrbanGent,$51.99
B00O13JT9U,Comfortable Printed Jacket,https://images.unsplash.com/photo-1595777457583-95e059d581b8?w=400,Women's Clothing,ChicWear,$53.99
B00K6B4L44,Vintage Woven Flats,https://images.unsplash.com/photo-1542291026-7eec264c27ff?w=400,Footwear,WalkEasy,$108.99
B017QTI8SS,Comfortable Silk Dress,https://images.unsplash.com/photo-1595777457583-95e059d581b8?w=400,Women's Clothing,ChicWear,$100.99
B00MDAIR8W,Vintage Printed Flats,https://images.unsplash.com/photo-1542291026-7eec264c27ff?w=400,Footwear,WalkEasy,$146.99
B01B6OHR7C,Comfortable Woven Skirt,https://images.unsplash.com/photo-1595777457583-95e059d581b8?w=400,Women's Clothing,ChicWear,$82.99
B00N4G0UFC,Premium Leather Wallet,https://images.unsplash.com/photo-1492707892479-7bc8d5a4ee93?w=400,Accessories,TrendyBits,$171.99
B00027677G,Modern Silk Suit,https://images.unsplash.com/photo-1586790170083-2f9ceadc732d?w=400,Men's Clothing,UrbanGent,$139.99
B00NCIBG14,Stylish Denim Sandals,https://images.unsplash.com/photo-1542291026-7eec264c27ff?w=400,Footwear,WalkEasy,$122.99
B012CSHR6M,Luxury Suede Brooch,https://images.unsplash.com/photo-1535632066927-ab7c9ab60908?w=400,Jewelry,LuxeJewel,$36.99
B019H6U8HW,Comfortable Canvas Cardigan,https://images.unsplash.com/photo-1595777457583-95e059d581b8?w=400,Women's Clothing,ChicWear,$44.99
B00H4KBRHE,Vintage Woven Flats,https://images.unsplash.com/photo-1542291026-7eec264c27ff?w=400,Footwear,WalkEasy,$153.99
B00FRO7CUK,Stylish Woven Sandals,https://images.unsplash.com/photo-1542291026-7eec264c27ff?w=400,Footwear,WalkEasy,$96.99
B00UADE0T4,Casual Canvas Suitcase,https://images.unsplash.com/photo-1553062407-98eeb64c6a62?w=400,Bags & Luggage,BagMaster,$63.99
B01DR6U9T0,Modern Leather Suit,https://images.unsplash.com/photo-1586790170083-2f9ceadc732d?w=400,Men's Clothing,UrbanGent,$69.99
B00YU5YS4K,Designer Canvas Hat,https://images.unsplash.com/photo-1492707892479-7bc8d5a4ee93?w=400,Accessories,TrendyBits,$83.99
B00BWV1BL8,Stylish Solid Sandals,https://images.unsplash.com/photo-1542291026-7eec264c27ff?w=400,Footwear,WalkEasy,$110.99
B0083LRQG4,Stylish Knit Sandals,https://images.unsplash.com/photo-1542291026-7eec264c27ff?w=400,Footwear,WalkEasy,$126.99
B01DP7QWU6,Classic Printed Skirt,https://images.unsplash.com/photo-1595777457583-95e059d581b8?w=400,Women's Clothing,ChicWear,$112.99
B01ET94DDC,Trendy Suede Jacket,https://images.unsplash.com/photo-1586790170083-2f9ceadc732d?w=400,Men's Clothing,UrbanGent,$35.99
B0080HOAYW,Modern Suede Jeans,https://images.unsplash.com/photo-1586790170083-2f9ceadc732d?w=400,Men's Clothing,UrbanGent,$33.99
B00CIXPIQI,Essential Canvas Crossbody,https://images.unsplash.com/photo-1553062407-98eeb64c6a62?w=400,Bags & Luggage,BagMaster,$129.99
B007PRTVVK,Trendy Cotton Jeans,https://images.unsplash.com/photo-1586790170083-2f9ceadc732d?w=400,Men's Clothing,UrbanGent,$83.99
B00Z8L6FTQ,Classic Solid Skirt,https://images.unsplash.com/photo-1595777457583-95e059d581b8?w=400,Women's Clothing,ChicWear,$62.99
B00CP1X036,Trendy Solid Jeans,https://images.unsplash.com/photo-1586790170083-2f9ceadc732d?w=400,Men's Clothing,UrbanGent,$143.99
B01DG15XVU,Elegant Leather Necklace,https://images.unsplash.com/photo-1535632066927-ab7c9ab60908?w=400,Jewelry,LuxeJewel,$322.99
B01EY92GS6,Casual Solid Suitcase,https://images.unsplash.com/photo-1553062407-98eeb64c6a62?w=400,Bags & Luggage,BagMaster,$153.99
B00CPZOY5K,Elegant Wool Necklace,https://images.unsplash.com/photo-1535632066927-ab7c9ab60908?w=400,Jewelry,LuxeJewel,$364.99
B01DEOJ7LQ,Classic Cotton Dress,https://images.unsplash.com/photo-1595777457583-95e059d581b8?w=400,Women's Clothing,ChicWear,$110.99
B007KW2WES,Essential Canvas Crossbody,https://images.unsplash.com/photo-1553062407-98eeb64c6a62?w=400,Bags & Luggage,BagMaster,$195.99
B00D3NUPEM,Comfortable Silk Skirt,https://images.unsplash.com/photo-1595777457583-95e059d581b8?w=400,Women's Clothing,ChicWear,$47.99
B01F0WSKG8,Elegant Canvas Necklace,https://images.unsplash.com/photo-1535632066927-ab7c9ab60908?w=400,Jewelry,LuxeJewel,$154.99
B00D7SVWV8,Designer Leather Hat,https://images.unsplash.com/photo-1492707892479-7bc8d5a4ee93?w=400,Accessories,TrendyBits,$23.99
B01D8CQMQ2,Vintage Woven Flats,https://images.unsplash.com/photo-1542291026-7eec264c27ff?w=400,Footwear,WalkEasy,$172.99
B00TY5NROI,Casual Printed Suitcase,https://images.unsplash.com/photo-1553062407-98eeb64c6a62?w=400,Bags & Luggage,BagMaster,$51.99
B01D67TTLO,Classic Synthetic Jacket,https://images.unsplash.com/photo-1595777457583-95e059d581b8?w=400,Women's Clothing,ChicWear,$43.99
B01DXLTCBA,Modern Canvas Jacket,https://images.unsplash.com/photo-1586790170083-2f9ceadc732d?w=400,Men's Clothing,UrbanGent,$95.99
B00TV3K9NK,Casual Silk Suitcase,https://images.unsplash.com/photo-1553062407-98eeb64c6a62?w=400,Bags & Luggage,BagMaster,$189.99
B00ZI0MG86,Designer Synthetic Tie,https://images.unsplash.com/photo-1492707892479-7bc8d5a4ee93?w=400,Accessories,TrendyBits,$19.99
B00XRJS6KM,Vintage Woven Flats,https://images.unsplash.com/photo-1542291026-7eec264c27ff?w=400,Footwear,WalkEasy,$166.99
B00TT7V39W,Elegant Synthetic Necklace,https://images.unsplash.com/photo-1535632066927-ab7c9ab60908?w=400,Jewelry,LuxeJewel,$32.99
B01D173E5Q,Trendy Denim Jacket,https://images.unsplash.com/photo-1586790170083-2f9ceadc732d?w=400,Men's Clothing,UrbanGent,$105.99
B01F6KXLKE,Essential Synthetic Crossbody,https://images.unsplash.com/photo-1553062407-98eeb64c6a62?w=400,Bags & Luggage,BagMaster,$207.99
B006ZN1TCY,Vintage Denim Flats,https://images.unsplash.com/photo-1542291026-7eec264c27ff?w=400,Footwear,WalkEasy,$105.99
B00ZR1P4XU,Vintage Synthetic Sneakers,https://images.unsplash.com/photo-1542291026-7eec264c27ff?w=400,Footwear,WalkEasy,$46.99
B01F8KIGOS,Vintage Wool Sneakers,https://images.unsplash.com/photo-1542291026-7eec264c27ff?w=400,Footwear,WalkEasy,$146.99
B00TJWZCRQ,Stylish Knit Running Shoes,https://images.unsplash.com/photo-1542291026-7eec264c27ff?w=400,Footwear,WalkEasy,$94.99
B00V6JTXUC,Casual Woven Suitcase,https://images.unsplash.com/photo-1553062407-98eeb64c6a62?w=400,Bags & Luggage,BagMaster,$195.99
B00ZUHTH1Q,Elegant Wool Necklace,https://images.unsplash.com/photo-1535632066927-ab7c9ab60908?w=400,Jewelry,LuxeJewel,$426.99
B00ED2IYEA,Vintage Denim Flats,https://images.unsplash.com/photo-1542291026-7eec264c27ff?w=400,Footwear,WalkEasy,$131.99
B00TIHYD5O,Designer Silk Gloves,https://images.unsplash.com/photo-1492707892479-7bc8d5a4ee93?w=400,Accessories,TrendyBits,$180.99
B01CRD4MKQ,Premium Solid Watch,https://images.unsplash.com/photo-1492707892479-7bc8d5a4ee93?w=400,Accessories,TrendyBits,$67.99
B01CR8RJQA,Vintage Leather Sneakers,https://images.unsplash.com/photo-1542291026-7eec264c27ff?w=400,Footwear,WalkEasy,$172.99
B01FBFXKQ4,Stylish Wool Running Shoes,https://images.unsplash.com/photo-1542291026-7eec264c27ff?w=400,Footwear,WalkEasy,$126.99
B01COQ7122,Vintage Printed Flats,https://images.unsplash.com/photo-1542291026-7eec264c27ff?w=400,Footwear,WalkEasy,$136.99
B00EOL67NU,Essential Leather Crossbody,https://images.unsplash.com/photo-1553062407-98eeb64c6a62?w=400,Bags & Luggage,BagMaster,$117.99
B00TFES1YO,Classic Synthetic Dress,https://images.unsplash.com/photo-1595777457583-95e059d581b8?w=400,Women's Clothing,ChicWear,$30.99
B00EYGOLX8,Vintage Printed Sneakers,https://images.unsplash.com/photo-1542291026-7eec264c27ff?w=400,Footwear,WalkEasy,$36.99
B0107QRLZ8,Classic Leather Jacket,https://images.unsplash.com/photo-1595777457583-95e059d581b8?w=400,Women's Clothing,ChicWear,$58.99
B00TA25GQM,Vintage Synthetic Sneakers,https://images.unsplash.com/photo-1542291026-7eec264c27ff?w=400,Footwear,WalkEasy,$135.99
B01FFB7PQU,Stylish Wool Running Shoes,https://images.unsplash.com/photo-1542291026-7eec264c27ff?w=400,Footwear,WalkEasy,$116.99
B0108TCR76,Trendy Printed Jeans,https://images.unsplash.com/photo-1586790170083-2f9ceadc732d?w=400,Men's Clothing,UrbanGent,$133.99
B00F7942OO,Modern Silk T-Shirt,https://images.unsplash.com/photo-1586790170083-2f9ceadc732d?w=400,Men's Clothing,UrbanGent,$141.99
B01CDVEJWI,Vintage Suede Sneakers,https://images.unsplash.com/photo-1542291026-7eec264c27ff?w=400,Footwear,WalkEasy,$106.99
B01CDECX3M,Comfortable Wool Cardigan,https://images.unsplash.com/photo-1595777457583-95e059d581b8?w=400,Women's Clothing,ChicWear,$109.99
B00V8K8IHS,Trendy Canvas T-Shirt,https://images.unsplash.com/photo-1586790170083-2f9ceadc732d?w=400,Men's Clothing,UrbanGent,$51.99
B00T72Y0U8,Premium Knit Wallet,https://images.unsplash.com/photo-1492707892479-7bc8d5a4ee93?w=400,Accessories,TrendyBits,$141.99
B00FGCM60E,Casual Wool Suitcase,https://images.unsplash.com/photo-1553062407-98eeb64c6a62?w=400,Bags & Luggage,BagMaster,$93.99
B01FH7EJXE,Elegant Silk Pendant,https://images.unsplash.com/photo-1535632066927-ab7c9ab60908?w=400,Jewelry,LuxeJewel,$96.99
B01C4APLZM,Vintage Woven Sneakers,https://images.unsplash.com/photo-1542291026-7eec264c27ff?w=400,Footwear,WalkEasy,$69.99
B00T3JPS92,Casual Leather Suitcase,https://images.unsplash.com/photo-1553062407-98eeb64c6a62?w=400,Bags & Luggage,BagMaster,$141.99
B005R4ZLGW,Luxury Synthetic Brooch,https://images.unsplash.com/photo-1535632066927-ab7c9ab60908?w=400,Jewelry,LuxeJewel,$352.99
B01C2MC7DG,Trendy Knit Jeans,https://images.unsplash.com/photo-1586790170083-2f9ceadc732d?w=400,Men's Clothing,UrbanGent,$23.99
B00G2ITOXS,Essential Woven Messenger Bag,https://images.unsplash.com/photo-1553062407-98eeb64c6a62?w=400,Bags & Luggage,BagMaster,$171.99
B00SZNGK94,Vintage Cotton Sneakers,https://images.unsplash.com/photo-1542291026-7eec264c27ff?w=400,Footwear,WalkEasy,$100.99
B00SZMDO4E,Trendy Printed Jacket,https://images.unsplash.com/photo-1586790170083-2f9ceadc732d?w=400,Men's Clothing,UrbanGent,$135.99
B01FLFL5PC,Classic Denim Pants,https://images.unsplash.com/photo-1595777457583-95e059d581b8?w=400,Women's Clothing,ChicWear,$41.99
B01BUFZVO8,Luxury Suede Earrings,https://images.unsplash.com/photo-1535632066927-ab7c9ab60908?w=400,Jewelry,LuxeJewel,$168.99
B00GGGXKOA,Elegant Printed Necklace,https://images.unsplash.com/photo-1535632066927-ab7c9ab60908?w=400,Jewelry,LuxeJewel,$448.99
B01BQZ20QY,Modern Woven Jeans,https://images.unsplash.com/photo-1586790170083-2f9ceadc732d?w=400,Men's Clothing,UrbanGent,$33.99
B01BQ9TQPS,Modern Cotton T-Shirt,https://images.unsplash.com/photo-1586790170083-2f9ceadc732d?w=400,Men's Clothing,UrbanGent,$91.99
B01E2MUDGW,Elegant Denim Necklace,https://images.unsplash.com/photo-1535632066927-ab7c9ab60908?w=400,Jewelry,LuxeJewel,$350.99
B005JQK2EY,Luxury Canvas Brooch,https://images.unsplash.com/photo-1535632066927-ab7c9ab60908?w=400,Jewelry,LuxeJewel,$324.99
B00GS02WV6,Comfortable Denim Dress,https://images.unsplash.com/photo-1595777457583-95e059d581b8?w=400,Women's Clothing,ChicWear,$55.99
B00GSIPVE8,Premium Solid Gloves,https://images.unsplash.com/photo-1492707892479-7bc8d5a4ee93?w=400,Accessories,TrendyBits,$15.99
B00GVGM91K,Designer Solid Gloves,https://images.unsplash.com/photo-1492707892479-7bc8d5a4ee93?w=400,Accessories,TrendyBits,$125.99
B01BGNGEIQ,Comfortable Synthetic Skirt,https://images.unsplash.com/photo-1595777457583-95e059d581b8?w=400,Women's Clothing,ChicWear,$37.99
B01BDVONRU,Modern Leather Suit,https://images.unsplash.com/photo-1586790170083-2f9ceadc732d?w=400,Men's Clothing,UrbanGent,$119.99
B00H8Q09EQ,Stylish Woven Sandals,https://images.unsplash.com/photo-1542291026-7eec264c27ff?w=400,Footwear,WalkEasy,$114.99
B01124UP2A,Trendy Woven Jeans,https://images.unsplash.com/photo-1586790170083-2f9ceadc732d?w=400,Men's Clothing,UrbanGent,$53.99
B00HB2MZ58,Vintage Wool Flats,https://images.unsplash.com/photo-1542291026-7eec264c27ff?w=400,Footwear,WalkEasy,$36.99
B011674WV8,Comfortable Solid Pants,https://images.unsplash.com/photo-1595777457583-95e059d581b8?w=400,Women's Clothing,ChicWear,$96.99
B00HQ8H64W,Premium Woven Gloves,https://images.unsplash.com/photo-1492707892479-7bc8d5a4ee93?w=400,Accessories,TrendyBits,$45.99
B00XAQEFXY,Elegant Cotton Pendant,https://images.unsplash.com/photo-1535632066927-ab7c9ab60908?w=400,Jewelry,LuxeJewel,$398.99
B00HYHSBJ4,Comfortable Denim Dress,https://images.unsplash.com/photo-1595777457583-95e059d581b8?w=400,Women's Clothing,ChicWear,$70.99
B0050K48G2,Stylish Wool Sandals,https://images.unsplash.com/photo-1542291026-7eec264c27ff?w=400,Footwear,WalkEasy,$128.99
B01ATZI6DS,Stylish Printed Sandals,https://images.unsplash.com/photo-1542291026-7eec264c27ff?w=400,Footwear,WalkEasy,$40.99
B01ATCZSA0,Luxury Woven Earrings,https://images.unsplash.com/photo-1535632066927-ab7c9ab60908?w=400,Jewelry,LuxeJewel,$462.99
B004YZE6UM,Designer Cotton Tie,https://images.unsplash.com/photo-1492707892479-7bc8d5a4ee93?w=400,Accessories,TrendyBits,$164.99
B004YQWYLE,Luxury Leather Earrings,https://images.unsplash.com/photo-1535632066927-ab7c9ab60908?w=400,Jewelry,LuxeJewel,$326.99
B01E4Q7QZW,Comfortable Knit Jacket,https://images.unsplash.com/photo-1595777457583-95e059d581b8?w=400,Women's Clothing,ChicWear,$93.99
B00IBJFFBG,Essential Synthetic Messenger Bag,https://images.unsplash.com/photo-1553062407-98eeb64c6a62?w=400,Bags & Luggage,BagMaster,$45.99
B00SGGMB16,Stylish Leather Sandals,https://images.unsplash.com/photo-1542291026-7eec264c27ff?w=400,Footwear,WalkEasy,$97.99
B01ANIUWV0,Trendy Canvas Hoodie,https://images.unsplash.com/photo-1586790170083-2f9ceadc732d?w=400,Men's Clothing,UrbanGent,$147.99
B00IJLB7KE,Stylish Synthetic Sandals,https://images.unsplash.com/photo-1542291026-7eec264c27ff?w=400,Footwear,WalkEasy,$143.99
B01ALAY5RM,Stylish Woven Running Shoes,https://images.unsplash.com/photo-1542291026-7eec264c27ff?w=400,Footwear,WalkEasy,$113.99
B01AJ8U7RI,Comfortable Printed Skirt,https://images.unsplash.com/photo-1595777457583-95e059d581b8?w=400,Women's Clothing,ChicWear,$102.99
B00IP2PIWA,Premium Knit Wallet,https://images.unsplash.com/photo-1492707892479-7bc8d5a4ee93?w=400,Accessories,TrendyBits,$171.99
B01FZ3Q9QU,Trendy Cotton Hoodie,https://images.unsplash.com/photo-1586790170083-2f9ceadc732d?w=400,Men's Clothing,UrbanGent,$67.99
B01AIKB4GU,Classic Wool Jacket,https://images.unsplash.com/photo-1595777457583-95e059d581b8?w=400,Women's Clothing,ChicWear,$58.99
B00APZLQJY,Stylish Canvas Running Shoes,https://images.unsplash.com/photo-1542291026-7eec264c27ff?w=400,Footwear,WalkEasy,$54.99
B00X65FQTQ,Modern Synthetic Hoodie,https://images.unsplash.com/photo-1586790170083-2f9ceadc732d?w=400,Men's Clothing,UrbanGent,$137.99
B00IXD26WQ,Classic Cotton Pants,https://images.unsplash.com/photo-1595777457583-95e059d581b8?w=400,Women's Clothing,ChicWear,$116.99
B00S7VA4ZA,Elegant Leather Pendant,https://images.unsplash.com/photo-1535632066927-ab7c9ab60908?w=400,Jewelry,LuxeJewel,$310.99
B01G2IZ50S,Vintage Knit Flats,https://images.unsplash.com/photo-1542291026-7eec264c27ff?w=400,Footwear,WalkEasy,$119.99
B011PM7I1U,Premium Canvas Tie,https://images.unsplash.com/photo-1492707892479-7bc8d5a4ee93?w=400,Accessories,TrendyBits,$104.99
B01A6ONBQY,Modern Silk T-Shirt,https://images.unsplash.com/photo-1586790170083-2f9ceadc732d?w=400,Men's Clothing,UrbanGent,$21.99
B01A55S01K,Designer Denim Watch,https://images.unsplash.com/photo-1492707892479-7bc8d5a4ee93?w=400,Accessories,TrendyBits,$97.99
B011V7ZG3Q,Vintage Knit Sneakers,https://images.unsplash.com/photo-1542291026-7eec264c27ff?w=400,Footwear,WalkEasy,$137.99
B01G4YEMD6,Comfortable Cotton Dress,https://images.unsplash.com/photo-1595777457583-95e059d581b8?w=400,Women's Clothing,ChicWear,$25.99
B01G50VMNW,Casual Printed Suitcase,https://images.unsplash.com/photo-1553062407-98eeb64c6a62?w=400,Bags & Luggage,BagMaster,$81.99
B00X3IE4YE,Stylish Cotton Sandals,https://images.unsplash.com/photo-1542291026-7eec264c27ff?w=400,Footwear,WalkEasy,$153.99
B00RYV98OM,Classic Canvas Cardigan,https://images.unsplash.com/photo-1595777457583-95e059d581b8?w=400,Women's Clothing,ChicWear,$44.99
B00X302XI6,Essential Synthetic Messenger Bag,https://images.unsplash.com/photo-1553062407-98eeb64c6a62?w=400,Bags & Luggage,BagMaster,$93.99
B019HHJQ2Y,Vintage Synthetic Sneakers,https://images.unsplash.com/photo-1542291026-7eec264c27ff?w=400,Footwear,WalkEasy,$137.99
B00VL6CO2E,Trendy Denim Jacket,https://images.unsplash.com/photo-1586790170083-2f9ceadc732d?w=400,Men's Clothing,UrbanGent,$115.99
B019BUQP80,Casual Leather Handbag,https://images.unsplash.com/photo-1553062407-98eeb64c6a62?w=400,Bags & Luggage,BagMaster,$117.99
B0199BWK1M,Elegant Printed Necklace,https://images.unsplash.com/photo-1535632066927-ab7c9ab60908?w=400,Jewelry,LuxeJewel,$434.99
B0128NHDT2,Essential Canvas Messenger Bag,https://images.unsplash.com/photo-1553062407-98eeb64c6a62?w=400,Bags & Luggage,BagMaster,$51.99
B01G8PYTC0,Stylish Solid Sandals,https://images.unsplash.com/photo-1542291026-7eec264c27ff?w=400,Footwear,WalkEasy,$179.99
B0197EDP9W,Classic Silk Dress,https://images.unsplash.com/photo-1595777457583-95e059d581b8?w=400,Women's Clothing,ChicWear,$50.99
B00K5Y45LG,Designer Wool Tie,https://images.unsplash.com/photo-1492707892479-7bc8d5a4ee93?w=400,Accessories,TrendyBits,$44.99
B00K7J469K,Modern Woven Hoodie,https://images.unsplash.com/photo-1586790170083-2f9ceadc732d?w=400,Men's Clothing,UrbanGent,$117.99
B01E7M6U2I,Classic Printed Dress,https://images.unsplash.com/photo-1595777457583-95e059d581b8?w=400,Women's Clothing,ChicWear,$35.99
B018W8TWJQ,Essential Wool Crossbody,https://images.unsplash.com/photo-1553062407-98eeb64c6a62?w=400,Bags & Luggage,BagMaster,$147.99
B018W8LRS0,Trendy Denim T-Shirt,https://images.unsplash.com/photo-1586790170083-2f9ceadc732d?w=400,Men's Clothing,UrbanGent,$61.99
B00KC1ZISG,Essential Cotton Crossbody,https://images.unsplash.com/photo-1553062407-98eeb64c6a62?w=400,Bags & Luggage,BagMaster,$159.99
B00KCY4M1M,Stylish Synthetic Sandals,https://images.unsplash.com/photo-1542291026-7eec264c27ff?w=400,Footwear,WalkEasy,$90.99
B002WDTIJW,Modern Solid Jacket,https://images.unsplash.com/photo-1586790170083-2f9ceadc732d?w=400,Men's Clothing,UrbanGent,$75.99
B00KHC1MWG,Comfortable Canvas Skirt,https://images.unsplash.com/photo-1595777457583-95e059d581b8?w=400,Women's Clothing,ChicWear,$112.99
B002TN5AGA,Essential Canvas Messenger Bag,https://images.unsplash.com/photo-1553062407-98eeb64c6a62?w=400,Bags & Luggage,BagMaster,$135.99
B018MS1W12,Modern Woven T-Shirt,https://images.unsplash.com/photo-1586790170083-2f9ceadc732d?w=400,Men's Clothing,UrbanGent,$51.99
B01DV3AL4W,Stylish Solid Sandals,https://images.unsplash.com/photo-1542291026-7eec264c27ff?w=400,Footwear,WalkEasy,$168.99
B00KMPH1C8,Designer Leather Watch,https://images.unsplash.com/photo-1492707892479-7bc8d5a4ee93?w=400,Accessories,TrendyBits,$37.99
B00KMAOQ12,Trendy Silk T-Shirt,https://images.unsplash.com/photo-1586790170083-2f9ceadc732d?w=400,Men's Clothing,UrbanGent,$31.99
B018GXJB9S,Classic Silk Pants,https://images.unsplash.com/photo-1595777457583-95e059d581b8?w=400,Women's Clothing,ChicWear,$91.99
B00KSK3AJ0,Classic Denim Pants,https://images.unsplash.com/photo-1595777457583-95e059d581b8?w=400,Women's Clothing,ChicWear,$31.99
B00KSKOQHA,Vintage Silk Flats,https://images.unsplash.com/photo-1542291026-7eec264c27ff?w=400,Footwear,WalkEasy,$151.99
B002GT43FG,Modern Printed T-Shirt,https://images.unsplash.com/photo-1586790170083-2f9ceadc732d?w=400,Men's Clothing,UrbanGent,$121.99
B00KVMCCUS,Classic Solid Cardigan,https://images.unsplash.com/photo-1595777457583-95e059d581b8?w=400,Women's Clothing,ChicWear,$74.99
B0189VS4OA,Stylish Canvas Sandals,https://images.unsplash.com/photo-1542291026-7eec264c27ff?w=400,Footwear,WalkEasy,$68.99
B002DRUF30,Luxury Synthetic Earrings,https://images.unsplash.com/photo-1535632066927-ab7c9ab60908?w=400,Jewelry,LuxeJewel,$412.99
B0189DZ2AW,Premium Cotton Gloves,https://images.unsplash.com/photo-1492707892479-7bc8d5a4ee93?w=400,Accessories,TrendyBits,$135.99
B00KVMYL7U,Stylish Solid Running Shoes,https://images.unsplash.com/photo-1542291026-7eec264c27ff?w=400,Footwear,WalkEasy,$126.99
B0133DB590,Essential Solid Crossbody,https://images.unsplash.com/photo-1553062407-98eeb64c6a62?w=400,Bags & Luggage,BagMaster,$213.99
B00WS41W7Q,Stylish Denim Running Shoes,https://images.unsplash.com/photo-1542291026-7eec264c27ff?w=400,Footwear,WalkEasy,$93.99
B01ENY5760,Luxury Wool Brooch,https://images.unsplash.com/photo-1535632066927-ab7c9ab60908?w=400,Jewelry,LuxeJewel,$440.99
B0186LS8EO,Vintage Knit Sneakers,https://images.unsplash.com/photo-1542291026-7eec264c27ff?w=400,Footwear,WalkEasy,$161.99
B00L32Y7BC,Designer Wool Tie,https://images.unsplash.com/photo-1492707892479-7bc8d5a4ee93?w=400,Accessories,TrendyBits,$89.99
B00L3GO5TC,Trendy Suede Hoodie,https://images.unsplash.com/photo-1586790170083-2f9ceadc732d?w=400,Men's Clothing,UrbanGent,$57.99
B01GJLG8OK,Comfortable Solid Dress,https://images.unsplash.com/photo-1595777457583-95e059d581b8?w=400,Women's Clothing,ChicWear,$115.99
B01E8ZYU76,Classic Wool Jacket,https://images.unsplash.com/photo-1595777457583-95e059d581b8?w=400,Women's Clothing,ChicWear,$118.99
B01GJWQC1S,Luxury Silk Brooch,https://images.unsplash.com/photo-1535632066927-ab7c9ab60908?w=400,Jewelry,LuxeJewel,$250.99
B00A80MSU2,Elegant Synthetic Necklace,https://images.unsplash.com/photo-1535632066927-ab7c9ab60908?w=400,Jewelry,LuxeJewel,$474.99
B00LCR8MDW,Classic Synthetic Pants,https://images.unsplash.com/photo-1595777457583-95e059d581b8?w=400,Women's Clothing,ChicWear,$61.99
B017U0KK02,Classic Solid Jacket,https://images.unsplash.com/photo-1595777457583-95e059d581b8?w=400,Women's Clothing,ChicWear,$73.99
B001I3EK72,Comfortable Printed Cardigan,https://images.unsplash.com/photo-1595777457583-95e059d581b8?w=400,Women's Clothing,ChicWear,$99.99
B017PVJ8RC,Luxury Printed Brooch,https://images.unsplash.com/photo-1535632066927-ab7c9ab60908?w=400,Jewelry,LuxeJewel,$418.99
B00LOZ5TXS,Premium Suede Wallet,https://images.unsplash.com/photo-1492707892479-7bc8d5a4ee93?w=400,Accessories,TrendyBits,$46.99
B01GQQADDA,Essential Knit Crossbody,https://images.unsplash.com/photo-1553062407-98eeb64c6a62?w=400,Bags & Luggage,BagMaster,$183.99
B00QIA52JA,Comfortable Woven Skirt,https://images.unsplash.com/photo-1595777457583-95e059d581b8?w=400,Women's Clothing,ChicWear,$117.99
B00VTITVPW,Designer Silk Watch,https://images.unsplash.com/photo-1492707892479-7bc8d5a4ee93?w=400,Accessories,TrendyBits,$132.99
B013NNXEGW,Modern Leather Suit,https://images.unsplash.com/photo-1586790170083-2f9ceadc732d?w=400,Men's Clothing,UrbanGent,$109.99
B017G6L8G0,Casual Cotton Handbag,https://images.unsplash.com/photo-1553062407-98eeb64c6a62?w=400,Bags & Luggage,BagMaster,$231.99
B00M08P1XG,Elegant Silk Necklace,https://images.unsplash.com/photo-1535632066927-ab7c9ab60908?w=400,Jewelry,LuxeJewel,$74.99
B009XOZYQ4,Trendy Solid Hoodie,https://images.unsplash.com/photo-1586790170083-2f9ceadc732d?w=400,Men's Clothing,UrbanGent,$67.99
B00M0LC9K6,Luxury Wool Earrings,https://images.unsplash.com/photo-1535632066927-ab7c9ab60908?w=400,Jewelry,LuxeJewel,$492.99
B017DVNXUW,Vintage Silk Sneakers,https://images.unsplash.com/photo-1542291026-7eec264c27ff?w=400,Footwear,WalkEasy,$90.99
B0014FBC20,Comfortable Cotton Jacket,https://images.unsplash.com/photo-1595777457583-95e059d581b8?w=400,Women's Clothing,ChicWear,$93.99
B0089EZDLA,Modern Woven Jacket,https://images.unsplash.com/photo-1586790170083-2f9ceadc732d?w=400,Men's Clothing,UrbanGent,$85.99
B0179AR0NI,Comfortable Wool Skirt,https://images.unsplash.com/photo-1595777457583-95e059d581b8?w=400,Women's Clothing,ChicWear,$57.99
B00MCVHY72,Premium Suede Hat,https://images.unsplash.com/photo-1492707892479-7bc8d5a4ee93?w=400,Accessories,TrendyBits,$63.99
B013SGX4H8,Trendy Canvas Suit,https://images.unsplash.com/photo-1586790170083-2f9ceadc732d?w=400,Men's Clothing,UrbanGent,$29.99
B00Q5BTDUG,Elegant Leather Necklace,https://images.unsplash.com/photo-1535632066927-ab7c9ab60908?w=400,Jewelry,LuxeJewel,$166.99
B01701S6UW,Casual Suede Handbag,https://images.unsplash.com/photo-1553062407-98eeb64c6a62?w=400,Bags & Luggage,BagMaster,$75.99
B009OXZ81U,Trendy Synthetic Jacket,https://images.unsplash.com/photo-1586790170083-2f9ceadc732d?w=400,Men's Clothing,UrbanGent,$115.99
B016Y7U8PO,Modern Cotton T-Shirt,https://images.unsplash.com/photo-1586790170083-2f9ceadc732d?w=400,Men's Clothing,UrbanGent,$101.99
B013ULODOO,Elegant Canvas Necklace,https://images.unsplash.com/photo-1535632066927-ab7c9ab60908?w=400,Jewelry,LuxeJewel,$276.99
B00VV8PYIS,Classic Denim Dress,https://images.unsplash.com/photo-1595777457583-95e059d581b8?w=400,Women's Clothing,ChicWear,$70.99
B016RWJ1C2,Essential Suede Crossbody,https://images.unsplash.com/photo-1553062407-98eeb64c6a62?w=400,Bags & Luggage,BagMaster,$111.99
B01H08EER4,Modern Silk Suit,https://images.unsplash.com/photo-1586790170083-2f9ceadc732d?w=400,Men's Clothing,UrbanGent,$69.99
B00UV4S5ZM,Casual Woven Suitcase,https://images.unsplash.com/photo-1553062407-98eeb64c6a62?w=400,Bags & Luggage,BagMaster,$135.99
B01EGX6YD8,Comfortable Denim Dress,https://images.unsplash.com/photo-1595777457583-95e059d581b8?w=400,Women's Clothing,ChicWear,$70.99
B00PUKMBH0,Modern Canvas Hoodie,https://images.unsplash.com/photo-1586790170083-2f9ceadc732d?w=400,Men's Clothing,UrbanGent,$117.99
B016KDXCPK,Vintage Solid Flats,https://images.unsplash.com/photo-1542291026-7eec264c27ff?w=400,Footwear,WalkEasy,$61.99
B016K3PZAA,Luxury Denim Earrings,https://images.unsplash.com/photo-1535632066927-ab7c9ab60908?w=400,Jewelry,LuxeJewel,$416.99
B016ICA8ZU,Classic Suede Jacket,https://images.unsplash.com/photo-1595777457583-95e059d581b8?w=400,Women's Clothing,ChicWear,$108.99
B000MD8UI4,Designer Denim Tie,https://images.unsplash.com/photo-1492707892479-7bc8d5a4ee93?w=400,Accessories,TrendyBits,$44.99
B016DB721E,Trendy Leather Hoodie,https://images.unsplash.com/photo-1586790170083-2f9ceadc732d?w=400,Men's Clothing,UrbanGent,$107.99
B000KY0JNE,Comfortable Denim Jacket,https://images.unsplash.com/photo-1595777457583-95e059d581b8?w=400,Women's Clothing,ChicWear,$113.99
B016D2RC0O,Vintage Leather Flats,https://images.unsplash.com/photo-1542291026-7eec264c27ff?w=400,Footwear,WalkEasy,$120.99
B016AWOO58,Designer Knit Wallet,https://images.unsplash.com/photo-1492707892479-7bc8d5a4ee93?w=400,Accessories,TrendyBits,$141.99
B016AJBLOI,Modern Synthetic Jeans,https://images.unsplash.com/photo-1586790170083-2f9ceadc732d?w=400,Men's Clothing,UrbanGent,$53.99
B000J3VWQE,Premium Leather Wallet,https://images.unsplash.com/photo-1492707892479-7bc8d5a4ee93?w=400,Accessories,TrendyBits,$106.99
B00NBWBUIA,Classic Woven Dress,https://images.unsplash.com/photo-1595777457583-95e059d581b8?w=400,Women's Clothing,ChicWear,$80.99
B00NEBW38Y,Classic Silk Pants,https://images.unsplash.com/photo-1595777457583-95e059d581b8?w=400,Women's Clothing,ChicWear,$106.99
B009EQBVSQ,Elegant Synthetic Necklace,https://images.unsplash.com/photo-1535632066927-ab7c9ab60908?w=400,Jewelry,LuxeJewel,$130.99
B0146HLTJI,Designer Synthetic Hat,https://images.unsplash.com/photo-1492707892479-7bc8d5a4ee93?w=400,Accessories,TrendyBits,$173.99
B015Z4V7Y8,Designer Woven Hat,https://images.unsplash.com/photo-1492707892479-7bc8d5a4ee93?w=400,Accessories,TrendyBits,$68.99
B000I26Y82,Modern Denim Hoodie,https://images.unsplash.com/photo-1586790170083-2f9ceadc732d?w=400,Men's Clothing,UrbanGent,$117.99
B00PJATRJQ,Luxury Canvas Earrings,https://images.unsplash.com/photo-1535632066927-ab7c9ab60908?w=400,Jewelry,LuxeJewel,$442.99
B015T295ZO,Luxury Denim Brooch,https://images.unsplash.com/photo-1535632066927-ab7c9ab60908?w=400,Jewelry,LuxeJewel,$276.99
B0148IU5JU,Comfortable Leather Pants,https://images.unsplash.com/photo-1595777457583-95e059d581b8?w=400,Women's Clothing,ChicWear,$86.99
B015RKDVLM,Comfortable Cotton Jacket,https://images.unsplash.com/photo-1595777457583-95e059d581b8?w=400,Women's Clothing,ChicWear,$78.99
B01H9AAGVG,Modern Knit Suit,https://images.unsplash.com/photo-1586790170083-2f9ceadc732d?w=400,Men's Clothing,UrbanGent,$89.99
B00NNX4H64,Classic Knit Dress,https://images.unsplash.com/photo-1595777457583-95e059d581b8?w=400,Women's Clothing,ChicWear,$85.99
B00PGQJNY2,Essential Denim Messenger Bag,https://images.unsplash.com/photo-1553062407-98eeb64c6a62?w=400,Bags & Luggage,BagMaster,$99.99
B015Q7YPSO,Premium Suede Tie,https://images.unsplash.com/photo-1492707892479-7bc8d5a4ee93?w=400,Accessories,TrendyBits,$169.99
B014AWZWGK,Stylish Synthetic Running Shoes,https://images.unsplash.com/photo-1542291026-7eec264c27ff?w=400,Footwear,WalkEasy,$141.99
B000GACXPO,Essential Wool Messenger Bag,https://images.unsplash.com/photo-1553062407-98eeb64c6a62?w=400,Bags & Luggage,BagMaster,$75.99
B015PGY8QK,Vintage Cotton Sneakers,https://images.unsplash.com/photo-1542291026-7eec264c27ff?w=400,Footwear,WalkEasy,$106.99
B015P0CRKK,Classic Woven Dress,https://images.unsplash.com/photo-1595777457583-95e059d581b8?w=400,Women's Clothing,ChicWear,$35.99
B00NSSKJ48,Vintage Denim Flats,https://images.unsplash.com/photo-1542291026-7eec264c27ff?w=400,Footwear,WalkEasy,$74.99
B01HBJW7DA,Classic Suede Skirt,https://images.unsplash.com/photo-1595777457583-95e059d581b8?w=400,Women's Clothing,ChicWear,$107.99
B014EIEX4M,Trendy Suede Hoodie,https://images.unsplash.com/photo-1586790170083-2f9ceadc732d?w=400,Men's Clothing,UrbanGent,$97.99
B00W1K8GQC,Trendy Knit Jeans,https://images.unsplash.com/photo-1586790170083-2f9ceadc732d?w=400,Men's Clothing,UrbanGent,$133.99
B014G6DCXK,Classic Printed Dress,https://images.unsplash.com/photo-1595777457583-95e059d581b8?w=400,Women's Clothing,ChicWear,$40.99
B015G9NAGK,Stylish Leather Sandals,https://images.unsplash.com/photo-1542291026-7eec264c27ff?w=400,Footwear,WalkEasy,$115.99
B00W8WY842,Modern Wool Suit,https://images.unsplash.com/photo-1586790170083-2f9ceadc732d?w=400,Men's Clothing,UrbanGent,$109.99
B000BCJO68,Luxury Synthetic Brooch,https://images.unsplash.com/photo-1535632066927-ab7c9ab60908?w=400,Jewelry,LuxeJewel,$280.99
B015ECWWC2,Elegant Printed Pendant,https://images.unsplash.com/photo-1535632066927-ab7c9ab60908?w=400,Jewelry,LuxeJewel,$156.99
B00O985UJK,Luxury Canvas Brooch,https://images.unsplash.com/photo-1535632066927-ab7c9ab60908?w=400,Jewelry,LuxeJewel,$374.99
B00W8847H4,Designer Silk Gloves,https://images.unsplash.com/photo-1492707892479-7bc8d5a4ee93?w=400,Accessories,TrendyBits,$150.99
B014ITLNBS,Classic Cotton Pants,https://images.unsplash.com/photo-1595777457583-95e059d581b8?w=400,Women's Clothing,ChicWear,$41.99
B00076ELI4,Modern Silk Hoodie,https://images.unsplash.com/photo-1586790170083-2f9ceadc732d?w=400,Men's Clothing,UrbanGent,$47.99
B00OHWX6R6,Comfortable Wool Dress,https://images.unsplash.com/photo-1595777457583-95e059d581b8?w=400,Women's Clothing,ChicWear,$100.99
B00P4CALQC,Stylish Solid Sandals,https://images.unsplash.com/photo-1542291026-7eec264c27ff?w=400,Footwear,WalkEasy,$71.99
B00OKM9NES,Trendy Denim Jeans,https://images.unsplash.com/photo-1586790170083-2f9ceadc732d?w=400,Men's Clothing,UrbanGent,$103.99
B014KR0UZ8,Modern Knit T-Shirt,https://images.unsplash.com/photo-1586790170083-2f9ceadc732d?w=400,Men's Clothing,UrbanGent,$91.99
B014LRYYUE,Stylish Cotton Running Shoes,https://images.unsplash.com/photo-1542291026-7eec264c27ff?w=400,Footwear,WalkEasy,$48.99
B014LW42NS,Comfortable Canvas Jacket,https://images.unsplash.com/photo-1595777457583-95e059d581b8?w=400,Women's Clothing,ChicWear,$33.99
B00W5YRGHY,Designer Leather Watch,https://images.unsplash.com/photo-1492707892479-7bc8d5a4ee93?w=400,Accessories,TrendyBits,$182.99
B014SOW5HE,Essential Wool Crossbody,https://images.unsplash.com/photo-1553062407-98eeb64c6a62?w=400,Bags & Luggage,BagMaster,$87.99
B00OXJJGV8,Classic Knit Dress,https://images.unsplash.com/photo-1595777457583-95e059d581b8?w=400,Women's Clothing,ChicWear,$50.99
B014R3U9E2,Comfortable Wool Jacket,https://images.unsplash.com/photo-1595777457583-95e059d581b8?w=400,Women's Clothing,ChicWear,$48.99
B00009PU5O,Stylish Woven Running Shoes,https://images.unsplash.com/photo-1542291026-7eec264c27ff?w=400,Footwear,WalkEasy,$135.99
B00Q438SQU,Premium Printed Hat,https://images.unsplash.com/photo-1492707892479-7bc8d5a4ee93?w=400,Accessories,TrendyBits,$68.99
B019XQU61Y,Designer Cotton Hat,https://images.unsplash.com/photo-1492707892479-7bc8d5a4ee93?w=400,Accessories,TrendyBits,$128.99
B00HFKLGHO,Casual Leather Suitcase,https://images.unsplash.com/photo-1553062407-98eeb64c6a62?w=400,Bags & Luggage,BagMaster,$135.99
B0097B5XV4,Casual Woven Handbag,https://images.unsplash.com/photo-1553062407-98eeb64c6a62?w=400,Bags & Luggage,BagMaster,$69.99
B016IB9PQ4,Comfortable Woven Dress,https://images.unsplash.com/photo-1595777457583-95e059d581b8?w=400,Women's Clothing,ChicWear,$60.99
B000OI56VG,Modern Solid T-Shirt,https://images.unsplash.com/photo-1586790170083-2f9ceadc732d?w=400,Men's Clothing,UrbanGent,$131.99
B019QCJ7E2,Casual Wool Handbag,https://images.unsplash.com/photo-1553062407-98eeb64c6a62?w=400,Bags & Luggage,BagMaster,$237.99
B00CIZBVTO,Luxury Printed Brooch,https://images.unsplash.com/photo-1535632066927-ab7c9ab60908?w=400,Jewelry,LuxeJewel,$248.99
B000A3904E,Essential Suede Messenger Bag,https://images.unsplash.com/photo-1553062407-98eeb64c6a62?w=400,Bags & Luggage,BagMaster,$99.99
B01C2QGHQU,Stylish Synthetic Running Shoes,https://images.unsplash.com/photo-1542291026-7eec264c27ff?w=400,Footwear,WalkEasy,$176.99
B00SUMLGKI,Premium Leather Gloves,https://images.unsplash.com/photo-1492707892479-7bc8d5a4ee93?w=400,Accessories,TrendyBits,$190.99
B00KHVD1XA,Trendy Woven Suit,https://images.unsplash.com/photo-1586790170083-2f9ceadc732d?w=400,Men's Clothing,UrbanGent,$149.99
B008W15PL8,Trendy Printed T-Shirt,https://images.unsplash.com/photo-1586790170083-2f9ceadc732d?w=400,Men's Clothing,UrbanGent,$21.99
B019YMR3HC,Trendy Synthetic Hoodie,https://images.unsplash.com/photo-1586790170083-2f9ceadc732d?w=400,Men's Clothing,UrbanGent,$107.99
B00D49VAAS,Modern Wool T-Shirt,https://images.unsplash.com/photo-1586790170083-2f9ceadc732d?w=400,Men's Clothing,UrbanGent,$81.99
B00KYH9ROE,Classic Suede Skirt,https://images.unsplash.com/photo-1595777457583-95e059d581b8?w=400,Women's Clothing,ChicWear,$87.99
B00KW3R5LW,Classic Canvas Dress,https://images.unsplash.com/photo-1595777457583-95e059d581b8?w=400,Women's Clothing,ChicWear,$45.99
B001121EJC,Essential Printed Crossbody,https://images.unsplash.com/photo-1553062407-98eeb64c6a62?w=400,Bags & Luggage,BagMaster,$237.99
B01HBBDXIG,Luxury Denim Brooch,https://images.unsplash.com/photo-1535632066927-ab7c9ab60908?w=400,Jewelry,LuxeJewel,$452.99
B00U1247Y2,Elegant Wool Pendant,https://images.unsplash.com/photo-1535632066927-ab7c9ab60908?w=400,Jewelry,LuxeJewel,$414.99
B011ZOZLTE,Elegant Leather Necklace,https://images.unsplash.com/photo-1535632066927-ab7c9ab60908?w=400,Jewelry,LuxeJewel,$94.99
B00FLXMST2,Premium Cotton Watch,https://images.unsplash.com/photo-1492707892479-7bc8d5a4ee93?w=400,Accessories,TrendyBits,$27.99
B01AYV1WCO,Comfortable Canvas Pants,https://images.unsplash.com/photo-1595777457583-95e059d581b8?w=400,Women's Clothing,ChicWear,$66.99
B01B5D1LGW,Trendy Canvas Jeans,https://images.unsplash.com/photo-1586790170083-2f9ceadc732d?w=400,Men's Clothing,UrbanGent,$63.99
B00Q1L4HBU,Modern Knit Hoodie,https://images.unsplash.com/photo-1586790170083-2f9ceadc732d?w=400,Men's Clothing,UrbanGent,$137.99
B00VS37WI6,Elegant Printed Necklace,https://images.unsplash.com/photo-1535632066927-ab7c9ab60908?w=400,Jewelry,LuxeJewel,$68.99
B00W4BUOWM,Classic Canvas Jacket,https://images.unsplash.com/photo-1595777457583-95e059d581b8?w=400,Women's Clothing,ChicWear,$53.99
B01F6MVRJE,Trendy Leather Jeans,https://images.unsplash.com/photo-1586790170083-2f9ceadc732d?w=400,Men's Clothing,UrbanGent,$53.99
B00JILKZTI,Classic Woven Dress,https://images.unsplash.com/photo-1595777457583-95e059d581b8?w=400,Women's Clothing,ChicWear,$35.99
B00UFRYS8I,Trendy Silk Jeans,https://images.unsplash.com/photo-1586790170083-2f9ceadc732d?w=400,Men's Clothing,UrbanGent,$83.99
B019F276UA,Vintage Printed Sneakers,https://images.unsplash.com/photo-1542291026-7eec264c27ff?w=400,Footwear,WalkEasy,$163.99
B00D9B7GN6,Essential Synthetic Messenger Bag,https://images.unsplash.com/photo-1553062407-98eeb64c6a62?w=400,Bags & Luggage,BagMaster,$183.99
B00V5GOB26,Comfortable Canvas Pants,https://images.unsplash.com/photo-1595777457583-95e059d581b8?w=400,Women's Clothing,ChicWear,$76.99
B01E5FJWUO,Designer Silk Tie,https://images.unsplash.com/photo-1492707892479-7bc8d5a4ee93?w=400,Accessories,TrendyBits,$89.99
B01E07DUCS,Elegant Silk Necklace,https://images.unsplash.com/photo-1535632066927-ab7c9ab60908?w=400,Jewelry,LuxeJewel,$396.99
B00Y9G6INO,Essential Leather Messenger Bag,https://images.unsplash.com/photo-1553062407-98eeb64c6a62?w=400,Bags & Luggage,BagMaster,$129.99
B00R6X2LHE,Elegant Knit Necklace,https://images.unsplash.com/photo-1535632066927-ab7c9ab60908?w=400,Jewelry,LuxeJewel,$458.99
B00JW0F05E,Premium Wool Gloves,https://images.unsplash.com/photo-1492707892479-7bc8d5a4ee93?w=400,Accessories,TrendyBits,$40.99
B00F0WW7R2,Classic Wool Skirt,https://images.unsplash.com/photo-1595777457583-95e059d581b8?w=400,Women's Clothing,ChicWear,$72.99
B00KA3WMJY,Modern Printed Suit,https://images.unsplash.com/photo-1586790170083-2f9ceadc732d?w=400,Men's Clothing,UrbanGent,$29.99
B01B9RD0ZO,Essential Woven Messenger Bag,https://images.unsplash.com/photo-1553062407-98eeb64c6a62?w=400,Bags & Luggage,BagMaster,$63.99
B00R5OIZZQ,Luxury Knit Brooch,https://images.unsplash.com/photo-1535632066927-ab7c9ab60908?w=400,Jewelry,LuxeJewel,$64.99
B00APENNUK,Classic Synthetic Jacket,https://images.unsplash.com/photo-1595777457583-95e059d581b8?w=400,Women's Clothing,ChicWear,$63.99
B014W6AIKO,Stylish Suede Sandals,https://images.unsplash.com/photo-1542291026-7eec264c27ff?w=400,Footwear,WalkEasy,$76.99
B00PQNRNOM,Premium Solid Gloves,https://images.unsplash.com/photo-1492707892479-7bc8d5a4ee93?w=400,Accessories,TrendyBits,$155.99
B00F8O1PLQ,Classic Canvas Skirt,https://images.unsplash.com/photo-1595777457583-95e059d581b8?w=400,Women's Clothing,ChicWear,$42.99
B00XWTZF1U,Trendy Cotton T-Shirt,https://images.unsplash.com/photo-1586790170083-2f9ceadc732d?w=400,Men's Clothing,UrbanGent,$121.99
B01D60VAO0,Essential Leather Messenger Bag,https://images.unsplash.com/photo-1553062407-98eeb64c6a62?w=400,Bags & Luggage,BagMaster,$219.99
B017SNJ7LY,Stylish Synthetic Running Shoes,https://images.unsplash.com/photo-1542291026-7eec264c27ff?w=400,Footwear,WalkEasy,$146.99
B00QLU48I8,Premium Canvas Wallet,https://images.unsplash.com/photo-1492707892479-7bc8d5a4ee93?w=400,Accessories,TrendyBits,$76.99
B00Q3LZCNK,Casual Silk Handbag,https://images.unsplash.com/photo-1553062407-98eeb64c6a62?w=400,Bags & Luggage,BagMaster,$189.99
B017U0KPQG,Stylish Wool Running Shoes,https://images.unsplash.com/photo-1542291026-7eec264c27ff?w=400,Footwear,WalkEasy,$62.99
B00JGZCWTW,Stylish Knit Running Shoes,https://images.unsplash.com/photo-1542291026-7eec264c27ff?w=400,Footwear,WalkEasy,$143.99
B00XOGQAQU,Classic Cotton Skirt,https://images.unsplash.com/photo-1595777457583-95e059d581b8?w=400,Women's Clothing,ChicWear,$47.99
B002TPTMX0,Vintage Knit Flats,https://images.unsplash.com/photo-1542291026-7eec264c27ff?w=400,Footwear,WalkEasy,$112.99
B017YSKJOM,Luxury Leather Brooch,https://images.unsplash.com/photo-1535632066927-ab7c9ab60908?w=400,Jewelry,LuxeJewel,$210.99
B00SODKAV4,Classic Woven Cardigan,https://images.unsplash.com/photo-1595777457583-95e059d581b8?w=400,Women's Clothing,ChicWear,$29.99
B00G24XO1A,Classic Leather Dress,https://images.unsplash.com/photo-1595777457583-95e059d581b8?w=400,Women's Clothing,ChicWear,$75.99
B00KK3SAO0,Stylish Printed Running Shoes,https://images.unsplash.com/photo-1542291026-7eec264c27ff?w=400,Footwear,WalkEasy,$89.99
B00FDWYT6G,Stylish Suede Running Shoes,https://images.unsplash.com/photo-1542291026-7eec264c27ff?w=400,Footwear,WalkEasy,$73.99
B012C0LD10,Designer Knit Hat,https://images.unsplash.com/photo-1492707892479-7bc8d5a4ee93?w=400,Accessories,TrendyBits,$93.99
B00VD9Q4C0,Casual Printed Handbag,https://images.unsplash.com/photo-1553062407-98eeb64c6a62?w=400,Bags & Luggage,BagMaster,$105.99
B00ZRXLFTU,Modern Knit Jacket,https://images.unsplash.com/photo-1586790170083-2f9ceadc732d?w=400,Men's Clothing,UrbanGent,$145.99
B00GTADAD4,Modern Silk Hoodie,https://images.unsplash.com/photo-1586790170083-2f9ceadc732d?w=400,Men's Clothing,UrbanGent,$47.99
B00HQ08SJ2,Classic Leather Jacket,https://images.unsplash.com/photo-1595777457583-95e059d581b8?w=400,Women's Clothing,ChicWear,$63.99
B01D4ZPNN6,Comfortable Leather Jacket,https://images.unsplash.com/photo-1595777457583-95e059d581b8?w=400,Women's Clothing,ChicWear,$48.99
B000ZHMHSQ,Luxury Canvas Earrings,https://images.unsplash.com/photo-1535632066927-ab7c9ab60908?w=400,Jewelry,LuxeJewel,$308.99
B000RCXV6G,Vintage Cotton Sneakers,https://images.unsplash.com/photo-1542291026-7eec264c27ff?w=400,Footwear,WalkEasy,$146.99
B00LL20G5U,Elegant Leather Pendant,https://images.unsplash.com/photo-1535632066927-ab7c9ab60908?w=400,Jewelry,LuxeJewel,$244.99
B01CRTL3V6,Vintage Printed Sneakers,https://images.unsplash.com/photo-1542291026-7eec264c27ff?w=400,Footwear,WalkEasy,$119.99
B00PLH3NEW,Elegant Canvas Pendant,https://images.unsplash.com/photo-1535632066927-ab7c9ab60908?w=400,Jewelry,LuxeJewel,$376.99
B0052YQ9A4,Comfortable Cotton Pants,https://images.unsplash.com/photo-1595777457583-95e059d581b8?w=400,Women's Clothing,ChicWear,$41.99
B015RLIS6Y,Trendy Printed Suit,https://images.unsplash.com/photo-1586790170083-2f9ceadc732d?w=400,Men's Clothing,UrbanGent,$39.99
B00OUJTLTI,Classic Silk Jacket,https://images.unsplash.com/photo-1595777457583-95e059d581b8?w=400,Women's Clothing,ChicWear,$83.99
B01FVX97KE,Vintage Knit Sneakers,https://images.unsplash.com/photo-1542291026-7eec264c27ff?w=400,Footwear,WalkEasy,$64.99
B018FJ0Z20,Stylish Solid Sandals,https://images.unsplash.com/photo-1542291026-7eec264c27ff?w=400,Footwear,WalkEasy,$136.99
B00NEZHOHK,Casual Synthetic Handbag,https://images.unsplash.com/photo-1553062407-98eeb64c6a62?w=400,Bags & Luggage,BagMaster,$213.99
B01CI09CA8,Designer Knit Watch,https://images.unsplash.com/photo-1492707892479-7bc8d5a4ee93?w=400,Accessories,TrendyBits,$187.99
B017SQCD0I,Luxury Suede Brooch,https://images.unsplash.com/photo-1535632066927-ab7c9ab60908?w=400,Jewelry,LuxeJewel,$292.99
B00IID3SYQ,Trendy Knit T-Shirt,https://images.unsplash.com/photo-1586790170083-2f9ceadc732d?w=400,Men's Clothing,UrbanGent,$111.99
B01GIV1GWA,Comfortable Cotton Pants,https://images.unsplash.com/photo-1595777457583-95e059d581b8?w=400,Women's Clothing,ChicWear,$96.99
B00NC103RO,Modern Silk T-Shirt,https://images.unsplash.com/photo-1586790170083-2f9ceadc732d?w=400,Men's Clothing,UrbanGent,$81.99
B01CCJEE8A,Designer Synthetic Watch,https://images.unsplash.com/photo-1492707892479-7bc8d5a4ee93?w=400,Accessories,TrendyBits,$62.99
B01BVRQBYE,Premium Cotton Watch,https://images.unsplash.com/photo-1492707892479-7bc8d5a4ee93?w=400,Accessories,TrendyBits,$47.99
B0142EONK2,Casual Woven Handbag,https://images.unsplash.com/photo-1553062407-98eeb64c6a62?w=400,Bags & Luggage,BagMaster,$99.99
B00MVMSU9I,Stylish Printed Sandals,https://images.unsplash.com/photo-1542291026-7eec264c27ff?w=400,Footwear,WalkEasy,$48.99
B00Q2X8JIE,Comfortable Denim Skirt,https://images.unsplash.com/photo-1595777457583-95e059d581b8?w=400,Women's Clothing,ChicWear,$107.99
B005GQA9Q8,Luxury Wool Brooch,https://images.unsplash.com/photo-1535632066927-ab7c9ab60908?w=400,Jewelry,LuxeJewel,$356.99
B005SEGKR0,Trendy Leather T-Shirt,https://images.unsplash.com/photo-1586790170083-2f9ceadc732d?w=400,Men's Clothing,UrbanGent,$71.99
B00CJQGOM6,Premium Woven Gloves,https://images.unsplash.com/photo-1492707892479-7bc8d5a4ee93?w=400,Accessories,TrendyBits,$15.99
B0192BWTSI,Comfortable Woven Pants,https://images.unsplash.com/photo-1595777457583-95e059d581b8?w=400,Women's Clothing,ChicWear,$86.99
B01H79VR0I,Casual Cotton Handbag,https://images.unsplash.com/photo-1553062407-98eeb64c6a62?w=400,Bags & Luggage,BagMaster,$195.99
B004NNF0WS,Vintage Wool Sneakers,https://images.unsplash.com/photo-1542291026-7eec264c27ff?w=400,Footwear,WalkEasy,$161.99
B00GN7XZNS,Essential Wool Messenger Bag,https://images.unsplash.com/photo-1553062407-98eeb64c6a62?w=400,Bags & Luggage,BagMaster,$117.99
B00LL5NK8M,Comfortable Cotton Cardigan,https://images.unsplash.com/photo-1595777457583-95e059d581b8?w=400,Women's Clothing,ChicWear,$84.99
B0096XEU5S,Comfortable Leather Pants,https://images.unsplash.com/photo-1595777457583-95e059d581b8?w=400,Women's Clothing,ChicWear,$81.99
B01CT6V8EE,Luxury Knit Brooch,https://images.unsplash.com/photo-1535632066927-ab7c9ab60908?w=400,Jewelry,LuxeJewel,$436.99
B00P2GPUF2,Trendy Woven Hoodie,https://images.unsplash.com/photo-1586790170083-2f9ceadc732d?w=400,Men's Clothing,UrbanGent,$27.99
B010LAZPE4,Designer Cotton Hat,https://images.unsplash.com/photo-1492707892479-7bc8d5a4ee93?w=400,Accessories,TrendyBits,$158.99
B011BUSEJG,Comfortable Printed Skirt,https://images.unsplash.com/photo-1595777457583-95e059d581b8?w=400,Women's Clothing,ChicWear,$82.99
B01GJA0PVS,Designer Knit Gloves,https://images.unsplash.com/photo-1492707892479-7bc8d5a4ee93?w=400,Accessories,TrendyBits,$45.99
B017JTNT98,Modern Synthetic Jeans,https://images.unsplash.com/photo-1586790170083-2f9ceadc732d?w=400,Men's Clothing,UrbanGent,$73.99
B01E75SNXO,Modern Leather Jacket,https://images.unsplash.com/photo-1586790170083-2f9ceadc732d?w=400,Men's Clothing,UrbanGent,$65.99
B015VYI2C2,Modern Printed Jeans,https://images.unsplash.com/photo-1586790170083-2f9ceadc732d?w=400,Men's Clothing,UrbanGent,$133.99
B00WXIIXKG,Stylish Wool Sandals,https://images.unsplash.com/photo-1542291026-7eec264c27ff?w=400,Footwear,WalkEasy,$132.99
B01DXGK8Z4,Trendy Knit Jacket,https://images.unsplash.com/photo-1586790170083-2f9ceadc732d?w=400,Men's Clothing,UrbanGent,$105.99
B015K193WY,Elegant Woven Necklace,https://images.unsplash.com/photo-1535632066927-ab7c9ab60908?w=400,Jewelry,LuxeJewel,$352.99
B0183ZGXNG,Modern Wool T-Shirt,https://images.unsplash.com/photo-1586790170083-2f9ceadc732d?w=400,Men's Clothing,UrbanGent,$101.99
B01FJT98NQ,Stylish Denim Sandals,https://images.unsplash.com/photo-1542291026-7eec264c27ff?w=400,Footwear,WalkEasy,$90.99
B01EPOQOTM,Casual Cotton Handbag,https://images.unsplash.com/photo-1553062407-98eeb64c6a62?w=400,Bags & Luggage,BagMaster,$81.99
B01H6P5AT2,Classic Knit Skirt,https://images.unsplash.com/photo-1595777457583-95e059d581b8?w=400,Women's Clothing,ChicWear,$117.99
B00IE16LR8,Casual Cotton Handbag,https://images.unsplash.com/photo-1553062407-98eeb64c6a62?w=400,Bags & Luggage,BagMaster,$69.99
B00WLCR95Y,Essential Denim Crossbody,https://images.unsplash.com/photo-1553062407-98eeb64c6a62?w=400,Bags & Luggage,BagMaster,$177.99
B00GQVXMU2,Classic Cotton Jacket,https://images.unsplash.com/photo-1595777457583-95e059d581b8?w=400,Women's Clothing,ChicWear,$83.99
B005M9OEPG,Classic Canvas Skirt,https://images.unsplash.com/photo-1595777457583-95e059d581b8?w=400,Women's Clothing,ChicWear,$57.99
B00EY1GR6W,Classic Suede Skirt,https://images.unsplash.com/photo-1595777457583-95e059d581b8?w=400,Women's Clothing,ChicWear,$112.99
B00AU9ZEB6,Trendy Silk Hoodie,https://images.unsplash.com/photo-1586790170083-2f9ceadc732d?w=400,Men's Clothing,UrbanGent,$47.99
B00DLZ0RUE,Trendy Synthetic Hoodie,https://images.unsplash.com/photo-1586790170083-2f9ceadc732d?w=400,Men's Clothing,UrbanGent,$137.99
B007IFXFOS,Classic Woven Cardigan,https://images.unsplash.com/photo-1595777457583-95e059d581b8?w=400,Women's Clothing,ChicWear,$39.99
B00KHNUYV0,Vintage Wool Sneakers,https://images.unsplash.com/photo-1542291026-7eec264c27ff?w=400,Footwear,WalkEasy,$128.99
B00KK1EV1S,Classic Canvas Dress,https://images.unsplash.com/photo-1595777457583-95e059d581b8?w=400,Women's Clothing,ChicWear,$115.99
B00EONSDK8,Trendy Suede Jeans,https://images.unsplash.com/photo-1586790170083-2f9ceadc732d?w=400,Men's Clothing,UrbanGent,$23.99
B00KSKOQ5W,Trendy Synthetic Jeans,https://images.unsplash.com/photo-1586790170083-2f9ceadc732d?w=400,Men's Clothing,UrbanGent,$143.99
B012L45RNW,Trendy Solid Jeans,https://images.unsplash.com/photo-1586790170083-2f9ceadc732d?w=400,Men's Clothing,UrbanGent,$103.99
B0199GKEWO,Casual Woven Suitcase,https://images.unsplash.com/photo-1553062407-98eeb64c6a62?w=400,Bags & Luggage,BagMaster,$249.99
B01EUNECVK,Premium Woven Gloves,https://images.unsplash.com/photo-1492707892479-7bc8d5a4ee93?w=400,Accessories,TrendyBits,$75.99
B00JFC94MO,Modern Wool Jacket,https://images.unsplash.com/photo-1586790170083-2f9ceadc732d?w=400,Men's Clothing,UrbanGent,$75.99
B00GROSXWU,Casual Printed Handbag,https://images.unsplash.com/photo-1553062407-98eeb64c6a62?w=400,Bags & Luggage,BagMaster,$219.99
B00ABA0WNE,Elegant Wool Necklace,https://images.unsplash.com/photo-1535632066927-ab7c9ab60908?w=400,Jewelry,LuxeJewel,$378.99
B005MEWBKQ,Trendy Printed Jacket,https://images.unsplash.com/photo-1586790170083-2f9ceadc732d?w=400,Men's Clothing,UrbanGent,$35.99
B01GHPMJYQ,Casual Denim Suitcase,https://images.unsplash.com/photo-1553062407-98eeb64c6a62?w=400,Bags & Luggage,BagMaster,$129.99
B00W035YMO,Casual Synthetic Handbag,https://images.unsplash.com/photo-1553062407-98eeb64c6a62?w=400,Bags & Luggage,BagMaster,$111.99
B00O698TCM,Designer Woven Hat,https://images.unsplash.com/photo-1492707892479-7bc8d5a4ee93?w=400,Accessories,TrendyBits,$33.99
B00ZXRMQAM,Stylish Wool Sandals,https://images.unsplash.com/photo-1542291026-7eec264c27ff?w=400,Footwear,WalkEasy,$134.99
B019FEXZSU,Elegant Denim Necklace,https://images.unsplash.com/photo-1535632066927-ab7c9ab60908?w=400,Jewelry,LuxeJewel,$436.99
B00CMSSZGE,Trendy Cotton Hoodie,https://images.unsplash.com/photo-1586790170083-2f9ceadc732d?w=400,Men's Clothing,UrbanGent,$137.99
B01GS3WK5A,Premium Solid Wallet,https://images.unsplash.com/photo-1492707892479-7bc8d5a4ee93?w=400,Accessories,TrendyBits,$106.99
B016DRMD4O,Trendy Printed Suit,https://images.unsplash.com/photo-1586790170083-2f9ceadc732d?w=400,Men's Clothing,UrbanGent,$49.99
B010SEWIT8,Vintage Wool Sneakers,https://images.unsplash.com/photo-1542291026-7eec264c27ff?w=400,Footwear,WalkEasy,$99.99
B00IKG2ILK,Elegant Cotton Necklace,https://images.unsplash.com/photo-1535632066927-ab7c9ab60908?w=400,Jewelry,LuxeJewel,$384.99
B00VKJG4YQ,Premium Suede Hat,https://images.unsplash.com/photo-1492707892479-7bc8d5a4ee93?w=400,Accessories,TrendyBits,$143.99
B0099DCBLU,Casual Wool Handbag,https://images.unsplash.com/photo-1553062407-98eeb64c6a62?w=400,Bags & Luggage,BagMaster,$105.99
B00BHHHYEK,Essential Leather Crossbody,https://images.unsplash.com/photo-1553062407-98eeb64c6a62?w=400,Bags & Luggage,BagMaster,$177.99
B01EG24P1M,Luxury Silk Brooch,https://images.unsplash.com/photo-1535632066927-ab7c9ab60908?w=400,Jewelry,LuxeJewel,$40.99
B015WBG2XA,Designer Wool Gloves,https://images.unsplash.com/photo-1492707892479-7bc8d5a4ee93?w=400,Accessories,TrendyBits,$90.99
B00964H7Q6,Trendy Knit T-Shirt,https://images.unsplash.com/photo-1586790170083-2f9ceadc732d?w=400,Men's Clothing,UrbanGent,$111.99
B018WJY1RI,Classic Printed Dress,https://images.unsplash.com/photo-1595777457583-95e059d581b8?w=400,Women's Clothing,ChicWear,$85.99
B00NM91QIG,Modern Canvas Hoodie,https://images.unsplash.com/photo-1586790170083-2f9ceadc732d?w=400,Men's Clothing,UrbanGent,$87.99
B00MXDLSCG,Essential Knit Crossbody,https://images.unsplash.com/photo-1553062407-98eeb64c6a62?w=400,Bags & Luggage,BagMaster,$219.99
B00M04J776,Vintage Woven Sneakers,https://images.unsplash.com/photo-1542291026-7eec264c27ff?w=400,Footwear,WalkEasy,$45.99
B00ACWZ50G,Casual Silk Handbag,https://images.unsplash.com/photo-1553062407-98eeb64c6a62?w=400,Bags & Luggage,BagMaster,$213.99
B005DGIFO4,Classic Suede Skirt,https://images.unsplash.com/photo-1595777457583-95e059d581b8?w=400,Women's Clothing,ChicWear,$57.99
B011HVE6PU,Trendy Knit Jeans,https://images.unsplash.com/photo-1586790170083-2f9ceadc732d?w=400,Men's Clothing,UrbanGent,$33.99
B00MN7N99W,Stylish Synthetic Sandals,https://images.unsplash.com/photo-1542291026-7eec264c27ff?w=400,Footwear,WalkEasy,$55.99
B0142D2YCC,Classic Leather Skirt,https://images.unsplash.com/photo-1595777457583-95e059d581b8?w=400,Women's Clothing,ChicWear,$62.99
B000HKJWRK,Designer Knit Tie,https://images.unsplash.com/photo-1492707892479-7bc8d5a4ee93?w=400,Accessories,TrendyBits,$174.99
B0129VAQNI,Trendy Woven Jacket,https://images.unsplash.com/photo-1586790170083-2f9ceadc732d?w=400,Men's Clothing,UrbanGent,$105.99
B00W74X1JE,Elegant Denim Necklace,https://images.unsplash.com/photo-1535632066927-ab7c9ab60908?w=400,Jewelry,LuxeJewel,$436.99
B01E3M90E2,Modern Silk T-Shirt,https://images.unsplash.com/photo-1586790170083-2f9ceadc732d?w=400,Men's Clothing,UrbanGent,$81.99
B00QVNSMDW,Comfortable Wool Jacket,https://images.unsplash.com/photo-1595777457583-95e059d581b8?w=400,Women's Clothing,ChicWear,$58.99
B015DNA4R2,Designer Knit Tie,https://images.unsplash.com/photo-1492707892479-7bc8d5a4ee93?w=400,Accessories,TrendyBits,$194.99
B00XVFSVDO,Vintage Woven Flats,https://images.unsplash.com/photo-1542291026-7eec264c27ff?w=400,Footwear,WalkEasy,$142.99
B00U0BC7UU,Modern Canvas T-Shirt,https://images.unsplash.com/photo-1586790170083-2f9ceadc732d?w=400,Men's Clothing,UrbanGent,$101.99
B00ZYUO5JI,Trendy Solid Jacket,https://images.unsplash.com/photo-1586790170083-2f9ceadc732d?w=400,Men's Clothing,UrbanGent,$85.99
B00UKXD4Y6,Classic Woven Pants,https://images.unsplash.com/photo-1595777457583-95e059d581b8?w=400,Women's Clothing,ChicWear,$36.99
B00MG5UY4Y,Casual Knit Suitcase,https://images.unsplash.com/photo-1553062407-98eeb64c6a62?w=400,Bags & Luggage,BagMaster,$231.99
B01FFSBLDG,Stylish Denim Running Shoes,https://images.unsplash.com/photo-1542291026-7eec264c27ff?w=400,Footwear,WalkEasy,$61.99
B00YFS31LS,Trendy Cotton T-Shirt,https://images.unsplash.com/photo-1586790170083-2f9ceadc732d?w=400,Men's Clothing,UrbanGent,$141.99
B00DR4914C,Elegant Printed Necklace,https://images.unsplash.com/photo-1535632066927-ab7c9ab60908?w=400,Jewelry,LuxeJewel,$30.99
B016L4RW04,Casual Woven Suitcase,https://images.unsplash.com/photo-1553062407-98eeb64c6a62?w=400,Bags & Luggage,BagMaster,$99.99
B01791SJ0K,Modern Denim T-Shirt,https://images.unsplash.com/photo-1586790170083-2f9ceadc732d?w=400,Men's Clothing,UrbanGent,$51.99
B00RIRMM5Y,Comfortable Silk Dress,https://images.unsplash.com/photo-1595777457583-95e059d581b8?w=400,Women's Clothing,ChicWear,$100.99
B00TZ6Y2VS,Elegant Leather Necklace,https://images.unsplash.com/photo-1535632066927-ab7c9ab60908?w=400,Jewelry,LuxeJewel,$274.99
B01DSL8824,Elegant Leather Necklace,https://images.unsplash.com/photo-1535632066927-ab7c9ab60908?w=400,Jewelry,LuxeJewel,$364.99
B01FQMET2G,Luxury Leather Earrings,https://images.unsplash.com/photo-1535632066927-ab7c9ab60908?w=400,Jewelry,LuxeJewel,$326.99
B013JBRLD0,Essential Wool Messenger Bag,https://images.unsplash.com/photo-1553062407-98eeb64c6a62?w=400,Bags & Luggage,BagMaster,$249.99
B00R3YU2KE,Stylish Canvas Running Shoes,https://images.unsplash.com/photo-1542291026-7eec264c27ff?w=400,Footwear,WalkEasy,$43.99
B00MIMOVB2,Modern Cotton T-Shirt,https://images.unsplash.com/photo-1586790170083-2f9ceadc732d?w=400,Men's Clothing,UrbanGent,$131.99
B015QUS0KU,Vintage Cotton Flats,https://images.unsplash.com/photo-1542291026-7eec264c27ff?w=400,Footwear,WalkEasy,$83.99
B01143CGJO,Elegant Synthetic Necklace,https://images.unsplash.com/photo-1535632066927-ab7c9ab60908?w=400,Jewelry,LuxeJewel,$392.99
B01CS7RSQQ,Essential Woven Crossbody,https://images.unsplash.com/photo-1553062407-98eeb64c6a62?w=400,Bags & Luggage,BagMaster,$243.99
B00K4K1Y8S,Stylish Canvas Sandals,https://images.unsplash.com/photo-1542291026-7eec264c27ff?w=400,Footwear,WalkEasy,$134.99
B01CSPUVVC,Trendy Leather Jeans,https://images.unsplash.com/photo-1586790170083-2f9ceadc732d?w=400,Men's Clothing,UrbanGent,$53.99
B00CD0CNOG,Trendy Silk Jeans,https://images.unsplash.com/photo-1586790170083-2f9ceadc732d?w=400,Men's Clothing,UrbanGent,$143.99
B00DQO5KOI,Stylish Cotton Running Shoes,https://images.unsplash.com/photo-1542291026-7eec264c27ff?w=400,Footwear,WalkEasy,$129.99
B00LFF7SPY,Premium Suede Wallet,https://images.unsplash.com/photo-1492707892479-7bc8d5a4ee93?w=400,Accessories,TrendyBits,$86.99
B00XGHCXYA,Casual Denim Suitcase,https://images.unsplash.com/photo-1553062407-98eeb64c6a62?w=400,Bags & Luggage,BagMaster,$243.99
B00H4MU9I0,Designer Synthetic Wallet,https://images.unsplash.com/photo-1492707892479-7bc8d5a4ee93?w=400,Accessories,TrendyBits,$76.99
B00PQ7OJ8G,Trendy Denim Jeans,https://images.unsplash.com/photo-1586790170083-2f9ceadc732d?w=400,Men's Clothing,UrbanGent,$83.99
B000YFSR5G,Classic Woven Cardigan,https://images.unsplash.com/photo-1595777457583-95e059d581b8?w=400,Women's Clothing,ChicWear,$84.99
B00EZJAWYG,Casual Synthetic Suitcase,https://images.unsplash.com/photo-1553062407-98eeb64c6a62?w=400,Bags & Luggage,BagMaster,$219.99
B010QWFTPM,Casual Cotton Suitcase,https://images.unsplash.com/photo-1553062407-98eeb64c6a62?w=400,Bags & Luggage,BagMaster,$147.99
B00WUC6SJ8,Stylish Wool Sandals,https://images.unsplash.com/photo-1542291026-7eec264c27ff?w=400,Footwear,WalkEasy,$137.99
B00X6SD23U,Premium Synthetic Wallet,https://images.unsplash.com/photo-1492707892479-7bc8d5a4ee93?w=400,Accessories,TrendyBits,$21.99
B003GJZDGS,Essential Silk Messenger Bag,https://images.unsplash.com/photo-1553062407-98eeb64c6a62?w=400,Bags & Luggage,BagMaster,$69.99
B013R8BIWU,Stylish Synthetic Running Shoes,https://images.unsplash.com/photo-1542291026-7eec264c27ff?w=400,Footwear,WalkEasy,$165.99
B00ZFA0LUO,Casual Denim Handbag,https://images.unsplash.com/photo-1553062407-98eeb64c6a62?w=400,Bags & Luggage,BagMaster,$99.99
B015IPPLDM,Stylish Woven Running Shoes,https://images.unsplash.com/photo-1542291026-7eec264c27ff?w=400,Footwear,WalkEasy,$154.99
B01ACQGS20,Classic Wool Dress,https://images.unsplash.com/photo-1595777457583-95e059d581b8?w=400,Women's Clothing,ChicWear,$65.99
B00I1VB2D4,Vintage Silk Sneakers,https://images.unsplash.com/photo-1542291026-7eec264c27ff?w=400,Footwear,WalkEasy,$123.99
B01ANMNXLM,Luxury Canvas Earrings,https://images.unsplash.com/photo-1535632066927-ab7c9ab60908?w=400,Jewelry,LuxeJewel,$122.99
B014VV8DQG,Vintage Canvas Flats,https://images.unsplash.com/photo-1542291026-7eec264c27ff?w=400,Footwear,WalkEasy,$149.99
B015NW3YEI,Essential Denim Crossbody,https://images.unsplash.com/photo-1553062407-98eeb64c6a62?w=400,Bags & Luggage,BagMaster,$177.99
B008596N0O,Classic Suede Skirt,https://images.unsplash.com/photo-1595777457583-95e059d581b8?w=400,Women's Clothing,ChicWear,$42.99
B00XSX3W1U,Modern Solid Jacket,https://images.unsplash.com/photo-1586790170083-2f9ceadc732d?w=400,Men's Clothing,UrbanGent,$25.99
B00GLQ2L90,Luxury Synthetic Earrings,https://images.unsplash.com/photo-1535632066927-ab7c9ab60908?w=400,Jewelry,LuxeJewel,$74.99
B017LJPG0G,Luxury Printed Earrings,https://images.unsplash.com/photo-1535632066927-ab7c9ab60908?w=400,Jewelry,LuxeJewel,$226.99
B00R449PD8,Casual Solid Suitcase,https://images.unsplash.com/photo-1553062407-98eeb64c6a62?w=400,Bags & Luggage,BagMaster,$57.99
B00BKRNH5W,Trendy Printed Jacket,https://images.unsplash.com/photo-1586790170083-2f9ceadc732d?w=400,Men's Clothing,UrbanGent,$115.99
B01GZZOZ8G,Luxury Suede Earrings,https://images.unsplash.com/photo-1535632066927-ab7c9ab60908?w=400,Jewelry,LuxeJewel,$110.99
B012FYWCQ8,Trendy Suede Jeans,https://images.unsplash.com/photo-1586790170083-2f9ceadc732d?w=400,Men's Clothing,UrbanGent,$113.99
B00WIILIJE,Premium Leather Gloves,https://images.unsplash.com/photo-1492707892479-7bc8d5a4ee93?w=400,Accessories,TrendyBits,$75.99
B0183K8VFO,Designer Woven Tie,https://images.unsplash.com/photo-1492707892479-7bc8d5a4ee93?w=400,Accessories,TrendyBits,$144.99
B017LJPBWO,Comfortable Silk Jacket,https://images.unsplash.com/photo-1595777457583-95e059d581b8?w=400,Women's Clothing,ChicWear,$53.99
B01EWS0LP4,Modern Printed Suit,https://images.unsplash.com/photo-1586790170083-2f9ceadc732d?w=400,Men's Clothing,UrbanGent,$99.99
B00G6BV8OO,Classic Cotton Dress,https://images.unsplash.com/photo-1595777457583-95e059d581b8?w=400,Women's Clothing,ChicWear,$25.99
B005P1JR1W,Modern Knit Jacket,https://images.unsplash.com/photo-1586790170083-2f9ceadc732d?w=400,Men's Clothing,UrbanGent,$55.99
B0142EOU46,Trendy Cotton T-Shirt,https://images.unsplash.com/photo-1586790170083-2f9ceadc732d?w=400,Men's Clothing,UrbanGent,$101.99
B01A6W8NOQ,Comfortable Printed Pants,https://images.unsplash.com/photo-1595777457583-95e059d581b8?w=400,Women's Clothing,ChicWear,$61.99
B007KN4M3G,Classic Suede Dress,https://images.unsplash.com/photo-1595777457583-95e059d581b8?w=400,Women's Clothing,ChicWear,$80.99
B00J3EMEHQ,Vintage Knit Sneakers,https://images.unsplash.com/photo-1542291026-7eec264c27ff?w=400,Footwear,WalkEasy,$121.99
B00ISK17H4,Casual Woven Suitcase,https://images.unsplash.com/photo-1553062407-98eeb64c6a62?w=400,Bags & Luggage,BagMaster,$249.99
B00J2JTLXW,Comfortable Cotton Dress,https://images.unsplash.com/photo-1595777457583-95e059d581b8?w=400,Women's Clothing,ChicWear,$100.99
B00G7Q63B6,Elegant Silk Pendant,https://images.unsplash.com/photo-1535632066927-ab7c9ab60908?w=400,Jewelry,LuxeJewel,$54.99
B00CYIUN30,Comfortable Cotton Jacket,https://images.unsplash.com/photo-1595777457583-95e059d581b8?w=400,Women's Clothing,ChicWear,$113.99
B0146NVA3W,Elegant Suede Pendant,https://images.unsplash.com/photo-1535632066927-ab7c9ab60908?w=400,Jewelry,LuxeJewel,$114.99
B006RJ0N14,Comfortable Suede Skirt,https://images.unsplash.com/photo-1595777457583-95e059d581b8?w=400,Women's Clothing,ChicWear,$92.99
B00K31DYZ4,Vintage Silk Flats,https://images.unsplash.com/photo-1542291026-7eec264c27ff?w=400,Footwear,WalkEasy,$153.99
B01ECQBF8S,Premium Canvas Tie,https://images.unsplash.com/photo-1492707892479-7bc8d5a4ee93?w=400,Accessories,TrendyBits,$199.99
B018HSGW1M,Trendy Leather Jeans,https://images.unsplash.com/photo-1586790170083-2f9ceadc732d?w=400,Men's Clothing,UrbanGent,$73.99
B017Y3UWXU,Trendy Cotton T-Shirt,https://images.unsplash.com/photo-1586790170083-2f9ceadc732d?w=400,Men's Clothing,UrbanGent,$71.99
B00ZUSORRO,Stylish Denim Sandals,https://images.unsplash.com/photo-1542291026-7eec264c27ff?w=400,Footwear,WalkEasy,$110.99
B010DROEV0,Classic Leather Dress,https://images.unsplash.com/photo-1595777457583-95e059d581b8?w=400,Women's Clothing,ChicWear,$85.99
B00XV52VMG,Modern Denim Suit,https://images.unsplash.com/photo-1586790170083-2f9ceadc732d?w=400,Men's Clothing,UrbanGent,$69.99
B015QUT7KW,Comfortable Woven Jacket,https://images.unsplash.com/photo-1595777457583-95e059d581b8?w=400,Women's Clothing,ChicWear,$98.99
B0121JAS7W,Essential Wool Crossbody,https://images.unsplash.com/photo-1553062407-98eeb64c6a62?w=400,Bags & Luggage,BagMaster,$219.99
B005B9HHEC,Designer Leather Watch,https://images.unsplash.com/photo-1492707892479-7bc8d5a4ee93?w=400,Accessories,TrendyBits,$182.99
B0116UF1HO,Vintage Leather Flats,https://images.unsplash.com/photo-1542291026-7eec264c27ff?w=400,Footwear,WalkEasy,$91.99
B00JW0EYVA,Designer Solid Watch,https://images.unsplash.com/photo-1492707892479-7bc8d5a4ee93?w=400,Accessories,TrendyBits,$137.99
B01GJVM1QY,Trendy Knit Jacket,https://images.unsplash.com/photo-1586790170083-2f9ceadc732d?w=400,Men's Clothing,UrbanGent,$85.99
B00VL0SG8Q,Luxury Denim Brooch,https://images.unsplash.com/photo-1535632066927-ab7c9ab60908?w=400,Jewelry,LuxeJewel,$486.99
B01535781U,Classic Cotton Skirt,https://images.unsplash.com/photo-1595777457583-95e059d581b8?w=400,Women's Clothing,ChicWear,$32.99
B00EWIYMYQ,Classic Solid Pants,https://images.unsplash.com/photo-1595777457583-95e059d581b8?w=400,Women's Clothing,ChicWear,$56.99
B0029Y2KNA,Designer Solid Tie,https://images.unsplash.com/photo-1492707892479-7bc8d5a4ee93?w=400,Accessories,TrendyBits,$114.99
B00I1KPWEU,Casual Solid Handbag,https://images.unsplash.com/photo-1553062407-98eeb64c6a62?w=400,Bags & Luggage,BagMaster,$201.99
B015VBF1Z6,Elegant Leather Pendant,https://images.unsplash.com/photo-1535632066927-ab7c9ab60908?w=400,Jewelry,LuxeJewel,$126.99
B00DL40KPM,Classic Printed Jacket,https://images.unsplash.com/photo-1595777457583-95e059d581b8?w=400,Women's Clothing,ChicWear,$28.99
B00C8GBTHW,Elegant Cotton Necklace,https://images.unsplash.com/photo-1535632066927-ab7c9ab60908?w=400,Jewelry,LuxeJewel,$188.99
B016U48WFO,Casual Solid Handbag,https://images.unsplash.com/photo-1553062407-98eeb64c6a62?w=400,Bags & Luggage,BagMaster,$189.99
B011KN674I,Casual Cotton Handbag,https://images.unsplash.com/photo-1553062407-98eeb64c6a62?w=400,Bags & Luggage,BagMaster,$69.99
B0109W7PCE,Vintage Denim Sneakers,https://images.unsplash.com/photo-1542291026-7eec264c27ff?w=400,Footwear,WalkEasy,$163.99
B00WVZGVF0,Trendy Silk T-Shirt,https://images.unsplash.com/photo-1586790170083-2f9ceadc732d?w=400,Men's Clothing,UrbanGent,$71.99
B005DFOBI4,Trendy Leather Suit,https://images.unsplash.com/photo-1586790170083-2f9ceadc732d?w=400,Men's Clothing,UrbanGent,$109.99
B00SI0209S,Premium Canvas Gloves,https://images.unsplash.com/photo-1492707892479-7bc8d5a4ee93?w=400,Accessories,TrendyBits,$105.99
B000MQFSTU,Elegant Suede Necklace,https://images.unsplash.com/photo-1535632066927-ab7c9ab60908?w=400,Jewelry,LuxeJewel,$340.99
B00HMHNH2C,Essential Synthetic Messenger Bag,https://images.unsplash.com/photo-1553062407-98eeb64c6a62?w=400,Bags & Luggage,BagMaster,$177.99
B01E2D0FZA,Designer Denim Gloves,https://images.unsplash.com/photo-1492707892479-7bc8d5a4ee93?w=400,Accessories,TrendyBits,$45.99
B0159W9GJY,Comfortable Canvas Jacket,https://images.unsplash.com/photo-1595777457583-95e059d581b8?w=400,Women's Clothing,ChicWear,$68.99
B00O07T0IC,Classic Knit Pants,https://images.unsplash.com/photo-1595777457583-95e059d581b8?w=400,Women's Clothing,ChicWear,$111.99
B01GR3X0YQ,Trendy Silk Hoodie,https://images.unsplash.com/photo-1586790170083-2f9ceadc732d?w=400,Men's Clothing,UrbanGent,$37.99
B00ECUG2GU,Casual Denim Handbag,https://images.unsplash.com/photo-1553062407-98eeb64c6a62?w=400,Bags & Luggage,BagMaster,$207.99
B00JVFC7AQ,Casual Suede Suitcase,https://images.unsplash.com/photo-1553062407-98eeb64c6a62?w=400,Bags & Luggage,BagMaster,$159.99
B00TJ8O1G8,Elegant Solid Necklace,https://images.unsplash.com/photo-1535632066927-ab7c9ab60908?w=400,Jewelry,LuxeJewel,$430.99
B00KHO6RO2,Comfortable Canvas Cardigan,https://images.unsplash.com/photo-1595777457583-95e059d581b8?w=400,Women's Clothing,ChicWear,$49.99
B00T5D1XD6,Essential Silk Crossbody,https://images.unsplash.com/photo-1553062407-98eeb64c6a62?w=400,Bags & Luggage,BagMaster,$213.99
B00JTLTA48,Trendy Cotton Hoodie,https://images.unsplash.com/photo-1586790170083-2f9ceadc732d?w=400,Men's Clothing,UrbanGent,$127.99
B016N20616,Modern Canvas T-Shirt,https://images.unsplash.com/photo-1586790170083-2f9ceadc732d?w=400,Men's Clothing,UrbanGent,$131.99
B01BWTJHQ0,Trendy Printed Jacket,https://images.unsplash.com/photo-1586790170083-2f9ceadc732d?w=400,Men's Clothing,UrbanGent,$55.99
B0165AQ70A,Essential Woven Messenger Bag,https://images.unsplash.com/photo-1553062407-98eeb64c6a62?w=400,Bags & Luggage,BagMaster,$75.99
B00KREOWWG,Comfortable Wool Cardigan,https://images.unsplash.com/photo-1595777457583-95e059d581b8?w=400,Women's Clothing,ChicWear,$44.99
B00D7LTT42,Essential Solid Messenger Bag,https://images.unsplash.com/photo-1553062407-98eeb64c6a62?w=400,Bags & Luggage,BagMaster,$75.99
B0172UFV3Q,Comfortable Wool Jacket,https://images.unsplash.com/photo-1595777457583-95e059d581b8?w=400,Women's Clothing,ChicWear,$98.99
B0154LMA52,Elegant Denim Pendant,https://images.unsplash.com/photo-1535632066927-ab7c9ab60908?w=400,Jewelry,LuxeJewel,$34.99
B00HLJ674G,Trendy Cotton Hoodie,https://images.unsplash.com/photo-1586790170083-2f9ceadc732d?w=400,Men's Clothing,UrbanGent,$37.99
B00LXZN82S,Stylish Woven Sandals,https://images.unsplash.com/photo-1542291026-7eec264c27ff?w=400,Footwear,WalkEasy,$171.99
B003B2V1G6,Modern Suede T-Shirt,https://images.unsplash.com/photo-1586790170083-2f9ceadc732d?w=400,Men's Clothing,UrbanGent,$61.99
B000IUX7U2,Elegant Suede Pendant,https://images.unsplash.com/photo-1535632066927-ab7c9ab60908?w=400,Jewelry,LuxeJewel,$254.99
B009IMXP08,Luxury Knit Earrings,https://images.unsplash.com/photo-1535632066927-ab7c9ab60908?w=400,Jewelry,LuxeJewel,$296.99
B00L0RB33K,Designer Wool Hat,https://images.unsplash.com/photo-1492707892479-7bc8d5a4ee93?w=400,Accessories,TrendyBits,$68.99
B019RD838G,Classic Wool Skirt,https://images.unsplash.com/photo-1595777457583-95e059d581b8?w=400,Women's Clothing,ChicWear,$47.99
B00JKGF8FC,Essential Wool Crossbody,https://images.unsplash.com/photo-1553062407-98eeb64c6a62?w=400,Bags & Luggage,BagMaster,$93.99
B00KAKOGQE,Designer Cotton Wallet,https://images.unsplash.com/photo-1492707892479-7bc8d5a4ee93?w=400,Accessories,TrendyBits,$21.99
B01B986QRW,Elegant Wool Necklace,https://images.unsplash.com/photo-1535632066927-ab7c9ab60908?w=400,Jewelry,LuxeJewel,$310.99
B01E0FDY4E,Vintage Solid Sneakers,https://images.unsplash.com/photo-1542291026-7eec264c27ff?w=400,Footwear,WalkEasy,$56.99
B01537RVBA,Designer Knit Wallet,https://images.unsplash.com/photo-1492707892479-7bc8d5a4ee93?w=400,Accessories,TrendyBits,$36.99
B01CN8TZ4S,Premium Synthetic Watch,https://images.unsplash.com/photo-1492707892479-7bc8d5a4ee93?w=400,Accessories,TrendyBits,$137.99
B00UN11OG0,Vintage Knit Flats,https://images.unsplash.com/photo-1542291026-7eec264c27ff?w=400,Footwear,WalkEasy,$97.99
B00KMTCEV2,Elegant Woven Pendant,https://images.unsplash.com/photo-1535632066927-ab7c9ab60908?w=400,Jewelry,LuxeJewel,$370.99
B01GLSYSH0,Stylish Leather Running Shoes,https://images.unsplash.com/photo-1542291026-7eec264c27ff?w=400,Footwear,WalkEasy,$84.99
B01EFZ7C6K,Stylish Synthetic Sandals,https://images.unsplash.com/photo-1542291026-7eec264c27ff?w=400,Footwear,WalkEasy,$174.99
B01C2A432Q,Essential Wool Messenger Bag,https://images.unsplash.com/photo-1553062407-98eeb64c6a62?w=400,Bags & Luggage,BagMaster,$99.99
B017NNHQ6W,Vintage Leather Flats,https://images.unsplash.com/photo-1542291026-7eec264c27ff?w=400,Footwear,WalkEasy,$71.99
B00LEEQLE0,Modern Knit Jacket,https://images.unsplash.com/photo-1586790170083-2f9ceadc732d?w=400,Men's Clothing,UrbanGent,$25.99
B01FQT13AU,Classic Printed Skirt,https://images.unsplash.com/photo-1595777457583-95e059d581b8?w=400,Women's Clothing,ChicWear,$42.99
B01FG3JP5Q,Stylish Printed Running Shoes,https://images.unsplash.com/photo-1542291026-7eec264c27ff?w=400,Footwear,WalkEasy,$59.99
B00LPCNET6,Luxury Denim Brooch,https://images.unsplash.com/photo-1535632066927-ab7c9ab60908?w=400,Jewelry,LuxeJewel,$478.99
B00PAHWKJ2,Trendy Solid Jacket,https://images.unsplash.com/photo-1586790170083-2f9ceadc732d?w=400,Men's Clothing,UrbanGent,$35.99
B00G43EWF6,Premium Leather Hat,https://images.unsplash.com/photo-1492707892479-7bc8d5a4ee93?w=400,Accessories,TrendyBits,$163.99
B006DYYWHO,Classic Silk Cardigan,https://images.unsplash.com/photo-1595777457583-95e059d581b8?w=400,Women's Clothing,ChicWear,$114.99
B01GZWT4RG,Essential Silk Crossbody,https://images.unsplash.com/photo-1553062407-98eeb64c6a62?w=400,Bags & Luggage,BagMaster,$75.99
B004HM0QBU,Classic Cotton Jacket,https://images.unsplash.com/photo-1595777457583-95e059d581b8?w=400,Women's Clothing,ChicWear,$28.99
B006FQQUTI,Vintage Canvas Flats,https://images.unsplash.com/photo-1542291026-7eec264c27ff?w=400,Footwear,WalkEasy,$160.99
B00IDNYZF2,Essential Wool Crossbody,https://images.unsplash.com/photo-1553062407-98eeb64c6a62?w=400,Bags & Luggage,BagMaster,$117.99
B0149LQXHY,Elegant Knit Necklace,https://images.unsplash.com/photo-1535632066927-ab7c9ab60908?w=400,Jewelry,LuxeJewel,$36.99
B00O2CEMUQ,Elegant Woven Pendant,https://images.unsplash.com/photo-1535632066927-ab7c9ab60908?w=400,Jewelry,LuxeJewel,$278.99
B00TS4Y4I8,Modern Knit Hoodie,https://images.unsplash.com/photo-1586790170083-2f9ceadc732d?w=400,Men's Clothing,UrbanGent,$87.99
B0060624NO,Vintage Cotton Sneakers,https://images.unsplash.com/photo-1542291026-7eec264c27ff?w=400,Footwear,WalkEasy,$161.99
B00773PWF6,Vintage Suede Flats,https://images.unsplash.com/photo-1542291026-7eec264c27ff?w=400,Footwear,WalkEasy,$178.99
B01H94WRCS,Casual Synthetic Handbag,https://images.unsplash.com/photo-1553062407-98eeb64c6a62?w=400,Bags & Luggage,BagMaster,$123.99
B01A0VGTSU,Luxury Wool Earrings,https://images.unsplash.com/photo-1535632066927-ab7c9ab60908?w=400,Jewelry,LuxeJewel,$452.99
B015FKWP0M,Trendy Knit Jeans,https://images.unsplash.com/photo-1586790170083-2f9ceadc732d?w=400,Men's Clothing,UrbanGent,$143.99
B00NVE5HEQ,Essential Woven Crossbody,https://images.unsplash.com/photo-1553062407-98eeb64c6a62?w=400,Bags & Luggage,BagMaster,$57.99
B00DUW4VAK,Classic Silk Skirt,https://images.unsplash.com/photo-1595777457583-95e059d581b8?w=400,Women's Clothing,ChicWear,$107.99
B018427T4K,Casual Denim Suitcase,https://images.unsplash.com/photo-1553062407-98eeb64c6a62?w=400,Bags & Luggage,BagMaster,$99.99
B019RLOR0G,Casual Wool Suitcase,https://images.unsplash.com/photo-1553062407-98eeb64c6a62?w=400,Bags & Luggage,BagMaster,$207.99
B01CNM12AO,Premium Printed Wallet,https://images.unsplash.com/photo-1492707892479-7bc8d5a4ee93?w=400,Accessories,TrendyBits,$106.99
B00VHFGJTI,Casual Denim Suitcase,https://images.unsplash.com/photo-1553062407-98eeb64c6a62?w=400,Bags & Luggage,BagMaster,$195.99
B015ZK03GA,Premium Synthetic Tie,https://images.unsplash.com/photo-1492707892479-7bc8d5a4ee93?w=400,Accessories,TrendyBits,$199.99
B00YH6WS9E,Elegant Knit Pendant,https://images.unsplash.com/photo-1535632066927-ab7c9ab60908?w=400,Jewelry,LuxeJewel,$90.99
B018KRRB4C,Vintage Leather Sneakers,https://images.unsplash.com/photo-1542291026-7eec264c27ff?w=400,Footwear,WalkEasy,$82.99
B00IYF4CHK,Trendy Knit Suit,https://images.unsplash.com/photo-1586790170083-2f9ceadc732d?w=400,Men's Clothing,UrbanGent,$49.99
B00M334LNE,Modern Denim Suit,https://images.unsplash.com/photo-1586790170083-2f9ceadc732d?w=400,Men's Clothing,UrbanGent,$139.99
B000XRNJU8,Modern Cotton Jeans,https://images.unsplash.com/photo-1586790170083-2f9ceadc732d?w=400,Men's Clothing,UrbanGent,$123.99
B00P1731HG,Premium Canvas Watch,https://images.unsplash.com/photo-1492707892479-7bc8d5a4ee93?w=400,Accessories,TrendyBits,$122.99
B015N318VI,Stylish Woven Running Shoes,https://images.unsplash.com/photo-1542291026-7eec264c27ff?w=400,Footwear,WalkEasy,$111.99
B00JKGFG54,Vintage Woven Sneakers,https://images.unsplash.com/photo-1542291026-7eec264c27ff?w=400,Footwear,WalkEasy,$87.99
B01C8153FA,Vintage Knit Flats,https://images.unsplash.com/photo-1542291026-7eec264c27ff?w=400,Footwear,WalkEasy,$50.99
B01EH6F9DA,Modern Canvas Jacket,https://images.unsplash.com/photo-1586790170083-2f9ceadc732d?w=400,Men's Clothing,UrbanGent,$25.99
B01HCWVWF0,Designer Knit Wallet,https://images.unsplash.com/photo-1492707892479-7bc8d5a4ee93?w=400,Accessories,TrendyBits,$26.99
B018FCFDVK,Designer Synthetic Gloves,https://images.unsplash.com/photo-1492707892479-7bc8d5a4ee93?w=400,Accessories,TrendyBits,$100.99
B017I9EUCY,Stylish Leather Sandals,https://images.unsplash.com/photo-1542291026-7eec264c27ff?w=400,Footwear,WalkEasy,$151.99
B00VPQYLEY,Vintage Leather Flats,https://images.unsplash.com/photo-1542291026-7eec264c27ff?w=400,Footwear,WalkEasy,$165.99
B010FL4F7C,Casual Cotton Suitcase,https://images.unsplash.com/photo-1553062407-98eeb64c6a62?w=400,Bags & Luggage,BagMaster,$219.99
B00O522I54,Trendy Solid Jeans,https://images.unsplash.com/photo-1586790170083-2f9ceadc732d?w=400,Men's Clothing,UrbanGent,$63.99
B01H428WHE,Modern Printed Hoodie,https://images.unsplash.com/photo-1586790170083-2f9ceadc732d?w=400,Men's Clothing,UrbanGent,$107.99
B00ISIL5R8,Casual Woven Suitcase,https://images.unsplash.com/photo-1553062407-98eeb64c6a62?w=400,Bags & Luggage,BagMaster,$171.99
B00OUT021O,Luxury Knit Brooch,https://images.unsplash.com/photo-1535632066927-ab7c9ab60908?w=400,Jewelry,LuxeJewel,$38.99
B00KMQVC36,Premium Wool Wallet,https://images.unsplash.com/photo-1492707892479-7bc8d5a4ee93?w=400,Accessories,TrendyBits,$116.99
B013TWQYG4,Luxury Solid Earrings,https://images.unsplash.com/photo-1535632066927-ab7c9ab60908?w=400,Jewelry,LuxeJewel,$484.99
B00OJU9VMK,Premium Canvas Hat,https://images.unsplash.com/photo-1492707892479-7bc8d5a4ee93?w=400,Accessories,TrendyBits,$33.99
B00JBR896K,Casual Solid Suitcase,https://images.unsplash.com/photo-1553062407-98eeb64c6a62?w=400,Bags & Luggage,BagMaster,$159.99
B00GOQ3WEK,Modern Synthetic Suit,https://images.unsplash.com/photo-1586790170083-2f9ceadc732d?w=400,Men's Clothing,UrbanGent,$129.99
B00EDIP1LI,Premium Knit Watch,https://images.unsplash.com/photo-1492707892479-7bc8d5a4ee93?w=400,Accessories,TrendyBits,$162.99
B015Z37FPO,Casual Knit Suitcase,https://images.unsplash.com/photo-1553062407-98eeb64c6a62?w=400,Bags & Luggage,BagMaster,$243.99
B013D77G5I,Classic Synthetic Pants,https://images.unsplash.com/photo-1595777457583-95e059d581b8?w=400,Women's Clothing,ChicWear,$96.99
B00E0KZDAS,Elegant Knit Pendant,https://images.unsplash.com/photo-1535632066927-ab7c9ab60908?w=400,Jewelry,LuxeJewel,$418.99
B0138LWPF0,Luxury Synthetic Brooch,https://images.unsplash.com/photo-1535632066927-ab7c9ab60908?w=400,Jewelry,LuxeJewel,$180.99
B01FBFYAOU,Vintage Printed Flats,https://images.unsplash.com/photo-1542291026-7eec264c27ff?w=400,Footwear,WalkEasy,$77.99
B001IKDPIK,Luxury Solid Brooch,https://images.unsplash.com/photo-1535632066927-ab7c9ab60908?w=400,Jewelry,LuxeJewel,$212.99
B00IE0ZJBI,Stylish Leather Running Shoes,https://images.unsplash.com/photo-1542291026-7eec264c27ff?w=400,Footwear,WalkEasy,$98.99
B00ZZTQXD4,Comfortable Canvas Cardigan,https://images.unsplash.com/photo-1595777457583-95e059d581b8?w=400,Women's Clothing,ChicWear,$64.99
B00SMYJK4I,Elegant Wool Pendant,https://images.unsplash.com/photo-1535632066927-ab7c9ab60908?w=400,Jewelry,LuxeJewel,$332.99
B000KTK2YK,Stylish Denim Sandals,https://images.unsplash.com/photo-1542291026-7eec264c27ff?w=400,Footwear,WalkEasy,$148.99
B01D9E1SUO,Elegant Woven Necklace,https://images.unsplash.com/photo-1535632066927-ab7c9ab60908?w=400,Jewelry,LuxeJewel,$308.99
B01G711PUE,Casual Wool Handbag,https://images.unsplash.com/photo-1553062407-98eeb64c6a62?w=400,Bags & Luggage,BagMaster,$87.99
B00KOGMU7Q,Elegant Silk Pendant,https://images.unsplash.com/photo-1535632066927-ab7c9ab60908?w=400,Jewelry,LuxeJewel,$110.99
B01DTX3DA8,Comfortable Wool Jacket,https://images.unsplash.com/photo-1595777457583-95e059d581b8?w=400,Women's Clothing,ChicWear,$58.99
B00NI4ZWHQ,Vintage Silk Flats,https://images.unsplash.com/photo-1542291026-7eec264c27ff?w=400,Footwear,WalkEasy,$142.99
B00QWUPVHO,Trendy Denim Jeans,https://images.unsplash.com/photo-1586790170083-2f9ceadc732d?w=400,Men's Clothing,UrbanGent,$43.99
B01BI7AAIK,Comfortable Cotton Dress,https://images.unsplash.com/photo-1595777457583-95e059d581b8?w=400,Women's Clothing,ChicWear,$100.99
B018Z28GD2,Luxury Cotton Earrings,https://images.unsplash.com/photo-1535632066927-ab7c9ab60908?w=400,Jewelry,LuxeJewel,$30.99
B00O8WTK2U,Comfortable Synthetic Jacket,https://images.unsplash.com/photo-1595777457583-95e059d581b8?w=400,Women's Clothing,ChicWear,$58.99
B01FY3I0J0,Essential Synthetic Crossbody,https://images.unsplash.com/photo-1553062407-98eeb64c6a62?w=400,Bags & Luggage,BagMaster,$249.99
B017AJG3YA,Essential Synthetic Messenger Bag,https://images.unsplash.com/photo-1553062407-98eeb64c6a62?w=400,Bags & Luggage,BagMaster,$45.99
B00SOACDOE,Stylish Cotton Running Shoes,https://images.unsplash.com/photo-1542291026-7eec264c27ff?w=400,Footwear,WalkEasy,$69.99
B00EVYYLNI,Modern Silk Jacket,https://images.unsplash.com/photo-1586790170083-2f9ceadc732d?w=400,Men's Clothing,UrbanGent,$85.99
B003BDPYLI,Essential Knit Crossbody,https://images.unsplash.com/photo-1553062407-98eeb64c6a62?w=400,Bags & Luggage,BagMaster,$129.99
B0092FXZ88,Stylish Leather Sandals,https://images.unsplash.com/photo-1542291026-7eec264c27ff?w=400,Footwear,WalkEasy,$176.99
B00AEVIRLE,Casual Leather Handbag,https://images.unsplash.com/photo-1553062407-98eeb64c6a62?w=400,Bags & Luggage,BagMaster,$213.99
B01AWEEG0I,Stylish Denim Running Shoes,https://images.unsplash.com/photo-1542291026-7eec264c27ff?w=400,Footwear,WalkEasy,$123.99
B0068VTUQU,Comfortable Knit Skirt,https://images.unsplash.com/photo-1595777457583-95e059d581b8?w=400,Women's Clothing,ChicWear,$117.99
B00A17K3YK,Elegant Solid Pendant,https://images.unsplash.com/photo-1535632066927-ab7c9ab60908?w=400,Jewelry,LuxeJewel,$368.99
B00QTBFFXG,Casual Leather Suitcase,https://images.unsplash.com/photo-1553062407-98eeb64c6a62?w=400,Bags & Luggage,BagMaster,$99.99
B01B14Y0SG,Vintage Denim Flats,https://images.unsplash.com/photo-1542291026-7eec264c27ff?w=400,Footwear,WalkEasy,$80.99
B01FS21NQY,Classic Synthetic Cardigan,https://images.unsplash.com/photo-1595777457583-95e059d581b8?w=400,Women's Clothing,ChicWear,$54.99
B01CY8Z73A,Premium Denim Wallet,https://images.unsplash.com/photo-1492707892479-7bc8d5a4ee93?w=400,Accessories,TrendyBits,$61.99
B01B1D37ZY,Vintage Denim Sneakers,https://images.unsplash.com/photo-1542291026-7eec264c27ff?w=400,Footwear,WalkEasy,$77.99
B01DPLB9NW,Luxury Suede Earrings,https://images.unsplash.com/photo-1535632066927-ab7c9ab60908?w=400,Jewelry,LuxeJewel,$238.99
B01D63P2AA,Classic Canvas Dress,https://images.unsplash.com/photo-1595777457583-95e059d581b8?w=400,Women's Clothing,ChicWear,$105.99
B01AKZAF54,Essential Denim Crossbody,https://images.unsplash.com/photo-1553062407-98eeb64c6a62?w=400,Bags & Luggage,BagMaster,$123.99
B00RK7HDDI,Trendy Suede T-Shirt,https://images.unsplash.com/photo-1586790170083-2f9ceadc732d?w=400,Men's Clothing,UrbanGent,$51.99
B014KHSISE,Vintage Knit Sneakers,https://images.unsplash.com/photo-1542291026-7eec264c27ff?w=400,Footwear,WalkEasy,$136.99
B01GO0SFW4,Classic Canvas Dress,https://images.unsplash.com/photo-1595777457583-95e059d581b8?w=400,Women's Clothing,ChicWear,$30.99
B01FA2PHDM,Vintage Denim Sneakers,https://images.unsplash.com/photo-1542291026-7eec264c27ff?w=400,Footwear,WalkEasy,$66.99
B00SUV6FVO,Comfortable Synthetic Skirt,https://images.unsplash.com/photo-1595777457583-95e059d581b8?w=400,Women's Clothing,ChicWear,$72.99
B01F143IRQ,Elegant Wool Necklace,https://images.unsplash.com/photo-1535632066927-ab7c9ab60908?w=400,Jewelry,LuxeJewel,$300.99
B009ERSRDM,Comfortable Suede Jacket,https://images.unsplash.com/photo-1595777457583-95e059d581b8?w=400,Women's Clothing,ChicWear,$113.99
B00BUTYR54,Designer Canvas Watch,https://images.unsplash.com/photo-1492707892479-7bc8d5a4ee93?w=400,Accessories,TrendyBits,$172.99
B00J8OOKQY,Stylish Synthetic Running Shoes,https://images.unsplash.com/photo-1542291026-7eec264c27ff?w=400,Footwear,WalkEasy,$41.99
B00WFNOFVA,Elegant Leather Necklace,https://images.unsplash.com/photo-1535632066927-ab7c9ab60908?w=400,Jewelry,LuxeJewel,$114.99
B01DLQJB4K,Classic Woven Jacket,https://images.unsplash.com/photo-1595777457583-95e059d581b8?w=400,Women's Clothing,ChicWear,$53.99
B01D893BAK,Essential Denim Messenger Bag,https://images.unsplash.com/photo-1553062407-98eeb64c6a62?w=400,Bags & Luggage,BagMaster,$213.99
B00H2VGVY4,Classic Printed Cardigan,https://images.unsplash.com/photo-1595777457583-95e059d581b8?w=400,Women's Clothing,ChicWear,$84.99
B00F64LFDG,Premium Solid Tie,https://images.unsplash.com/photo-1492707892479-7bc8d5a4ee93?w=400,Accessories,TrendyBits,$199.99
B01GL3MZAC,Essential Leather Crossbody,https://images.unsplash.com/photo-1553062407-98eeb64c6a62?w=400,Bags & Luggage,BagMaster,$141.99
B00Q26TXWW,Classic Canvas Skirt,https://images.unsplash.com/photo-1595777457583-95e059d581b8?w=400,Women's Clothing,ChicWear,$42.99
B0148U9ZUS,Classic Woven Dress,https://images.unsplash.com/photo-1595777457583-95e059d581b8?w=400,Women's Clothing,ChicWear,$70.99
B013V4RGPI,Designer Woven Wallet,https://images.unsplash.com/photo-1492707892479-7bc8d5a4ee93?w=400,Accessories,TrendyBits,$156.99
B00ODMP7JK,Classic Cotton Skirt,https://images.unsplash.com/photo-1595777457583-95e059d581b8?w=400,Women's Clothing,ChicWear,$57.99
B00O4JMQ8C,Modern Canvas Jeans,https://images.unsplash.com/photo-1586790170083-2f9ceadc732d?w=400,Men's Clothing,UrbanGent,$53.99
B0081KZE6Q,Premium Silk Gloves,https://images.unsplash.com/photo-1492707892479-7bc8d5a4ee93?w=400,Accessories,TrendyBits,$75.99
B01D8H3XTG,Essential Suede Messenger Bag,https://images.unsplash.com/photo-1553062407-98eeb64c6a62?w=400,Bags & Luggage,BagMaster,$249.99
B010RRX91W,Designer Suede Gloves,https://images.unsplash.com/photo-1492707892479-7bc8d5a4ee93?w=400,Accessories,TrendyBits,$110.99
B00E1JOB74,Premium Silk Tie,https://images.unsplash.com/photo-1492707892479-7bc8d5a4ee93?w=400,Accessories,TrendyBits,$114.99
B01E58SRAW,Trendy Solid Suit,https://images.unsplash.com/photo-1586790170083-2f9ceadc732d?w=400,Men's Clothing,UrbanGent,$69.99
B01FK56IFA,Designer Canvas Tie,https://images.unsplash.com/photo-1492707892479-7bc8d5a4ee93?w=400,Accessories,TrendyBits,$99.99
B01CG5ILGG,Casual Cotton Handbag,https://images.unsplash.com/photo-1553062407-98eeb64c6a62?w=400,Bags & Luggage,BagMaster,$189.99
B00TDJVE18,Casual Suede Suitcase,https://images.unsplash.com/photo-1553062407-98eeb64c6a62?w=400,Bags & Luggage,BagMaster,$225.99
B00YPIQOB2,Modern Denim Jacket,https://images.unsplash.com/photo-1586790170083-2f9ceadc732d?w=400,Men's Clothing,UrbanGent,$75.99
B00ZU17MTQ,Vintage Synthetic Flats,https://images.unsplash.com/photo-1542291026-7eec264c27ff?w=400,Footwear,WalkEasy,$134.99
B00WAWN54O,Designer Silk Wallet,https://images.unsplash.com/photo-1492707892479-7bc8d5a4ee93?w=400,Accessories,TrendyBits,$56.99
B0158871RI,Trendy Solid Hoodie,https://images.unsplash.com/photo-1586790170083-2f9ceadc732d?w=400,Men's Clothing,UrbanGent,$27.99
B01EKTWXAQ,Stylish Woven Sandals,https://images.unsplash.com/photo-1542291026-7eec264c27ff?w=400,Footwear,WalkEasy,$122.99
B00GKC1UZG,Trendy Suede Suit,https://images.unsplash.com/photo-1586790170083-2f9ceadc732d?w=400,Men's Clothing,UrbanGent,$59.99
B01EC8FALE,Trendy Denim Hoodie,https://images.unsplash.com/photo-1586790170083-2f9ceadc732d?w=400,Men's Clothing,UrbanGent,$27.99
B00JGPUW3K,Luxury Silk Earrings,https://images.unsplash.com/photo-1535632066927-ab7c9ab60908?w=400,Jewelry,LuxeJewel,$476.99
B01CQR6HZ6,Comfortable Woven Pants,https://images.unsplash.com/photo-1595777457583-95e059d581b8?w=400,Women's Clothing,ChicWear,$46.99
B00A7WXJV8,Essential Cotton Messenger Bag,https://images.unsplash.com/photo-1553062407-98eeb64c6a62?w=400,Bags & Luggage,BagMaster,$183.99
B00TRFAFZY,Stylish Suede Running Shoes,https://images.unsplash.com/photo-1542291026-7eec264c27ff?w=400,Footwear,WalkEasy,$62.99
B01AD7JLO0,Essential Cotton Crossbody,https://images.unsplash.com/photo-1553062407-98eeb64c6a62?w=400,Bags & Luggage,BagMaster,$225.99
B014ERUTM8,Stylish Printed Sandals,https://images.unsplash.com/photo-1542291026-7eec264c27ff?w=400,Footwear,WalkEasy,$84.99
B01BKT7ZCK,Premium Solid Hat,https://images.unsplash.com/photo-1492707892479-7bc8d5a4ee93?w=400,Accessories,TrendyBits,$18.99
B015ZLFGPM,Essential Canvas Crossbody,https://images.unsplash.com/photo-1553062407-98eeb64c6a62?w=400,Bags & Luggage,BagMaster,$171.99
B00YTYC8YO,Trendy Wool Hoodie,https://images.unsplash.com/photo-1586790170083-2f9ceadc732d?w=400,Men's Clothing,UrbanGent,$37.99
B010Q2A2V8,Comfortable Silk Cardigan,https://images.unsplash.com/photo-1595777457583-95e059d581b8?w=400,Women's Clothing,ChicWear,$69.99
B00512RQFE,Designer Solid Hat,https://images.unsplash.com/photo-1492707892479-7bc8d5a4ee93?w=400,Accessories,TrendyBits,$138.99
B018STLBPM,Vintage Silk Flats,https://images.unsplash.com/photo-1542291026-7eec264c27ff?w=400,Footwear,WalkEasy,$133.99
B010RY7BH8,Trendy Silk Jeans,https://images.unsplash.com/photo-1586790170083-2f9ceadc732d?w=400,Men's Clothing,UrbanGent,$43.99
B00QWQQD52,Essential Wool Crossbody,https://images.unsplash.com/photo-1553062407-98eeb64c6a62?w=400,Bags & Luggage,BagMaster,$219.99
B00HNLTAP0,Stylish Printed Running Shoes,https://images.unsplash.com/photo-1542291026-7eec264c27ff?w=400,Footwear,WalkEasy,$71.99
B012NF2ESA,Modern Silk T-Shirt,https://images.unsplash.com/photo-1586790170083-2f9ceadc732d?w=400,Men's Clothing,UrbanGent,$121.99
B010RAEOOA,Casual Cotton Handbag,https://images.unsplash.com/photo-1553062407-98eeb64c6a62?w=400,Bags & Luggage,BagMaster,$129.99
B01D63K4JE,Vintage Woven Sneakers,https://images.unsplash.com/photo-1542291026-7eec264c27ff?w=400,Footwear,WalkEasy,$139.99
B00HV638R8,Trendy Woven Jacket,https://images.unsplash.com/photo-1586790170083-2f9ceadc732d?w=400,Men's Clothing,UrbanGent,$55.99
B0189JNM5S,Comfortable Canvas Cardigan,https://images.unsplash.com/photo-1595777457583-95e059d581b8?w=400,Women's Clothing,ChicWear,$74.99
B0068D5I2S,Stylish Suede Running Shoes,https://images.unsplash.com/photo-1542291026-7eec264c27ff?w=400,Footwear,WalkEasy,$139.99
B01GL2RWV0,Designer Knit Gloves,https://images.unsplash.com/photo-1492707892479-7bc8d5a4ee93?w=400,Accessories,TrendyBits,$65.99
B006Z81HI0,Trendy Synthetic T-Shirt,https://images.unsplash.com/photo-1586790170083-2f9ceadc732d?w=400,Men's Clothing,UrbanGent,$41.99
B00W4WNKWC,Stylish Cotton Running Shoes,https://images.unsplash.com/photo-1542291026-7eec264c27ff?w=400,Footwear,WalkEasy,$158.99
B018VE72FM,Elegant Canvas Necklace,https://images.unsplash.com/photo-1535632066927-ab7c9ab60908?w=400,Jewelry,LuxeJewel,$210.99
B016X12S5Y,Luxury Wool Brooch,https://images.unsplash.com/photo-1535632066927-ab7c9ab60908?w=400,Jewelry,LuxeJewel,$388.99
B00BTICZ2I,Designer Knit Watch,https://images.unsplash.com/photo-1492707892479-7bc8d5a4ee93?w=400,Accessories,TrendyBits,$122.99
B00LBSFRLC,Premium Canvas Tie,https://images.unsplash.com/photo-1492707892479-7bc8d5a4ee93?w=400,Accessories,TrendyBits,$84.99
B015J0MVJ8,Luxury Printed Brooch,https://images.unsplash.com/photo-1535632066927-ab7c9ab60908?w=400,Jewelry,LuxeJewel,$318.99
B018QJV5DW,Comfortable Leather Cardigan,https://images.unsplash.com/photo-1595777457583-95e059d581b8?w=400,Women's Clothing,ChicWear,$109.99
B01E6QVZKW,Trendy Printed Jacket,https://images.unsplash.com/photo-1586790170083-2f9ceadc732d?w=400,Men's Clothing,UrbanGent,$65.99
B00N8QF224,Stylish Wool Sandals,https://images.unsplash.com/photo-1542291026-7eec264c27ff?w=400,Footwear,WalkEasy,$124.99
B005MF5NE6,Designer Cotton Wallet,https://images.unsplash.com/photo-1492707892479-7bc8d5a4ee93?w=400,Accessories,TrendyBits,$26.99
B00007GDFV,Luxury Denim Brooch,https://images.unsplash.com/photo-1535632066927-ab7c9ab60908?w=400,Jewelry,LuxeJewel,$266.99
B00UAQ9UZK,Premium Cotton Gloves,https://images.unsplash.com/photo-1492707892479-7bc8d5a4ee93?w=400,Accessories,TrendyBits,$195.99
B00LVYDWAE,Classic Canvas Cardigan,https://images.unsplash.com/photo-1595777457583-95e059d581b8?w=400,Women's Clothing,ChicWear,$34.99
B0096D4O5Y,Premium Wool Watch,https://images.unsplash.com/photo-1492707892479-7bc8d5a4ee93?w=400,Accessories,TrendyBits,$102.99
B00HARV4CY,Elegant Printed Necklace,https://images.unsplash.com/photo-1535632066927-ab7c9ab60908?w=400,Jewelry,LuxeJewel,$302.99
B00M6SF3YW,Elegant Knit Necklace,https://images.unsplash.com/photo-1535632066927-ab7c9ab60908?w=400,Jewelry,LuxeJewel,$380.99
B00Z59UT8E,Trendy Silk Jeans,https://images.unsplash.com/photo-1586790170083-2f9ceadc732d?w=400,Men's Clothing,UrbanGent,$83.99
B01ARGHQA8,Essential Cotton Crossbody,https://images.unsplash.com/photo-1553062407-98eeb64c6a62?w=400,Bags & Luggage,BagMaster,$105.99
B017AHZ35C,Essential Synthetic Messenger Bag,https://images.unsplash.com/photo-1553062407-98eeb64c6a62?w=400,Bags & Luggage,BagMaster,$165.99
B00NJO71FG,Modern Woven Hoodie,https://images.unsplash.com/photo-1586790170083-2f9ceadc732d?w=400,Men's Clothing,UrbanGent,$47.99
B00JKGFE60,Comfortable Knit Cardigan,https://images.unsplash.com/photo-1595777457583-95e059d581b8?w=400,Women's Clothing,ChicWear,$69.99
B00IRW7GNM,Elegant Denim Necklace,https://images.unsplash.com/photo-1535632066927-ab7c9ab60908?w=400,Jewelry,LuxeJewel,$248.99
B00TUIC9X4,Elegant Silk Necklace,https://images.unsplash.com/photo-1535632066927-ab7c9ab60908?w=400,Jewelry,LuxeJewel,$198.99
B01A815JLK,Casual Canvas Suitcase,https://images.unsplash.com/photo-1553062407-98eeb64c6a62?w=400,Bags & Luggage,BagMaster,$129.99
B00PX5G31M,Comfortable Solid Jacket,https://images.unsplash.com/photo-1595777457583-95e059d581b8?w=400,Women's Clothing,ChicWear,$93.99
B00FM3J2EA,Classic Knit Pants,https://images.unsplash.com/photo-1595777457583-95e059d581b8?w=400,Women's Clothing,ChicWear,$71.99
B01BI7ELD0,Classic Canvas Dress,https://images.unsplash.com/photo-1595777457583-95e059d581b8?w=400,Women's Clothing,ChicWear,$100.99
B00TO6DN1E,Designer Denim Gloves,https://images.unsplash.com/photo-1492707892479-7bc8d5a4ee93?w=400,Accessories,TrendyBits,$105.99
B011QXRA5W,Casual Synthetic Handbag,https://images.unsplash.com/photo-1553062407-98eeb64c6a62?w=400,Bags & Luggage,BagMaster,$159.99
B0139RVNXS,Classic Leather Dress,https://images.unsplash.com/photo-1595777457583-95e059d581b8?w=400,Women's Clothing,ChicWear,$90.99
B00LL1JI78,Essential Knit Messenger Bag,https://images.unsplash.com/photo-1553062407-98eeb64c6a62?w=400,Bags & Luggage,BagMaster,$123.99
B00J1Z2W4C,Stylish Denim Sandals,https://images.unsplash.com/photo-1542291026-7eec264c27ff?w=400,Footwear,WalkEasy,$113.99
B003VISTZG,Modern Denim T-Shirt,https://images.unsplash.com/photo-1586790170083-2f9ceadc732d?w=400,Men's Clothing,UrbanGent,$41.99
B00KK3OSG4,Designer Solid Hat,https://images.unsplash.com/photo-1492707892479-7bc8d5a4ee93?w=400,Accessories,TrendyBits,$23.99
B00B27E330,Modern Silk T-Shirt,https://images.unsplash.com/photo-1586790170083-2f9ceadc732d?w=400,Men's Clothing,UrbanGent,$101.99
B017JM3AO4,Comfortable Canvas Pants,https://images.unsplash.com/photo-1595777457583-95e059d581b8?w=400,Women's Clothing,ChicWear,$81.99
B017U0KKJ8,Luxury Knit Earrings,https://images.unsplash.com/photo-1535632066927-ab7c9ab60908?w=400,Jewelry,LuxeJewel,$434.99
B00ROSFWJA,Casual Synthetic Suitcase,https://images.unsplash.com/photo-1553062407-98eeb64c6a62?w=400,Bags & Luggage,BagMaster,$123.99
B016Q3XZ1K,Premium Canvas Wallet,https://images.unsplash.com/photo-1492707892479-7bc8d5a4ee93?w=400,Accessories,TrendyBits,$36.99
B01EKKE380,Premium Wool Hat,https://images.unsplash.com/photo-1492707892479-7bc8d5a4ee93?w=400,Accessories,TrendyBits,$33.99
B01E3F46PM,Premium Woven Watch,https://images.unsplash.com/photo-1492707892479-7bc8d5a4ee93?w=400,Accessories,TrendyBits,$172.99
B01GCR4B04,Trendy Synthetic Jeans,https://images.unsplash.com/photo-1586790170083-2f9ceadc732d?w=400,Men's Clothing,UrbanGent,$23.99
B00EO0W7O4,Trendy Silk Suit,https://images.unsplash.com/photo-1586790170083-2f9ceadc732d?w=400,Men's Clothing,UrbanGent,$109.99
B012C8CG18,Comfortable Cotton Dress,https://images.unsplash.com/photo-1595777457583-95e059d581b8?w=400,Women's Clothing,ChicWear,$80.99
B019C17RSA,Modern Leather Jeans,https://images.unsplash.com/photo-1586790170083-2f9ceadc732d?w=400,Men's Clothing,UrbanGent,$73.99
B01C92ODRW,Designer Canvas Hat,https://images.unsplash.com/photo-1492707892479-7bc8d5a4ee93?w=400,Accessories,TrendyBits,$68.99
B000Q7LEBG,Premium Suede Wallet,https://images.unsplash.com/photo-1492707892479-7bc8d5a4ee93?w=400,Accessories,TrendyBits,$86.99
B00CIXR0OQ,Premium Knit Wallet,https://images.unsplash.com/photo-1492707892479-7bc8d5a4ee93?w=400,Accessories,TrendyBits,$186.99
B015O2OVIA,Vintage Silk Sneakers,https://images.unsplash.com/photo-1542291026-7eec264c27ff?w=400,Footwear,WalkEasy,$135.99
B00NXD1LWW,Classic Leather Skirt,https://images.unsplash.com/photo-1595777457583-95e059d581b8?w=400,Women's Clothing,ChicWear,$107.99
B00WRYLA7O,Modern Denim Jacket,https://images.unsplash.com/photo-1586790170083-2f9ceadc732d?w=400,Men's Clothing,UrbanGent,$55.99
B015TRG8PY,Modern Denim T-Shirt,https://images.unsplash.com/photo-1586790170083-2f9ceadc732d?w=400,Men's Clothing,UrbanGent,$61.99
B018G15W8E,Classic Wool Jacket,https://images.unsplash.com/photo-1595777457583-95e059d581b8?w=400,Women's Clothing,ChicWear,$38.99
B010SCPGAS,Classic Silk Cardigan,https://images.unsplash.com/photo-1595777457583-95e059d581b8?w=400,Women's Clothing,ChicWear,$84.99
B00J0BLM6G,Comfortable Knit Pants,https://images.unsplash.com/photo-1595777457583-95e059d581b8?w=400,Women's Clothing,ChicWear,$56.99
B00CH6XA4I,Vintage Printed Flats,https://images.unsplash.com/photo-1542291026-7eec264c27ff?w=400,Footwear,WalkEasy,$78.99
B01319BLJU,Trendy Canvas Jacket,https://images.unsplash.com/photo-1586790170083-2f9ceadc732d?w=400,Men's Clothing,UrbanGent,$85.99
B00KWV4KOE,Comfortable Canvas Cardigan,https://images.unsplash.com/photo-1595777457583-95e059d581b8?w=400,Women's Clothing,ChicWear,$69.99
B015O7WJPW,Stylish Denim Sandals,https://images.unsplash.com/photo-1542291026-7eec264c27ff?w=400,Footwear,WalkEasy,$117.99
B00COM54O4,Premium Wool Gloves,https://images.unsplash.com/photo-1492707892479-7bc8d5a4ee93?w=400,Accessories,TrendyBits,$175.99
B01BX33X10,Luxury Silk Brooch,https://images.unsplash.com/photo-1535632066927-ab7c9ab60908?w=400,Jewelry,LuxeJewel,$442.99
B01HAJ0H6K,Essential Synthetic Crossbody,https://images.unsplash.com/photo-1553062407-98eeb64c6a62?w=400,Bags & Luggage,BagMaster,$189.99
B01418KIXA,Casual Suede Handbag,https://images.unsplash.com/photo-1553062407-98eeb64c6a62?w=400,Bags & Luggage,BagMaster,$117.99
B01861MO58,Casual Synthetic Handbag,https://images.unsplash.com/photo-1553062407-98eeb64c6a62?w=400,Bags & Luggage,BagMaster,$219.99
B01EAH3G54,Stylish Canvas Running Shoes,https://images.unsplash.com/photo-1542291026-7eec264c27ff?w=400,Footwear,WalkEasy,$172.99
B00CRGC35A,Classic Leather Cardigan,https://images.unsplash.com/photo-1595777457583-95e059d581b8?w=400,Women's Clothing,ChicWear,$34.99
B018R9MOCM,Vintage Silk Sneakers,https://images.unsplash.com/photo-1542291026-7eec264c27ff?w=400,Footwear,WalkEasy,$110.99
B00I964ISW,Modern Denim T-Shirt,https://images.unsplash.com/photo-1586790170083-2f9ceadc732d?w=400,Men's Clothing,UrbanGent,$71.99
B00YK77ZOS,Stylish Cotton Running Shoes,https://images.unsplash.com/photo-1542291026-7eec264c27ff?w=400,Footwear,WalkEasy,$161.99
B00F8HVJSW,Casual Leather Suitcase,https://images.unsplash.com/photo-1553062407-98eeb64c6a62?w=400,Bags & Luggage,BagMaster,$57.99
B017BIRSR6,Comfortable Woven Jacket,https://images.unsplash.com/photo-1595777457583-95e059d581b8?w=400,Women's Clothing,ChicWear,$53.99
B00KVBHKJM,Classic Wool Skirt,https://images.unsplash.com/photo-1595777457583-95e059d581b8?w=400,Women's Clothing,ChicWear,$72.99
B0125RTERA,Premium Cotton Hat,https://images.unsplash.com/photo-1492707892479-7bc8d5a4ee93?w=400,Accessories,TrendyBits,$78.99
B00F0RTOS2,Elegant Printed Pendant,https://images.unsplash.com/photo-1535632066927-ab7c9ab60908?w=400,Jewelry,LuxeJewel,$384.99
B016Z1NUQS,Classic Canvas Jacket,https://images.unsplash.com/photo-1595777457583-95e059d581b8?w=400,Women's Clothing,ChicWear,$98.99
B017LZ462Y,Modern Silk Hoodie,https://images.unsplash.com/photo-1586790170083-2f9ceadc732d?w=400,Men's Clothing,UrbanGent,$147.99
B01EFJ02CC,Vintage Silk Flats,https://images.unsplash.com/photo-1542291026-7eec264c27ff?w=400,Footwear,WalkEasy,$148.99
B00LW08V6C,Classic Leather Dress,https://images.unsplash.com/photo-1595777457583-95e059d581b8?w=400,Women's Clothing,ChicWear,$90.99
B00DDN8IAA,Comfortable Wool Dress,https://images.unsplash.com/photo-1595777457583-95e059d581b8?w=400,Women's Clothing,ChicWear,$95.99
B00DH41QMW,Vintage Suede Sneakers,https://images.unsplash.com/photo-1542291026-7eec264c27ff?w=400,Footwear,WalkEasy,$97.99
B00HHSLYQC,Premium Silk Watch,https://images.unsplash.com/photo-1492707892479-7bc8d5a4ee93?w=400,Accessories,TrendyBits,$147.99
B01BTV4DSS,Designer Leather Tie,https://images.unsplash.com/photo-1492707892479-7bc8d5a4ee93?w=400,Accessories,TrendyBits,$114.99
B017ALM6GC,Stylish Wool Running Shoes,https://images.unsplash.com/photo-1542291026-7eec264c27ff?w=400,Footwear,WalkEasy,$176.99
B0148U9ZW6,Essential Canvas Crossbody,https://images.unsplash.com/photo-1553062407-98eeb64c6a62?w=400,Bags & Luggage,BagMaster,$75.99
B01ACF9OCM,Casual Synthetic Suitcase,https://images.unsplash.com/photo-1553062407-98eeb64c6a62?w=400,Bags & Luggage,BagMaster,$57.99
B01AIRKJUA,Classic Cotton Pants,https://images.unsplash.com/photo-1595777457583-95e059d581b8?w=400,Women's Clothing,ChicWear,$96.99
B00S4AMOG6,Comfortable Silk Jacket,https://images.unsplash.com/photo-1595777457583-95e059d581b8?w=400,Women's Clothing,ChicWear,$43.99
B01CBEWF9G,Essential Silk Messenger Bag,https://images.unsplash.com/photo-1553062407-98eeb64c6a62?w=400,Bags & Luggage,BagMaster,$135.99
B019O9RER4,Essential Suede Messenger Bag,https://images.unsplash.com/photo-1553062407-98eeb64c6a62?w=400,Bags & Luggage,BagMaster,$129.99
B01EA55CIK,Comfortable Wool Pants,https://images.unsplash.com/photo-1595777457583-95e059d581b8?w=400,Women's Clothing,ChicWear,$61.99
B01B169V74,Premium Synthetic Wallet,https://images.unsplash.com/photo-1492707892479-7bc8d5a4ee93?w=400,Accessories,TrendyBits,$86.99
B00RYX3W7Y,Modern Leather Suit,https://images.unsplash.com/photo-1586790170083-2f9ceadc732d?w=400,Men's Clothing,UrbanGent,$49.99
B01ECNSND6,Designer Cotton Hat,https://images.unsplash.com/photo-1492707892479-7bc8d5a4ee93?w=400,Accessories,TrendyBits,$43.99
B000GKU9KU,Stylish Denim Sandals,https://images.unsplash.com/photo-1542291026-7eec264c27ff?w=400,Footwear,WalkEasy,$141.99
B00LHPOMYC,Trendy Denim Jeans,https://images.unsplash.com/photo-1586790170083-2f9ceadc732d?w=400,Men's Clothing,UrbanGent,$33.99
B00DYF3L5O,Elegant Canvas Pendant,https://images.unsplash.com/photo-1535632066927-ab7c9ab60908?w=400,Jewelry,LuxeJewel,$294.99
B00MLYE8PQ,Premium Synthetic Tie,https://images.unsplash.com/photo-1492707892479-7bc8d5a4ee93?w=400,Accessories,TrendyBits,$194.99
B017JMFKPG,Premium Leather Wallet,https://images.unsplash.com/photo-1492707892479-7bc8d5a4ee93?w=400,Accessories,TrendyBits,$31.99
B00HMBVA5E,Luxury Silk Brooch,https://images.unsplash.com/photo-1535632066927-ab7c9ab60908?w=400,Jewelry,LuxeJewel,$418.99
B01486X9LS,Stylish Printed Running Shoes,https://images.unsplash.com/photo-1542291026-7eec264c27ff?w=400,Footwear,WalkEasy,$39.99
B00UYWGFUI,Casual Woven Suitcase,https://images.unsplash.com/photo-1553062407-98eeb64c6a62?w=400,Bags & Luggage,BagMaster,$75.99
B01AFJY77C,Casual Suede Suitcase,https://images.unsplash.com/photo-1553062407-98eeb64c6a62?w=400,Bags & Luggage,BagMaster,$147.99
B01AUJ12K2,Elegant Leather Pendant,https://images.unsplash.com/photo-1535632066927-ab7c9ab60908?w=400,Jewelry,LuxeJewel,$104.99
B00HLG7YJG,Luxury Silk Brooch,https://images.unsplash.com/photo-1535632066927-ab7c9ab60908?w=400,Jewelry,LuxeJewel,$162.99
B005LWKP5W,Elegant Synthetic Necklace,https://images.unsplash.com/photo-1535632066927-ab7c9ab60908?w=400,Jewelry,LuxeJewel,$442.99
B00JTTWF9M,Comfortable Knit Cardigan,https://images.unsplash.com/photo-1595777457583-95e059d581b8?w=400,Women's Clothing,ChicWear,$29.99
B00T730PNS,Vintage Leather Flats,https://images.unsplash.com/photo-1542291026-7eec264c27ff?w=400,Footwear,WalkEasy,$38.99
B00HWZQRE4,Designer Suede Watch,https://images.unsplash.com/photo-1492707892479-7bc8d5a4ee93?w=400,Accessories,TrendyBits,$102.99
B015QUFTUE,Elegant Silk Pendant,https://images.unsplash.com/photo-1535632066927-ab7c9ab60908?w=400,Jewelry,LuxeJewel,$436.99
B00HR54U3Y,Elegant Leather Necklace,https://images.unsplash.com/photo-1535632066927-ab7c9ab60908?w=400,Jewelry,LuxeJewel,$180.99
B01H7N6240,Stylish Denim Sandals,https://images.unsplash.com/photo-1542291026-7eec264c27ff?w=400,Footwear,WalkEasy,$52.99
B00VTDWVSQ,Casual Leather Suitcase,https://images.unsplash.com/photo-1553062407-98eeb64c6a62?w=400,Bags & Luggage,BagMaster,$69.99
B019E7UMIE,Stylish Synthetic Sandals,https://images.unsplash.com/photo-1542291026-7eec264c27ff?w=400,Footwear,WalkEasy,$150.99
B00PJIDQ68,Casual Printed Handbag,https://images.unsplash.com/photo-1553062407-98eeb64c6a62?w=400,Bags & Luggage,BagMaster,$171.99
B005P1GFJE,Luxury Cotton Brooch,https://images.unsplash.com/photo-1535632066927-ab7c9ab60908?w=400,Jewelry,LuxeJewel,$164.99
B015Y58A02,Vintage Printed Flats,https://images.unsplash.com/photo-1542291026-7eec264c27ff?w=400,Footwear,WalkEasy,$47.99
B018KRRC2I,Vintage Suede Sneakers,https://images.unsplash.com/photo-1542291026-7eec264c27ff?w=400,Footwear,WalkEasy,$144.99
B0122MHONO,Designer Synthetic Hat,https://images.unsplash.com/photo-1492707892479-7bc8d5a4ee93?w=400,Accessories,TrendyBits,$18.99
B004DB898W,Modern Denim Jacket,https://images.unsplash.com/photo-1586790170083-2f9ceadc732d?w=400,Men's Clothing,UrbanGent,$145.99
B00FKSDSK6,Premium Silk Watch,https://images.unsplash.com/photo-1492707892479-7bc8d5a4ee93?w=400,Accessories,TrendyBits,$32.99
B0148U9ZXK,Designer Wool Tie,https://images.unsplash.com/photo-1492707892479-7bc8d5a4ee93?w=400,Accessories,TrendyBits,$79.99
B0051W8UUE,Vintage Wool Flats,https://images.unsplash.com/photo-1542291026-7eec264c27ff?w=400,Footwear,WalkEasy,$71.99
B01EJEQKRE,Premium Woven Wallet,https://images.unsplash.com/photo-1492707892479-7bc8d5a4ee93?w=400,Accessories,TrendyBits,$171.99
B00UV9VFZY,Modern Suede Hoodie,https://images.unsplash.com/photo-1586790170083-2f9ceadc732d?w=400,Men's Clothing,UrbanGent,$47.99
B00GSDTH0M,Essential Solid Crossbody,https://images.unsplash.com/photo-1553062407-98eeb64c6a62?w=400,Bags & Luggage,BagMaster,$117.99
B0007L0CJ6,Classic Synthetic Pants,https://images.unsplash.com/photo-1595777457583-95e059d581b8?w=400,Women's Clothing,ChicWear,$61.99
B00GLBC64A,Stylish Synthetic Running Shoes,https://images.unsplash.com/photo-1542291026-7eec264c27ff?w=400,Footwear,WalkEasy,$82.99
B00OGO1MIU,Trendy Printed Hoodie,https://images.unsplash.com/photo-1586790170083-2f9ceadc732d?w=400,Men's Clothing,UrbanGent,$47.99
B00V01TNOC,Elegant Solid Necklace,https://images.unsplash.com/photo-1535632066927-ab7c9ab60908?w=400,Jewelry,LuxeJewel,$358.99
B01DNLYQTS,Casual Cotton Suitcase,https://images.unsplash.com/photo-1553062407-98eeb64c6a62?w=400,Bags & Luggage,BagMaster,$219.99
B016XMI8PM,Designer Woven Hat,https://images.unsplash.com/photo-1492707892479-7bc8d5a4ee93?w=400,Accessories,TrendyBits,$63.99
B00VDSGNTU,Classic Solid Pants,https://images.unsplash.com/photo-1595777457583-95e059d581b8?w=400,Women's Clothing,ChicWear,$106.99
B0092FVV2K,Essential Cotton Messenger Bag,https://images.unsplash.com/photo-1553062407-98eeb64c6a62?w=400,Bags & Luggage,BagMaster,$147.99
B0092ONSTK,Casual Silk Suitcase,https://images.unsplash.com/photo-1553062407-98eeb64c6a62?w=400,Bags & Luggage,BagMaster,$159.99
B01DQ926JE,Premium Synthetic Watch,https://images.unsplash.com/photo-1492707892479-7bc8d5a4ee93?w=400,Accessories,TrendyBits,$42.99
B01DC9HHME,Elegant Canvas Pendant,https://images.unsplash.com/photo-1535632066927-ab7c9ab60908?w=400,Jewelry,LuxeJewel,$402.99
B00OGWDPE6,Casual Synthetic Handbag,https://images.unsplash.com/photo-1553062407-98eeb64c6a62?w=400,Bags & Luggage,BagMaster,$243.99
B00A78VC2U,Classic Cotton Pants,https://images.unsplash.com/photo-1595777457583-95e059d581b8?w=400,Women's Clothing,ChicWear,$56.99
B00AWWGMFS,Luxury Woven Brooch,https://images.unsplash.com/photo-1535632066927-ab7c9ab60908?w=400,Jewelry,LuxeJewel,$72.99
B00G5INCQ0,Stylish Cotton Sandals,https://images.unsplash.com/photo-1542291026-7eec264c27ff?w=400,Footwear,WalkEasy,$111.99
B00K6AMT5I,Luxury Denim Brooch,https://images.unsplash.com/photo-1535632066927-ab7c9ab60908?w=400,Jewelry,LuxeJewel,$74.99
B016YPI2J0,Designer Silk Tie,https://images.unsplash.com/photo-1492707892479-7bc8d5a4ee93?w=400,Accessories,TrendyBits,$84.99
B00FKZ1Y3M,Casual Wool Handbag,https://images.unsplash.com/photo-1553062407-98eeb64c6a62?w=400,Bags & Luggage,BagMaster,$195.99
B01GQUJBTI,Modern Solid T-Shirt,https://images.unsplash.com/photo-1586790170083-2f9ceadc732d?w=400,Men's Clothing,UrbanGent,$41.99
B00B7MCN9G,Elegant Cotton Necklace,https://images.unsplash.com/photo-1535632066927-ab7c9ab60908?w=400,Jewelry,LuxeJewel,$426.99
B00WRYKV5Q,Classic Knit Jacket,https://images.unsplash.com/photo-1595777457583-95e059d581b8?w=400,Women's Clothing,ChicWear,$98.99
B00FG7K6QA,Essential Solid Messenger Bag,https://images.unsplash.com/photo-1553062407-98eeb64c6a62?w=400,Bags & Luggage,BagMaster,$165.99
B019I8K38S,Premium Leather Wallet,https://images.unsplash.com/photo-1492707892479-7bc8d5a4ee93?w=400,Accessories,TrendyBits,$106.99
B00CQ11KNC,Vintage Knit Sneakers,https://images.unsplash.com/photo-1542291026-7eec264c27ff?w=400,Footwear,WalkEasy,$106.99
B00SB0NNXM,Comfortable Knit Jacket,https://images.unsplash.com/photo-1595777457583-95e059d581b8?w=400,Women's Clothing,ChicWear,$73.99
B00HH5FEHK,Stylish Wool Sandals,https://images.unsplash.com/photo-1542291026-7eec264c27ff?w=400,Footwear,WalkEasy,$130.99
B01D30XCYY,Premium Cotton Wallet,https://images.unsplash.com/photo-1492707892479-7bc8d5a4ee93?w=400,Accessories,TrendyBits,$161.99
B00E6OP7YK,Modern Suede Jeans,https://images.unsplash.com/photo-1586790170083-2f9ceadc732d?w=400,Men's Clothing,UrbanGent,$93.99
B007XD6K1U,Elegant Leather Necklace,https://images.unsplash.com/photo-1535632066927-ab7c9ab60908?w=400,Jewelry,LuxeJewel,$216.99
B01D34BB0C,Comfortable Wool Cardigan,https://images.unsplash.com/photo-1595777457583-95e059d581b8?w=400,Women's Clothing,ChicWear,$74.99
B00NHX6JAM,Casual Leather Suitcase,https://images.unsplash.com/photo-1553062407-98eeb64c6a62?w=400,Bags & Luggage,BagMaster,$171.99
B00L36MZUS,Trendy Woven Jeans,https://images.unsplash.com/photo-1586790170083-2f9ceadc732d?w=400,Men's Clothing,UrbanGent,$103.99
B00PBTAVEK,Casual Woven Suitcase,https://images.unsplash.com/photo-1553062407-98eeb64c6a62?w=400,Bags & Luggage,BagMaster,$201.99
B00XVOGXE4,Modern Woven Jeans,https://images.unsplash.com/photo-1586790170083-2f9ceadc732d?w=400,Men's Clothing,UrbanGent,$113.99
B01DD4EQN6,Designer Cotton Tie,https://images.unsplash.com/photo-1492707892479-7bc8d5a4ee93?w=400,Accessories,TrendyBits,$69.99
B00X7CBTKS,Comfortable Knit Skirt,https://images.unsplash.com/photo-1595777457583-95e059d581b8?w=400,Women's Clothing,ChicWear,$52.99
B00ZWNEMT0,Casual Solid Suitcase,https://images.unsplash.com/photo-1553062407-98eeb64c6a62?w=400,Bags & Luggage,BagMaster,$87.99
B00S93BJ0K,Premium Denim Watch,https://images.unsplash.com/photo-1492707892479-7bc8d5a4ee93?w=400,Accessories,TrendyBits,$82.99
B00S2GAWS4,Elegant Wool Pendant,https://images.unsplash.com/photo-1535632066927-ab7c9ab60908?w=400,Jewelry,LuxeJewel,$176.99
B00MFDQH0M,Classic Leather Skirt,https://images.unsplash.com/photo-1595777457583-95e059d581b8?w=400,Women's Clothing,ChicWear,$82.99
B016F9X2AE,Comfortable Printed Dress,https://images.unsplash.com/photo-1595777457583-95e059d581b8?w=400,Women's Clothing,ChicWear,$95.99
B019SIQLZ2,Essential Solid Crossbody,https://images.unsplash.com/photo-1553062407-98eeb64c6a62?w=400,Bags & Luggage,BagMaster,$57.99
B00T4BP0RO,Luxury Knit Earrings,https://images.unsplash.com/photo-1535632066927-ab7c9ab60908?w=400,Jewelry,LuxeJewel,$146.99
B00ZE8T8V0,Modern Denim T-Shirt,https://images.unsplash.com/photo-1586790170083-2f9ceadc732d?w=400,Men's Clothing,UrbanGent,$31.99
B0036MSZ06,Modern Wool T-Shirt,https://images.unsplash.com/photo-1586790170083-2f9ceadc732d?w=400,Men's Clothing,UrbanGent,$121.99
B016NLS9FM,Designer Synthetic Tie,https://images.unsplash.com/photo-1492707892479-7bc8d5a4ee93?w=400,Accessories,TrendyBits,$174.99
B01C2D07LO,Vintage Knit Sneakers,https://images.unsplash.com/photo-1542291026-7eec264c27ff?w=400,Footwear,WalkEasy,$106.99
B01FB8B0PE,Trendy Wool Suit,https://images.unsplash.com/photo-1586790170083-2f9ceadc732d?w=400,Men's Clothing,UrbanGent,$149.99
B01C8D57DG,Essential Leather Crossbody,https://images.unsplash.com/photo-1553062407-98eeb64c6a62?w=400,Bags & Luggage,BagMaster,$171.99
B005I4OYKK,Comfortable Suede Cardigan,https://images.unsplash.com/photo-1595777457583-95e059d581b8?w=400,Women's Clothing,ChicWear,$94.99
B01EUERMY8,Stylish Canvas Sandals,https://images.unsplash.com/photo-1542291026-7eec264c27ff?w=400,Footwear,WalkEasy,$55.99
B0154F8PN4,Designer Solid Wallet,https://images.unsplash.com/photo-1492707892479-7bc8d5a4ee93?w=400,Accessories,TrendyBits,$156.99
B014R1F8FO,Classic Cotton Jacket,https://images.unsplash.com/photo-1595777457583-95e059d581b8?w=400,Women's Clothing,ChicWear,$98.99
B00SWU3GEC,Premium Silk Tie,https://images.unsplash.com/photo-1492707892479-7bc8d5a4ee93?w=400,Accessories,TrendyBits,$99.99
B00PV09GCW,Trendy Silk T-Shirt,https://images.unsplash.com/photo-1586790170083-2f9ceadc732d?w=400,Men's Clothing,UrbanGent,$31.99
B00NAUW3SO,Modern Wool T-Shirt,https://images.unsplash.com/photo-1586790170083-2f9ceadc732d?w=400,Men's Clothing,UrbanGent,$71.99
B00VIKU05Q,Premium Leather Hat,https://images.unsplash.com/photo-1492707892479-7bc8d5a4ee93?w=400,Accessories,TrendyBits,$53.99
B00LSC0UA4,Casual Canvas Suitcase,https://images.unsplash.com/photo-1553062407-98eeb64c6a62?w=400,Bags & Luggage,BagMaster,$195.99
B014H27QAS,Essential Suede Messenger Bag,https://images.unsplash.com/photo-1553062407-98eeb64c6a62?w=400,Bags & Luggage,BagMaster,$93.99
B01H1SBFA2,Designer Woven Wallet,https://images.unsplash.com/photo-1492707892479-7bc8d5a4ee93?w=400,Accessories,TrendyBits,$71.99
B018NH7SFG,Stylish Canvas Running Shoes,https://images.unsplash.com/photo-1542291026-7eec264c27ff?w=400,Footwear,WalkEasy,$84.99
B00J9VE9JE,Modern Knit T-Shirt,https://images.unsplash.com/photo-1586790170083-2f9ceadc732d?w=400,Men's Clothing,UrbanGent,$91.99
B00G540EPQ,Comfortable Wool Pants,https://images.unsplash.com/photo-1595777457583-95e059d581b8?w=400,Women's Clothing,ChicWear,$26.99
B00NSJWN2S,Classic Silk Cardigan,https://images.unsplash.com/photo-1595777457583-95e059d581b8?w=400,Women's Clothing,ChicWear,$39.99
B01CHID1EE,Casual Silk Handbag,https://images.unsplash.com/photo-1553062407-98eeb64c6a62?w=400,Bags & Luggage,BagMaster,$87.99
B00MA1C3VQ,Modern Solid Suit,https://images.unsplash.com/photo-1586790170083-2f9ceadc732d?w=400,Men's Clothing,UrbanGent,$129.99
B010JCNRDU,Essential Silk Messenger Bag,https://images.unsplash.com/photo-1553062407-98eeb64c6a62?w=400,Bags & Luggage,BagMaster,$93.99
B000JPPOZ2,Comfortable Silk Dress,https://images.unsplash.com/photo-1595777457583-95e059d581b8?w=400,Women's Clothing,ChicWear,$55.99
B00NWJ2BWG,Premium Printed Gloves,https://images.unsplash.com/photo-1492707892479-7bc8d5a4ee93?w=400,Accessories,TrendyBits,$175.99
B00JAI6J3K,Stylish Knit Running Shoes,https://images.unsplash.com/photo-1542291026-7eec264c27ff?w=400,Footwear,WalkEasy,$160.99
B013U1NP2A,Stylish Synthetic Sandals,https://images.unsplash.com/photo-1542291026-7eec264c27ff?w=400,Footwear,WalkEasy,$124.99
B01F6LCHCG,Essential Solid Messenger Bag,https://images.unsplash.com/photo-1553062407-98eeb64c6a62?w=400,Bags & Luggage,BagMaster,$165.99
B01DSI3CA0,Luxury Denim Brooch,https://images.unsplash.com/photo-1535632066927-ab7c9ab60908?w=400,Jewelry,LuxeJewel,$232.99
B00N1WSXUI,Designer Suede Wallet,https://images.unsplash.com/photo-1492707892479-7bc8d5a4ee93?w=400,Accessories,TrendyBits,$61.99
B007WAU0RE,Modern Wool Suit,https://images.unsplash.com/photo-1586790170083-2f9ceadc732d?w=400,Men's Clothing,UrbanGent,$99.99
B00GIGM7EC,Classic Denim Skirt,https://images.unsplash.com/photo-1595777457583-95e059d581b8?w=400,Women's Clothing,ChicWear,$52.99
B016UKRUH4,Modern Canvas Hoodie,https://images.unsplash.com/photo-1586790170083-2f9ceadc732d?w=400,Men's Clothing,UrbanGent,$57.99
B00OU7E668,Elegant Knit Pendant,https://images.unsplash.com/photo-1535632066927-ab7c9ab60908?w=400,Jewelry,LuxeJewel,$238.99
B00BUVH1LO,Modern Knit Suit,https://images.unsplash.com/photo-1586790170083-2f9ceadc732d?w=400,Men's Clothing,UrbanGent,$119.99
B00KYWA4VY,Casual Solid Handbag,https://images.unsplash.com/photo-1553062407-98eeb64c6a62?w=400,Bags & Luggage,BagMaster,$195.99
B00IO0JWZ2,Classic Knit Jacket,https://images.unsplash.com/photo-1595777457583-95e059d581b8?w=400,Women's Clothing,ChicWear,$83.99
B01B5JRR96,Stylish Suede Running Shoes,https://images.unsplash.com/photo-1542291026-7eec264c27ff?w=400,Footwear,WalkEasy,$67.99
B018CMAT5I,Essential Canvas Messenger Bag,https://images.unsplash.com/photo-1553062407-98eeb64c6a62?w=400,Bags & Luggage,BagMaster,$195.99
B00YUSBDI6,Classic Denim Cardigan,https://images.unsplash.com/photo-1595777457583-95e059d581b8?w=400,Women's Clothing,ChicWear,$79.99
B00YFSUA4E,Vintage Suede Sneakers,https://images.unsplash.com/photo-1542291026-7eec264c27ff?w=400,Footwear,WalkEasy,$137.99
B00JW0EXUW,Luxury Solid Brooch,https://images.unsplash.com/photo-1535632066927-ab7c9ab60908?w=400,Jewelry,LuxeJewel,$172.99
B00WZSGF2W,Comfortable Cotton Jacket,https://images.unsplash.com/photo-1595777457583-95e059d581b8?w=400,Women's Clothing,ChicWear,$88.99
B00OJW819C,Vintage Cotton Sneakers,https://images.unsplash.com/photo-1542291026-7eec264c27ff?w=400,Footwear,WalkEasy,$155.99
B00HMCE3X4,Essential Silk Crossbody,https://images.unsplash.com/photo-1553062407-98eeb64c6a62?w=400,Bags & Luggage,BagMaster,$195.99
B00ZCE9PF0,Premium Leather Wallet,https://images.unsplash.com/photo-1492707892479-7bc8d5a4ee93?w=400,Accessories,TrendyBits,$186.99
B00JDMAZLA,Stylish Printed Running Shoes,https://images.unsplash.com/photo-1542291026-7eec264c27ff?w=400,Footwear,WalkEasy,$91.99
B01681G9SQ,Comfortable Denim Skirt,https://images.unsplash.com/photo-1595777457583-95e059d581b8?w=400,Women's Clothing,ChicWear,$97.99
B01AMSIDI0,Classic Printed Dress,https://images.unsplash.com/photo-1595777457583-95e059d581b8?w=400,Women's Clothing,ChicWear,$70.99
B01G6TI0LE,Stylish Suede Sandals,https://images.unsplash.com/photo-1542291026-7eec264c27ff?w=400,Footwear,WalkEasy,$172.99
B00M2Q3DBI,Luxury Knit Brooch,https://images.unsplash.com/photo-1535632066927-ab7c9ab60908?w=400,Jewelry,LuxeJewel,$208.99
B018VOZ6O6,Stylish Printed Sandals,https://images.unsplash.com/photo-1542291026-7eec264c27ff?w=400,Footwear,WalkEasy,$69.99
B00XV12O3G,Modern Suede T-Shirt,https://images.unsplash.com/photo-1586790170083-2f9ceadc732d?w=400,Men's Clothing,UrbanGent,$61.99
B00E3I93KS,Premium Woven Hat,https://images.unsplash.com/photo-1492707892479-7bc8d5a4ee93?w=400,Accessories,TrendyBits,$83.99
B012QBS1HE,Designer Denim Hat,https://images.unsplash.com/photo-1492707892479-7bc8d5a4ee93?w=400,Accessories,TrendyBits,$143.99
B004C801AU,Casual Printed Handbag,https://images.unsplash.com/photo-1553062407-98eeb64c6a62?w=400,Bags & Luggage,BagMaster,$93.99
B00L35JVKQ,Premium Woven Tie,https://images.unsplash.com/photo-1492707892479-7bc8d5a4ee93?w=400,Accessories,TrendyBits,$19.99
B00P92YK3C,Premium Solid Tie,https://images.unsplash.com/photo-1492707892479-7bc8d5a4ee93?w=400,Accessories,TrendyBits,$129.99
B00LVYDYQ6,Premium Printed Hat,https://images.unsplash.com/photo-1492707892479-7bc8d5a4ee93?w=400,Accessories,TrendyBits,$168.99
B01HFM1D10,Elegant Knit Pendant,https://images.unsplash.com/photo-1535632066927-ab7c9ab60908?w=400,Jewelry,LuxeJewel,$64.99
B00IYF4HT8,Comfortable Leather Skirt,https://images.unsplash.com/photo-1595777457583-95e059d581b8?w=400,Women's Clothing,ChicWear,$47.99
B00ADLBELA,Luxury Wool Brooch,https://images.unsplash.com/photo-1535632066927-ab7c9ab60908?w=400,Jewelry,LuxeJewel,$194.99
B00JQ3TC9W,Modern Denim Hoodie,https://images.unsplash.com/photo-1586790170083-2f9ceadc732d?w=400,Men's Clothing,UrbanGent,$27.99
B00XUNWBLA,Vintage Wool Flats,https://images.unsplash.com/photo-1542291026-7eec264c27ff?w=400,Footwear,WalkEasy,$157.99
B01B9Q2NRG,Luxury Suede Earrings,https://images.unsplash.com/photo-1535632066927-ab7c9ab60908?w=400,Jewelry,LuxeJewel,$188.99
B011AB6UYM,Modern Synthetic Jeans,https://images.unsplash.com/photo-1586790170083-2f9ceadc732d?w=400,Men's Clothing,UrbanGent,$123.99
B00L2FC7SU,Trendy Denim T-Shirt,https://images.unsplash.com/photo-1586790170083-2f9ceadc732d?w=400,Men's Clothing,UrbanGent,$111.99
B00K2O6N3W,Premium Canvas Wallet,https://images.unsplash.com/photo-1492707892479-7bc8d5a4ee93?w=400,Accessories,TrendyBits,$151.99
B00BCO8G1S,Essential Denim Crossbody,https://images.unsplash.com/photo-1553062407-98eeb64c6a62?w=400,Bags & Luggage,BagMaster,$237.99
B01CJG9XCI,Vintage Knit Flats,https://images.unsplash.com/photo-1542291026-7eec264c27ff?w=400,Footwear,WalkEasy,$179.99
B01DSK8HL2,Casual Suede Suitcase,https://images.unsplash.com/photo-1553062407-98eeb64c6a62?w=400,Bags & Luggage,BagMaster,$99.99
B00WSHUUDU,Casual Knit Handbag,https://images.unsplash.com/photo-1553062407-98eeb64c6a62?w=400,Bags & Luggage,BagMaster,$63.99
B01E9U146A,Elegant Solid Necklace,https://images.unsplash.com/photo-1535632066927-ab7c9ab60908?w=400,Jewelry,LuxeJewel,$62.99
B00T839E1Q,Comfortable Knit Jacket,https://images.unsplash.com/photo-1595777457583-95e059d581b8?w=400,Women's Clothing,ChicWear,$78.99
B01DNXANNE,Essential Denim Messenger Bag,https://images.unsplash.com/photo-1553062407-98eeb64c6a62?w=400,Bags & Luggage,BagMaster,$249.99
B0191F0NE2,Trendy Synthetic Hoodie,https://images.unsplash.com/photo-1586790170083-2f9ceadc732d?w=400,Men's Clothing,UrbanGent,$67.99
B00NBI109S,Elegant Printed Pendant,https://images.unsplash.com/photo-1535632066927-ab7c9ab60908?w=400,Jewelry,LuxeJewel,$124.99
B01AETXOKO,Casual Leather Suitcase,https://images.unsplash.com/photo-1553062407-98eeb64c6a62?w=400,Bags & Luggage,BagMaster,$171.99
B011I850Z2,Stylish Denim Sandals,https://images.unsplash.com/photo-1542291026-7eec264c27ff?w=400,Footwear,WalkEasy,$122.99
B006TN2GCC,Stylish Knit Sandals,https://images.unsplash.com/photo-1542291026-7eec264c27ff?w=400,Footwear,WalkEasy,$45.99
B00FAR063E,Premium Silk Hat,https://images.unsplash.com/photo-1492707892479-7bc8d5a4ee93?w=400,Accessories,TrendyBits,$33.99
B00KW04BHQ,Trendy Knit Jeans,https://images.unsplash.com/photo-1586790170083-2f9ceadc732d?w=400,Men's Clothing,UrbanGent,$93.99
B01CHICZJQ,Essential Silk Crossbody,https://images.unsplash.com/photo-1553062407-98eeb64c6a62?w=400,Bags & Luggage,BagMaster,$201.99
B00P7BB7PY,Stylish Suede Sandals,https://images.unsplash.com/photo-1542291026-7eec264c27ff?w=400,Footwear,WalkEasy,$55.99
B00LFIAUX8,Classic Silk Dress,https://images.unsplash.com/photo-1595777457583-95e059d581b8?w=400,Women's Clothing,ChicWear,$60.99
B00D77KM10,Casual Leather Suitcase,https://images.unsplash.com/photo-1553062407-98eeb64c6a62?w=400,Bags & Luggage,BagMaster,$51.99
B00UZVF6S0,Classic Canvas Cardigan,https://images.unsplash.com/photo-1595777457583-95e059d581b8?w=400,Women's Clothing,ChicWear,$49.99
B00VJ777OK,Elegant Solid Pendant,https://images.unsplash.com/photo-1535632066927-ab7c9ab60908?w=400,Jewelry,LuxeJewel,$48.99
B00Z21AE80,Stylish Suede Sandals,https://images.unsplash.com/photo-1542291026-7eec264c27ff?w=400,Footwear,WalkEasy,$89.99
B010LFNM8K,Essential Knit Messenger Bag,https://images.unsplash.com/photo-1553062407-98eeb64c6a62?w=400,Bags & Luggage,BagMaster,$195.99
B00N03TEMO,Essential Suede Crossbody,https://images.unsplash.com/photo-1553062407-98eeb64c6a62?w=400,Bags & Luggage,BagMaster,$177.99
B00YUIA7CE,Designer Canvas Hat,https://images.unsplash.com/photo-1492707892479-7bc8d5a4ee93?w=400,Accessories,TrendyBits,$28.99
B00AQXSR8I,Luxury Canvas Earrings,https://images.unsplash.com/photo-1535632066927-ab7c9ab60908?w=400,Jewelry,LuxeJewel,$44.99
B00C2FHPLI,Essential Solid Messenger Bag,https://images.unsplash.com/photo-1553062407-98eeb64c6a62?w=400,Bags & Luggage,BagMaster,$171.99
B00MXYTRJG,Stylish Wool Running Shoes,https://images.unsplash.com/photo-1542291026-7eec264c27ff?w=400,Footwear,WalkEasy,$97.99
B01DNW1KT6,Premium Canvas Tie,https://images.unsplash.com/photo-1492707892479-7bc8d5a4ee93?w=400,Accessories,TrendyBits,$94.99
B00YGDAKG6,Modern Wool Suit,https://images.unsplash.com/photo-1586790170083-2f9ceadc732d?w=400,Men's Clothing,UrbanGent,$29.99
B01DLZ36YC,Stylish Cotton Sandals,https://images.unsplash.com/photo-1542291026-7eec264c27ff?w=400,Footwear,WalkEasy,$142.99
B016N70TV8,Luxury Synthetic Earrings,https://images.unsplash.com/photo-1535632066927-ab7c9ab60908?w=400,Jewelry,LuxeJewel,$374.99
B01E7FHYE8,Premium Leather Gloves,https://images.unsplash.com/photo-1492707892479-7bc8d5a4ee93?w=400,Accessories,TrendyBits,$120.99
B00AEVC1SO,Trendy Printed Jacket,https://images.unsplash.com/photo-1586790170083-2f9ceadc732d?w=400,Men's Clothing,UrbanGent,$35.99
B00PL4KHJY,Classic Suede Pants,https://images.unsplash.com/photo-1595777457583-95e059d581b8?w=400,Women's Clothing,ChicWear,$106.99
B00CLV5X5I,Trendy Canvas T-Shirt,https://images.unsplash.com/photo-1586790170083-2f9ceadc732d?w=400,Men's Clothing,UrbanGent,$131.99
B00CM1ATQ0,Essential Synthetic Crossbody,https://images.unsplash.com/photo-1553062407-98eeb64c6a62?w=400,Bags & Luggage,BagMaster,$129.99
B00Z9LE2ZY,Vintage Denim Flats,https://images.unsplash.com/photo-1542291026-7eec264c27ff?w=400,Footwear,WalkEasy,$137.99
B01DE2I1EM,Luxury Knit Earrings,https://images.unsplash.com/photo-1535632066927-ab7c9ab60908?w=400,Jewelry,LuxeJewel,$320.99
B01DD6GXC6,Vintage Cotton Sneakers,https://images.unsplash.com/photo-1542291026-7eec264c27ff?w=400,Footwear,WalkEasy,$82.99
B00A00GTYQ,Premium Suede Gloves,https://images.unsplash.com/photo-1492707892479-7bc8d5a4ee93?w=400,Accessories,TrendyBits,$25.99
B015ZGKCCO,Comfortable Canvas Jacket,https://images.unsplash.com/photo-1595777457583-95e059d581b8?w=400,Women's Clothing,ChicWear,$33.99
B00MNRTR2K,Trendy Solid Jeans,https://images.unsplash.com/photo-1586790170083-2f9ceadc732d?w=400,Men's Clothing,UrbanGent,$143.99
B01GMA0GQY,Essential Knit Crossbody,https://images.unsplash.com/photo-1553062407-98eeb64c6a62?w=400,Bags & Luggage,BagMaster,$135.99
B001AX0QXC,Designer Leather Watch,https://images.unsplash.com/photo-1492707892479-7bc8d5a4ee93?w=400,Accessories,TrendyBits,$197.99
B01EG0YCKI,Stylish Wool Running Shoes,https://images.unsplash.com/photo-1542291026-7eec264c27ff?w=400,Footwear,WalkEasy,$100.99
B01D6F1BJY,Vintage Canvas Flats,https://images.unsplash.com/photo-1542291026-7eec264c27ff?w=400,Footwear,WalkEasy,$160.99
B009I3UGOK,Comfortable Wool Skirt,https://images.unsplash.com/photo-1595777457583-95e059d581b8?w=400,Women's Clothing,ChicWear,$27.99
B00TV3YF4E,Casual Solid Suitcase,https://images.unsplash.com/photo-1553062407-98eeb64c6a62?w=400,Bags & Luggage,BagMaster,$201.99
B01EHP3ASM,Stylish Suede Sandals,https://images.unsplash.com/photo-1542291026-7eec264c27ff?w=400,Footwear,WalkEasy,$179.99
B015X7NORU,Elegant Printed Necklace,https://images.unsplash.com/photo-1535632066927-ab7c9ab60908?w=400,Jewelry,LuxeJewel,$428.99
B00DP741ZK,Vintage Synthetic Flats,https://images.unsplash.com/photo-1542291026-7eec264c27ff?w=400,Footwear,WalkEasy,$50.99
B01D2PVM7Y,Designer Silk Tie,https://images.unsplash.com/photo-1492707892479-7bc8d5a4ee93?w=400,Accessories,TrendyBits,$139.99
B00Y88GUUO,Designer Silk Tie,https://images.unsplash.com/photo-1492707892479-7bc8d5a4ee93?w=400,Accessories,TrendyBits,$84.99
B00MG1F75Y,Designer Synthetic Watch,https://images.unsplash.com/photo-1492707892479-7bc8d5a4ee93?w=400,Accessories,TrendyBits,$22.99
B01CZT3BYA,Modern Leather Suit,https://images.unsplash.com/photo-1586790170083-2f9ceadc732d?w=400,Men's Clothing,UrbanGent,$59.99
B01CYHDIVY,Essential Printed Messenger Bag,https://images.unsplash.com/photo-1553062407-98eeb64c6a62?w=400,Bags & Luggage,BagMaster,$99.99
B013SA9TU0,Luxury Knit Brooch,https://images.unsplash.com/photo-1535632066927-ab7c9ab60908?w=400,Jewelry,LuxeJewel,$456.99
B01EL6AW3S,Modern Woven Hoodie,https://images.unsplash.com/photo-1586790170083-2f9ceadc732d?w=400,Men's Clothing,UrbanGent,$147.99
B00TM2X13U,Comfortable Solid Cardigan,https://images.unsplash.com/photo-1595777457583-95e059d581b8?w=400,Women's Clothing,ChicWear,$109.99
B00NMRR0LK,Stylish Leather Running Shoes,https://images.unsplash.com/photo-1542291026-7eec264c27ff?w=400,Footwear,WalkEasy,$170.99
B000FHB86I,Casual Canvas Handbag,https://images.unsplash.com/photo-1553062407-98eeb64c6a62?w=400,Bags & Luggage,BagMaster,$201.99
B00MB2S980,Casual Suede Handbag,https://images.unsplash.com/photo-1553062407-98eeb64c6a62?w=400,Bags & Luggage,BagMaster,$87.99
B01EMQNV30,Classic Synthetic Jacket,https://images.unsplash.com/photo-1595777457583-95e059d581b8?w=400,Women's Clothing,ChicWear,$38.99
B0177UTL82,Luxury Printed Brooch,https://images.unsplash.com/photo-1535632066927-ab7c9ab60908?w=400,Jewelry,LuxeJewel,$394.99
B00Y2MPQLA,Essential Solid Crossbody,https://images.unsplash.com/photo-1553062407-98eeb64c6a62?w=400,Bags & Luggage,BagMaster,$117.99
B01CRV8HP4,Trendy Suede Hoodie,https://images.unsplash.com/photo-1586790170083-2f9ceadc732d?w=400,Men's Clothing,UrbanGent,$147.99
B01EOIIL8Q,Modern Canvas Hoodie,https://images.unsplash.com/photo-1586790170083-2f9ceadc732d?w=400,Men's Clothing,UrbanGent,$107.99
B00Q8WCL6A,Essential Solid Messenger Bag,https://images.unsplash.com/photo-1553062407-98eeb64c6a62?w=400,Bags & Luggage,BagMaster,$243.99
B00EHSSQCK,Classic Suede Pants,https://images.unsplash.com/photo-1595777457583-95e059d581b8?w=400,Women's Clothing,ChicWear,$66.99
B01CQGQPHM,Stylish Woven Running Shoes,https://images.unsplash.com/photo-1542291026-7eec264c27ff?w=400,Footwear,WalkEasy,$36.99
B01HBFL3VG,Casual Silk Handbag,https://images.unsplash.com/photo-1553062407-98eeb64c6a62?w=400,Bags & Luggage,BagMaster,$75.99
B01COOZAKE,Essential Wool Messenger Bag,https://images.unsplash.com/photo-1553062407-98eeb64c6a62?w=400,Bags & Luggage,BagMaster,$111.99
B00Y0KY3F4,Premium Woven Hat,https://images.unsplash.com/photo-1492707892479-7bc8d5a4ee93?w=400,Accessories,TrendyBits,$83.99
B00ESJJVW2,Stylish Knit Running Shoes,https://images.unsplash.com/photo-1542291026-7eec264c27ff?w=400,Footwear,WalkEasy,$140.99
B00EV5NFDY,Comfortable Knit Cardigan,https://images.unsplash.com/photo-1595777457583-95e059d581b8?w=400,Women's Clothing,ChicWear,$94.99
B015PEX1NI,Modern Suede Suit,https://images.unsplash.com/photo-1586790170083-2f9ceadc732d?w=400,Men's Clothing,UrbanGent,$129.99
B00M2QCELS,Vintage Solid Flats,https://images.unsplash.com/photo-1542291026-7eec264c27ff?w=400,Footwear,WalkEasy,$156.99
B00TDNCW74,Luxury Synthetic Earrings,https://images.unsplash.com/photo-1535632066927-ab7c9ab60908?w=400,Jewelry,LuxeJewel,$158.99
B00M0E3UPG,Designer Denim Wallet,https://images.unsplash.com/photo-1492707892479-7bc8d5a4ee93?w=400,Accessories,TrendyBits,$41.99
B01GV4G1S8,Designer Denim Watch,https://images.unsplash.com/photo-1492707892479-7bc8d5a4ee93?w=400,Accessories,TrendyBits,$127.99
B00F6GSHLM,Premium Cotton Tie,https://images.unsplash.com/photo-1492707892479-7bc8d5a4ee93?w=400,Accessories,TrendyBits,$34.99
B01CEAPKBC,Luxury Knit Earrings,https://images.unsplash.com/photo-1535632066927-ab7c9ab60908?w=400,Jewelry,LuxeJewel,$248.99
B017HVVTQS,Designer Leather Watch,https://images.unsplash.com/photo-1492707892479-7bc8d5a4ee93?w=400,Accessories,TrendyBits,$117.99
B000GAP1LW,Comfortable Denim Cardigan,https://images.unsplash.com/photo-1595777457583-95e059d581b8?w=400,Women's Clothing,ChicWear,$74.99
B00LWC4WOK,Trendy Denim T-Shirt,https://images.unsplash.com/photo-1586790170083-2f9ceadc732d?w=400,Men's Clothing,UrbanGent,$41.99
B00PD4CRV8,Essential Knit Crossbody,https://images.unsplash.com/photo-1553062407-98eeb64c6a62?w=400,Bags & Luggage,BagMaster,$213.99
B007KEAPM2,Trendy Silk Hoodie,https://images.unsplash.com/photo-1586790170083-2f9ceadc732d?w=400,Men's Clothing,UrbanGent,$77.99
B017JXEQMI,Luxury Cotton Brooch,https://images.unsplash.com/photo-1535632066927-ab7c9ab60908?w=400,Jewelry,LuxeJewel,$200.99
B015MHHV02,Elegant Silk Pendant,https://images.unsplash.com/photo-1535632066927-ab7c9ab60908?w=400,Jewelry,LuxeJewel,$48.99
B007GLDQIO,Stylish Suede Running Shoes,https://images.unsplash.com/photo-1542291026-7eec264c27ff?w=400,Footwear,WalkEasy,$103.99
B00LTYNCXI,Essential Solid Messenger Bag,https://images.unsplash.com/photo-1553062407-98eeb64c6a62?w=400,Bags & Luggage,BagMaster,$135.99
B01C4II0K2,Comfortable Wool Jacket,https://images.unsplash.com/photo-1595777457583-95e059d581b8?w=400,Women's Clothing,ChicWear,$108.99
B01C4B31HQ,Essential Silk Messenger Bag,https://images.unsplash.com/photo-1553062407-98eeb64c6a62?w=400,Bags & Luggage,BagMaster,$123.99
B01F3AN602,Premium Printed Hat,https://images.unsplash.com/photo-1492707892479-7bc8d5a4ee93?w=400,Accessories,TrendyBits,$53.99
B007BQOTR6,Casual Canvas Handbag,https://images.unsplash.com/photo-1553062407-98eeb64c6a62?w=400,Bags & Luggage,BagMaster,$81.99
B01F3NM9XY,Premium Synthetic Wallet,https://images.unsplash.com/photo-1492707892479-7bc8d5a4ee93?w=400,Accessories,TrendyBits,$181.99
B00LRFCL1S,Elegant Wool Pendant,https://images.unsplash.com/photo-1535632066927-ab7c9ab60908?w=400,Jewelry,LuxeJewel,$284.99
B01H9LY1QG,Modern Leather Suit,https://images.unsplash.com/photo-1586790170083-2f9ceadc732d?w=400,Men's Clothing,UrbanGent,$59.99
B010IMATX2,Classic Printed Dress,https://images.unsplash.com/photo-1595777457583-95e059d581b8?w=400,Women's Clothing,ChicWear,$35.99
B00V54SOCQ,Elegant Denim Pendant,https://images.unsplash.com/photo-1535632066927-ab7c9ab60908?w=400,Jewelry,LuxeJewel,$264.99
B01BY47I6E,Designer Canvas Hat,https://images.unsplash.com/photo-1492707892479-7bc8d5a4ee93?w=400,Accessories,TrendyBits,$178.99
B01BWEFC9Q,Essential Printed Messenger Bag,https://images.unsplash.com/photo-1553062407-98eeb64c6a62?w=400,Bags & Luggage,BagMaster,$51.99
B015IYI2TI,Casual Suede Suitcase,https://images.unsplash.com/photo-1553062407-98eeb64c6a62?w=400,Bags & Luggage,BagMaster,$225.99
B00QLJXDYO,Designer Canvas Tie,https://images.unsplash.com/photo-1492707892479-7bc8d5a4ee93?w=400,Accessories,TrendyBits,$184.99
B006K3N4X6,Premium Silk Watch,https://images.unsplash.com/photo-1492707892479-7bc8d5a4ee93?w=400,Accessories,TrendyBits,$77.99
B00GLR1KFK,Luxury Canvas Earrings,https://images.unsplash.com/photo-1535632066927-ab7c9ab60908?w=400,Jewelry,LuxeJewel,$70.99
B006IUSJV8,Modern Leather T-Shirt,https://images.unsplash.com/photo-1586790170083-2f9ceadc732d?w=400,Men's Clothing,UrbanGent,$21.99
B01FA73X5G,Luxury Solid Brooch,https://images.unsplash.com/photo-1535632066927-ab7c9ab60908?w=400,Jewelry,LuxeJewel,$94.99
B017SB6Q1K,Elegant Leather Necklace,https://images.unsplash.com/photo-1535632066927-ab7c9ab60908?w=400,Jewelry,LuxeJewel,$130.99
B00GQ2ZXOE,Trendy Silk Hoodie,https://images.unsplash.com/photo-1586790170083-2f9ceadc732d?w=400,Men's Clothing,UrbanGent,$77.99
B00VVX0XTI,Premium Leather Gloves,https://images.unsplash.com/photo-1492707892479-7bc8d5a4ee93?w=400,Accessories,TrendyBits,$165.99
B01BLSWCS2,Classic Printed Pants,https://images.unsplash.com/photo-1595777457583-95e059d581b8?w=400,Women's Clothing,ChicWear,$101.99
B00GWFAEXK,Comfortable Silk Cardigan,https://images.unsplash.com/photo-1595777457583-95e059d581b8?w=400,Women's Clothing,ChicWear,$39.99
B01FF1DFPU,Premium Canvas Watch,https://images.unsplash.com/photo-1492707892479-7bc8d5a4ee93?w=400,Accessories,TrendyBits,$192.99
B010W3GC2O,Trendy Cotton T-Shirt,https://images.unsplash.com/photo-1586790170083-2f9ceadc732d?w=400,Men's Clothing,UrbanGent,$41.99
B00N4T52Z2,Modern Wool Hoodie,https://images.unsplash.com/photo-1586790170083-2f9ceadc732d?w=400,Men's Clothing,UrbanGent,$27.99
B00N4SOUHY,Trendy Denim Jacket,https://images.unsplash.com/photo-1586790170083-2f9ceadc732d?w=400,Men's Clothing,UrbanGent,$35.99
B01FG9ZN60,Stylish Printed Running Shoes,https://images.unsplash.com/photo-1542291026-7eec264c27ff?w=400,Footwear,WalkEasy,$110.99
B01109BC1U,Essential Woven Messenger Bag,https://images.unsplash.com/photo-1553062407-98eeb64c6a62?w=400,Bags & Luggage,BagMaster,$111.99
B0110HJ624,Designer Solid Gloves,https://images.unsplash.com/photo-1492707892479-7bc8d5a4ee93?w=400,Accessories,TrendyBits,$105.99
B01BDJ1BY0,Stylish Suede Running Shoes,https://images.unsplash.com/photo-1542291026-7eec264c27ff?w=400,Footwear,WalkEasy,$114.99
B001JTC4EG,Modern Cotton Jeans,https://images.unsplash.com/photo-1586790170083-2f9ceadc732d?w=400,Men's Clothing,UrbanGent,$123.99
B017VRLMYM,Classic Woven Jacket,https://images.unsplash.com/photo-1595777457583-95e059d581b8?w=400,Women's Clothing,ChicWear,$58.99
B01FH11IFM,Casual Cotton Handbag,https://images.unsplash.com/photo-1553062407-98eeb64c6a62?w=400,Bags & Luggage,BagMaster,$237.99
B01BAJ3ST4,Essential Denim Messenger Bag,https://images.unsplash.com/photo-1553062407-98eeb64c6a62?w=400,Bags & Luggage,BagMaster,$117.99
B01B9RDIHE,Premium Cotton Gloves,https://images.unsplash.com/photo-1492707892479-7bc8d5a4ee93?w=400,Accessories,TrendyBits,$85.99
B00HGB224I,Luxury Silk Brooch,https://images.unsplash.com/photo-1535632066927-ab7c9ab60908?w=400,Jewelry,LuxeJewel,$360.99
B01B3CJL1W,Elegant Suede Pendant,https://images.unsplash.com/photo-1535632066927-ab7c9ab60908?w=400,Jewelry,LuxeJewel,$176.99
B00L6T94DI,Classic Printed Jacket,https://images.unsplash.com/photo-1595777457583-95e059d581b8?w=400,Women's Clothing,ChicWear,$63.99
B00HSC2O5W,Designer Wool Hat,https://images.unsplash.com/photo-1492707892479-7bc8d5a4ee93?w=400,Accessories,TrendyBits,$68.99
B01FM5CIMU,Designer Woven Tie,https://images.unsplash.com/photo-1492707892479-7bc8d5a4ee93?w=400,Accessories,TrendyBits,$169.99
B00L4QQ0JO,Stylish Knit Running Shoes,https://images.unsplash.com/photo-1542291026-7eec264c27ff?w=400,Footwear,WalkEasy,$149.99
B01GIA9GU0,Comfortable Woven Jacket,https://images.unsplash.com/photo-1595777457583-95e059d581b8?w=400,Women's Clothing,ChicWear,$98.99
B000RAQFPM,Premium Knit Gloves,https://images.unsplash.com/photo-1492707892479-7bc8d5a4ee93?w=400,Accessories,TrendyBits,$45.99
B00QUBDEWE,Luxury Canvas Brooch,https://images.unsplash.com/photo-1535632066927-ab7c9ab60908?w=400,Jewelry,LuxeJewel,$102.99
B00I0E8P46,Casual Knit Suitcase,https://images.unsplash.com/photo-1553062407-98eeb64c6a62?w=400,Bags & Luggage,BagMaster,$63.99
B00I1CNW5E,Trendy Cotton T-Shirt,https://images.unsplash.com/photo-1586790170083-2f9ceadc732d?w=400,Men's Clothing,UrbanGent,$81.99
B015BA31D6,Vintage Silk Flats,https://images.unsplash.com/photo-1542291026-7eec264c27ff?w=400,Footwear,WalkEasy,$82.99
B00SI5H7BO,Premium Denim Tie,https://images.unsplash.com/photo-1492707892479-7bc8d5a4ee93?w=400,Accessories,TrendyBits,$129.99
B00B619A9E,Luxury Solid Earrings,https://images.unsplash.com/photo-1535632066927-ab7c9ab60908?w=400,Jewelry,LuxeJewel,$358.99
B01FQGRPXC,Premium Wool Gloves,https://images.unsplash.com/photo-1492707892479-7bc8d5a4ee93?w=400,Accessories,TrendyBits,$125.99
B01AUHI9NW,Elegant Leather Pendant,https://images.unsplash.com/photo-1535632066927-ab7c9ab60908?w=400,Jewelry,LuxeJewel,$96.99
B01AUHH57S,Designer Knit Wallet,https://images.unsplash.com/photo-1492707892479-7bc8d5a4ee93?w=400,Accessories,TrendyBits,$126.99
B01FQM5E2A,Essential Synthetic Messenger Bag,https://images.unsplash.com/photo-1553062407-98eeb64c6a62?w=400,Bags & Luggage,BagMaster,$201.99
B005F6VR60,Premium Printed Tie,https://images.unsplash.com/photo-1492707892479-7bc8d5a4ee93?w=400,Accessories,TrendyBits,$139.99
B01FREF9KO,Designer Wool Tie,https://images.unsplash.com/photo-1492707892479-7bc8d5a4ee93?w=400,Accessories,TrendyBits,$164.99
B00W6CV4AU,Luxury Canvas Earrings,https://images.unsplash.com/photo-1535632066927-ab7c9ab60908?w=400,Jewelry,LuxeJewel,$378.99
B014JGXQC4,Classic Printed Jacket,https://images.unsplash.com/photo-1595777457583-95e059d581b8?w=400,Women's Clothing,ChicWear,$113.99
B00QYTNHNS,Comfortable Suede Cardigan,https://images.unsplash.com/photo-1595777457583-95e059d581b8?w=400,Women's Clothing,ChicWear,$74.99
B01GHQXRI2,Luxury Cotton Earrings,https://images.unsplash.com/photo-1535632066927-ab7c9ab60908?w=400,Jewelry,LuxeJewel,$300.99
B00II5K7E8,Casual Solid Suitcase,https://images.unsplash.com/photo-1553062407-98eeb64c6a62?w=400,Bags & Luggage,BagMaster,$87.99
B01GP0SA50,Vintage Suede Flats,https://images.unsplash.com/photo-1542291026-7eec264c27ff?w=400,Footwear,WalkEasy,$35.99
B00KWKIFU0,Casual Canvas Handbag,https://images.unsplash.com/photo-1553062407-98eeb64c6a62?w=400,Bags & Luggage,BagMaster,$177.99
B00UBXB44C,Casual Canvas Suitcase,https://images.unsplash.com/photo-1553062407-98eeb64c6a62?w=400,Bags & Luggage,BagMaster,$237.99
B011H9EBFW,Casual Canvas Handbag,https://images.unsplash.com/photo-1553062407-98eeb64c6a62?w=400,Bags & Luggage,BagMaster,$129.99
B018892U4I,Modern Cotton T-Shirt,https://images.unsplash.com/photo-1586790170083-2f9ceadc732d?w=400,Men's Clothing,UrbanGent,$131.99
B01AJ2IFWS,Luxury Denim Brooch,https://images.unsplash.com/photo-1535632066927-ab7c9ab60908?w=400,Jewelry,LuxeJewel,$146.99
B00SBVV3OW,Luxury Wool Brooch,https://images.unsplash.com/photo-1535632066927-ab7c9ab60908?w=400,Jewelry,LuxeJewel,$246.99
B011IUFMH6,Essential Leather Crossbody,https://images.unsplash.com/photo-1553062407-98eeb64c6a62?w=400,Bags & Luggage,BagMaster,$111.99
B00R4MYU58,Essential Wool Crossbody,https://images.unsplash.com/photo-1553062407-98eeb64c6a62?w=400,Bags & Luggage,BagMaster,$231.99
B00KVM82TS,Designer Wool Gloves,https://images.unsplash.com/photo-1492707892479-7bc8d5a4ee93?w=400,Accessories,TrendyBits,$140.99
B00ITU4MOI,Stylish Synthetic Running Shoes,https://images.unsplash.com/photo-1542291026-7eec264c27ff?w=400,Footwear,WalkEasy,$70.99
B01H2CCE16,Modern Canvas Hoodie,https://images.unsplash.com/photo-1586790170083-2f9ceadc732d?w=400,Men's Clothing,UrbanGent,$67.99
B00R7FDYLI,Luxury Synthetic Earrings,https://images.unsplash.com/photo-1535632066927-ab7c9ab60908?w=400,Jewelry,LuxeJewel,$446.99
B00B1UDX98,Elegant Canvas Necklace,https://images.unsplash.com/photo-1535632066927-ab7c9ab60908?w=400,Jewelry,LuxeJewel,$480.99
B01FZ4D2PK,Comfortable Cotton Dress,https://images.unsplash.com/photo-1595777457583-95e059d581b8?w=400,Women's Clothing,ChicWear,$85.99
B00J0TRA9Q,Designer Woven Gloves,https://images.unsplash.com/photo-1492707892479-7bc8d5a4ee93?w=400,Accessories,TrendyBits,$150.99
B01G0AJE2S,Stylish Leather Running Shoes,https://images.unsplash.com/photo-1542291026-7eec264c27ff?w=400,Footwear,WalkEasy,$35.99
B00J4A1P60,Elegant Denim Necklace,https://images.unsplash.com/photo-1535632066927-ab7c9ab60908?w=400,Jewelry,LuxeJewel,$416.99
B00X692NG6,Essential Woven Messenger Bag,https://images.unsplash.com/photo-1553062407-98eeb64c6a62?w=400,Bags & Luggage,BagMaster,$249.99
B00S5SWYMG,Modern Printed T-Shirt,https://images.unsplash.com/photo-1586790170083-2f9ceadc732d?w=400,Men's Clothing,UrbanGent,$31.99
B01H2XJ6WK,Designer Printed Tie,https://images.unsplash.com/photo-1492707892479-7bc8d5a4ee93?w=400,Accessories,TrendyBits,$179.99
B011QY9QSA,Casual Denim Handbag,https://images.unsplash.com/photo-1553062407-98eeb64c6a62?w=400,Bags & Luggage,BagMaster,$189.99
B01A2JFQTI,Casual Silk Handbag,https://images.unsplash.com/photo-1553062407-98eeb64c6a62?w=400,Bags & Luggage,BagMaster,$129.99
B00S5AVTTI,Trendy Leather Jeans,https://images.unsplash.com/photo-1586790170083-2f9ceadc732d?w=400,Men's Clothing,UrbanGent,$143.99
B0152O8TEW,Elegant Knit Pendant,https://images.unsplash.com/photo-1535632066927-ab7c9ab60908?w=400,Jewelry,LuxeJewel,$470.99
B00J7H0JO4,Modern Solid T-Shirt,https://images.unsplash.com/photo-1586790170083-2f9ceadc732d?w=400,Men's Clothing,UrbanGent,$21.99
B00KNFJAL2,Essential Silk Crossbody,https://images.unsplash.com/photo-1553062407-98eeb64c6a62?w=400,Bags & Luggage,BagMaster,$177.99
B00X3YIGVA,Modern Silk Suit,https://images.unsplash.com/photo-1586790170083-2f9ceadc732d?w=400,Men's Clothing,UrbanGent,$109.99
B019T43EH8,Elegant Leather Necklace,https://images.unsplash.com/photo-1535632066927-ab7c9ab60908?w=400,Jewelry,LuxeJewel,$350.99
B00PS070EQ,Elegant Solid Pendant,https://images.unsplash.com/photo-1535632066927-ab7c9ab60908?w=400,Jewelry,LuxeJewel,$218.99
B01G50KVIY,Comfortable Denim Cardigan,https://images.unsplash.com/photo-1595777457583-95e059d581b8?w=400,Women's Clothing,ChicWear,$54.99
B00KILYSF4,Premium Solid Tie,https://images.unsplash.com/photo-1492707892479-7bc8d5a4ee93?w=400,Accessories,TrendyBits,$124.99
B019NJ1R8M,Elegant Canvas Necklace,https://images.unsplash.com/photo-1535632066927-ab7c9ab60908?w=400,Jewelry,LuxeJewel,$410.99
B00VL50RBU,Essential Suede Crossbody,https://images.unsplash.com/photo-1553062407-98eeb64c6a62?w=400,Bags & Luggage,BagMaster,$201.99
B00KGKW2U0,Stylish Leather Sandals,https://images.unsplash.com/photo-1542291026-7eec264c27ff?w=400,Footwear,WalkEasy,$159.99
B012IN7WHK,Designer Printed Gloves,https://images.unsplash.com/photo-1492707892479-7bc8d5a4ee93?w=400,Accessories,TrendyBits,$20.99
B019C9I6VE,Stylish Wool Sandals,https://images.unsplash.com/photo-1542291026-7eec264c27ff?w=400,Footwear,WalkEasy,$100.99
B00K8LDCR4,Premium Denim Tie,https://images.unsplash.com/photo-1492707892479-7bc8d5a4ee93?w=400,Accessories,TrendyBits,$104.99
B002WVU3BQ,Casual Canvas Handbag,https://images.unsplash.com/photo-1553062407-98eeb64c6a62?w=400,Bags & Luggage,BagMaster,$237.99
B018WPNPQ0,Premium Woven Gloves,https://images.unsplash.com/photo-1492707892479-7bc8d5a4ee93?w=400,Accessories,TrendyBits,$155.99
B00K0ZF96U,Vintage Synthetic Sneakers,https://images.unsplash.com/photo-1542291026-7eec264c27ff?w=400,Footwear,WalkEasy,$39.99
B00K2Q13PI,Premium Canvas Watch,https://images.unsplash.com/photo-1492707892479-7bc8d5a4ee93?w=400,Accessories,TrendyBits,$27.99
B01937C06M,Casual Suede Suitcase,https://images.unsplash.com/photo-1553062407-98eeb64c6a62?w=400,Bags & Luggage,BagMaster,$153.99
B00K4ST6UI,Classic Leather Cardigan,https://images.unsplash.com/photo-1595777457583-95e059d581b8?w=400,Women's Clothing,ChicWear,$39.99
B00RKC8VUM,Vintage Silk Flats,https://images.unsplash.com/photo-1542291026-7eec264c27ff?w=400,Footwear,WalkEasy,$47.99
B00YU0NSW8,Classic Printed Cardigan,https://images.unsplash.com/photo-1595777457583-95e059d581b8?w=400,Women's Clothing,ChicWear,$29.99
B00NSI8F4Y,Essential Leather Messenger Bag,https://images.unsplash.com/photo-1553062407-98eeb64c6a62?w=400,Bags & Luggage,BagMaster,$249.99
B00WMCJ24O,Premium Silk Hat,https://images.unsplash.com/photo-1492707892479-7bc8d5a4ee93?w=400,Accessories,TrendyBits,$43.99
B00ILNJ8GA,Luxury Canvas Earrings,https://images.unsplash.com/photo-1535632066927-ab7c9ab60908?w=400,Jewelry,LuxeJewel,$132.99
B00B0QLYVC,Classic Denim Dress,https://images.unsplash.com/photo-1595777457583-95e059d581b8?w=400,Women's Clothing,ChicWear,$35.99
B00W3MUELS,Modern Silk Jacket,https://images.unsplash.com/photo-1586790170083-2f9ceadc732d?w=400,Men's Clothing,UrbanGent,$95.99
B01G6EG0DY,Comfortable Solid Dress,https://images.unsplash.com/photo-1595777457583-95e059d581b8?w=400,Women's Clothing,ChicWear,$70.99
B01AYCDMDA,Comfortable Knit Jacket,https://images.unsplash.com/photo-1595777457583-95e059d581b8?w=400,Women's Clothing,ChicWear,$28.99
B01BNQ1LLQ,Elegant Solid Pendant,https://images.unsplash.com/photo-1535632066927-ab7c9ab60908?w=400,Jewelry,LuxeJewel,$260.99
B00IPE1FZ2,Trendy Knit Hoodie,https://images.unsplash.com/photo-1586790170083-2f9ceadc732d?w=400,Men's Clothing,UrbanGent,$117.99
B003M6060S,Vintage Knit Sneakers,https://images.unsplash.com/photo-1542291026-7eec264c27ff?w=400,Footwear,WalkEasy,$66.99
B017I43HY6,Classic Printed Pants,https://images.unsplash.com/photo-1595777457583-95e059d581b8?w=400,Women's Clothing,ChicWear,$56.99
B001KKQK8U,Elegant Knit Pendant,https://images.unsplash.com/photo-1535632066927-ab7c9ab60908?w=400,Jewelry,LuxeJewel,$352.99
B00VQSBJPK,Designer Silk Hat,https://images.unsplash.com/photo-1492707892479-7bc8d5a4ee93?w=400,Accessories,TrendyBits,$168.99
B00VTYOB88,Trendy Leather T-Shirt,https://images.unsplash.com/photo-1586790170083-2f9ceadc732d?w=400,Men's Clothing,UrbanGent,$31.99
B00COG24ES,Essential Knit Crossbody,https://images.unsplash.com/photo-1553062407-98eeb64c6a62?w=400,Bags & Luggage,BagMaster,$165.99
B001941T4W,Premium Knit Watch,https://images.unsplash.com/photo-1492707892479-7bc8d5a4ee93?w=400,Accessories,TrendyBits,$197.99
B017UVSQCU,Vintage Solid Flats,https://images.unsplash.com/photo-1542291026-7eec264c27ff?w=400,Footwear,WalkEasy,$119.99
B01EQSZP5G,Essential Knit Messenger Bag,https://images.unsplash.com/photo-1553062407-98eeb64c6a62?w=400,Bags & Luggage,BagMaster,$63.99
B0142CFGBY,Premium Silk Hat,https://images.unsplash.com/photo-1492707892479-7bc8d5a4ee93?w=400,Accessories,TrendyBits,$28.99
B01E9CAQX0,Casual Woven Suitcase,https://images.unsplash.com/photo-1553062407-98eeb64c6a62?w=400,Bags & Luggage,BagMaster,$135.99
B00CHOA4C6,Classic Synthetic Pants,https://images.unsplash.com/photo-1595777457583-95e059d581b8?w=400,Women's Clothing,ChicWear,$56.99
B00MHOE9SQ,Modern Synthetic Jacket,https://images.unsplash.com/photo-1586790170083-2f9ceadc732d?w=400,Men's Clothing,UrbanGent,$45.99
B01COL8UUY,Luxury Knit Earrings,https://images.unsplash.com/photo-1535632066927-ab7c9ab60908?w=400,Jewelry,LuxeJewel,$454.99
B00WBNN4AC,Essential Canvas Messenger Bag,https://images.unsplash.com/photo-1553062407-98eeb64c6a62?w=400,Bags & Luggage,BagMaster,$237.99
B0155WL5KG,Designer Canvas Hat,https://images.unsplash.com/photo-1492707892479-7bc8d5a4ee93?w=400,Accessories,TrendyBits,$83.99
B00UW0W6X2,Comfortable Woven Skirt,https://images.unsplash.com/photo-1595777457583-95e059d581b8?w=400,Women's Clothing,ChicWear,$97.99
B011I4L9Z6,Casual Leather Suitcase,https://images.unsplash.com/photo-1553062407-98eeb64c6a62?w=400,Bags & Luggage,BagMaster,$201.99
B000J47UCI,Casual Printed Suitcase,https://images.unsplash.com/photo-1553062407-98eeb64c6a62?w=400,Bags & Luggage,BagMaster,$153.99
B00L7QZU6U,Classic Suede Dress,https://images.unsplash.com/photo-1595777457583-95e059d581b8?w=400,Women's Clothing,ChicWear,$70.99
B00NTGT4CM,Elegant Suede Necklace,https://images.unsplash.com/photo-1535632066927-ab7c9ab60908?w=400,Jewelry,LuxeJewel,$354.99
B00UBG0KWQ,Designer Solid Watch,https://images.unsplash.com/photo-1492707892479-7bc8d5a4ee93?w=400,Accessories,TrendyBits,$102.99
B01DUP4WUU,Stylish Synthetic Sandals,https://images.unsplash.com/photo-1542291026-7eec264c27ff?w=400,Footwear,WalkEasy,$118.99
B01B1IRONA,Premium Wool Gloves,https://images.unsplash.com/photo-1492707892479-7bc8d5a4ee93?w=400,Accessories,TrendyBits,$50.99
B00K4T1SXK,Comfortable Wool Skirt,https://images.unsplash.com/photo-1595777457583-95e059d581b8?w=400,Women's Clothing,ChicWear,$32.99
B00M77UQL2,Essential Leather Messenger Bag,https://images.unsplash.com/photo-1553062407-98eeb64c6a62?w=400,Bags & Luggage,BagMaster,$213.99
B013NNWUT4,Modern Woven Jacket,https://images.unsplash.com/photo-1586790170083-2f9ceadc732d?w=400,Men's Clothing,UrbanGent,$105.99
B00BY0AW6M,Comfortable Wool Cardigan,https://images.unsplash.com/photo-1595777457583-95e059d581b8?w=400,Women's Clothing,ChicWear,$89.99
B00YSUF0Z8,Elegant Printed Necklace,https://images.unsplash.com/photo-1535632066927-ab7c9ab60908?w=400,Jewelry,LuxeJewel,$294.99
B00XO8SFFM,Vintage Cotton Flats,https://images.unsplash.com/photo-1542291026-7eec264c27ff?w=400,Footwear,WalkEasy,$105.99
B00S1AQG3Q,Stylish Synthetic Running Shoes,https://images.unsplash.com/photo-1542291026-7eec264c27ff?w=400,Footwear,WalkEasy,$146.99
B00C5I0DRK,Comfortable Woven Pants,https://images.unsplash.com/photo-1595777457583-95e059d581b8?w=400,Women's Clothing,ChicWear,$91.99
B00024VSG4,Luxury Denim Brooch,https://images.unsplash.com/photo-1535632066927-ab7c9ab60908?w=400,Jewelry,LuxeJewel,$46.99
B01D8IZP9G,Casual Solid Handbag,https://images.unsplash.com/photo-1553062407-98eeb64c6a62?w=400,Bags & Luggage,BagMaster,$153.99
B0098I34OO,Elegant Wool Necklace,https://images.unsplash.com/photo-1535632066927-ab7c9ab60908?w=400,Jewelry,LuxeJewel,$170.99
B00CMQ382W,Trendy Leather Suit,https://images.unsplash.com/photo-1586790170083-2f9ceadc732d?w=400,Men's Clothing,UrbanGent,$39.99
B00CJQGP3O,Luxury Woven Brooch,https://images.unsplash.com/photo-1535632066927-ab7c9ab60908?w=400,Jewelry,LuxeJewel,$102.99
B00BBB1SB2,Designer Leather Watch,https://images.unsplash.com/photo-1492707892479-7bc8d5a4ee93?w=400,Accessories,TrendyBits,$27.99
B007WATHQO,Modern Leather Suit,https://images.unsplash.com/photo-1586790170083-2f9ceadc732d?w=400,Men's Clothing,UrbanGent,$89.99
B002QSTHEE,Casual Printed Handbag,https://images.unsplash.com/photo-1553062407-98eeb64c6a62?w=400,Bags & Luggage,BagMaster,$249.99
B00EZJEHEM,Classic Synthetic Dress,https://images.unsplash.com/photo-1595777457583-95e059d581b8?w=400,Women's Clothing,ChicWear,$25.99
B00V30F9RK,Premium Leather Gloves,https://images.unsplash.com/photo-1492707892479-7bc8d5a4ee93?w=400,Accessories,TrendyBits,$195.99
B00CLZ41AM,Trendy Wool Suit,https://images.unsplash.com/photo-1586790170083-2f9ceadc732d?w=400,Men's Clothing,UrbanGent,$99.99
B01DSL87YS,Casual Synthetic Suitcase,https://images.unsplash.com/photo-1553062407-98eeb64c6a62?w=400,Bags & Luggage,BagMaster,$201.99
B00Q43M43I,Classic Synthetic Dress,https://images.unsplash.com/photo-1595777457583-95e059d581b8?w=400,Women's Clothing,ChicWear,$100.99
B00NBOS0QS,Comfortable Cotton Skirt,https://images.unsplash.com/photo-1595777457583-95e059d581b8?w=400,Women's Clothing,ChicWear,$62.99
B00OQ684NE,Premium Suede Hat,https://images.unsplash.com/photo-1492707892479-7bc8d5a4ee93?w=400,Accessories,TrendyBits,$163.99
B00GKFALIA,Classic Knit Skirt,https://images.unsplash.com/photo-1595777457583-95e059d581b8?w=400,Women's Clothing,ChicWear,$117.99
B00OK90PPM,Luxury Synthetic Brooch,https://images.unsplash.com/photo-1535632066927-ab7c9ab60908?w=400,Jewelry,LuxeJewel,$316.99
B006QXU244,Vintage Woven Sneakers,https://images.unsplash.com/photo-1542291026-7eec264c27ff?w=400,Footwear,WalkEasy,$99.99
B017M1BHWY,Vintage Silk Sneakers,https://images.unsplash.com/photo-1542291026-7eec264c27ff?w=400,Footwear,WalkEasy,$44.99
B00MQ1JPXE,Classic Synthetic Cardigan,https://images.unsplash.com/photo-1595777457583-95e059d581b8?w=400,Women's Clothing,ChicWear,$89.99
B00Y450ZD4,Casual Suede Suitcase,https://images.unsplash.com/photo-1553062407-98eeb64c6a62?w=400,Bags & Luggage,BagMaster,$237.99
B00F0K4X7G,Luxury Suede Brooch,https://images.unsplash.com/photo-1535632066927-ab7c9ab60908?w=400,Jewelry,LuxeJewel,$420.99
B00CO8I378,Premium Suede Wallet,https://images.unsplash.com/photo-1492707892479-7bc8d5a4ee93?w=400,Accessories,TrendyBits,$51.99
B0007XNP6Q,Casual Solid Suitcase,https://images.unsplash.com/photo-1553062407-98eeb64c6a62?w=400,Bags & Luggage,BagMaster,$201.99
B006NASQ2K,Classic Synthetic Skirt,https://images.unsplash.com/photo-1595777457583-95e059d581b8?w=400,Women's Clothing,ChicWear,$87.99
B005JDANAU,Casual Woven Suitcase,https://images.unsplash.com/photo-1553062407-98eeb64c6a62?w=400,Bags & Luggage,BagMaster,$45.99
B009EO6PN4,Essential Canvas Messenger Bag,https://images.unsplash.com/photo-1553062407-98eeb64c6a62?w=400,Bags & Luggage,BagMaster,$231.99
B015OE40ZW,Trendy Wool Suit,https://images.unsplash.com/photo-1586790170083-2f9ceadc732d?w=400,Men's Clothing,UrbanGent,$99.99
B01E75PHEC,Modern Canvas Jacket,https://images.unsplash.com/photo-1586790170083-2f9ceadc732d?w=400,Men's Clothing,UrbanGent,$85.99
B00KYH9TT2,Premium Silk Tie,https://images.unsplash.com/photo-1492707892479-7bc8d5a4ee93?w=400,Accessories,TrendyBits,$199.99
B013QVFIE2,Luxury Solid Earrings,https://images.unsplash.com/photo-1535632066927-ab7c9ab60908?w=400,Jewelry,LuxeJewel,$284.99
B00UX3KIGA,Essential Leather Messenger Bag,https://images.unsplash.com/photo-1553062407-98eeb64c6a62?w=400,Bags & Luggage,BagMaster,$57.99
B0188OVGYS,Classic Silk Pants,https://images.unsplash.com/photo-1595777457583-95e059d581b8?w=400,Women's Clothing,ChicWear,$116.99
B01C60O6B0,Casual Synthetic Suitcase,https://images.unsplash.com/photo-1553062407-98eeb64c6a62?w=400,Bags & Luggage,BagMaster,$141.99
B001D8YOJ6,Stylish Knit Sandals,https://images.unsplash.com/photo-1542291026-7eec264c27ff?w=400,Footwear,WalkEasy,$107.99
B0019HBLJ2,Casual Cotton Suitcase,https://images.unsplash.com/photo-1553062407-98eeb64c6a62?w=400,Bags & Luggage,BagMaster,$69.99
B00VRAL1S2,Designer Solid Hat,https://images.unsplash.com/photo-1492707892479-7bc8d5a4ee93?w=400,Accessories,TrendyBits,$173.99
B00KXAKW4Q,Trendy Denim Suit,https://images.unsplash.com/photo-1586790170083-2f9ceadc732d?w=400,Men's Clothing,UrbanGent,$29.99
B01ABVILB2,Premium Wool Wallet,https://images.unsplash.com/photo-1492707892479-7bc8d5a4ee93?w=400,Accessories,TrendyBits,$121.99
B0148UA04S,Luxury Canvas Earrings,https://images.unsplash.com/photo-1535632066927-ab7c9ab60908?w=400,Jewelry,LuxeJewel,$418.99
B00H9ELQVW,Trendy Suede Hoodie,https://images.unsplash.com/photo-1586790170083-2f9ceadc732d?w=400,Men's Clothing,UrbanGent,$37.99
B000FB47VM,Luxury Woven Brooch,https://images.unsplash.com/photo-1535632066927-ab7c9ab60908?w=400,Jewelry,LuxeJewel,$72.99
B01FYM94EQ,Designer Wool Watch,https://images.unsplash.com/photo-1492707892479-7bc8d5a4ee93?w=400,Accessories,TrendyBits,$177.99
B01COL9WO2,Classic Wool Jacket,https://images.unsplash.com/photo-1595777457583-95e059d581b8?w=400,Women's Clothing,ChicWear,$93.99
B01H410W0A,Classic Silk Skirt,https://images.unsplash.com/photo-1595777457583-95e059d581b8?w=400,Women's Clothing,ChicWear,$107.99
B00VOI6KPQ,Elegant Leather Pendant,https://images.unsplash.com/photo-1535632066927-ab7c9ab60908?w=400,Jewelry,LuxeJewel,$86.99
B006ZH8FDQ,Essential Printed Messenger Bag,https://images.unsplash.com/photo-1553062407-98eeb64c6a62?w=400,Bags & Luggage,BagMaster,$69.99
B01E6STIRC,Modern Knit Hoodie,https://images.unsplash.com/photo-1586790170083-2f9ceadc732d?w=400,Men's Clothing,UrbanGent,$27.99
B016BK0LE2,Luxury Woven Earrings,https://images.unsplash.com/photo-1535632066927-ab7c9ab60908?w=400,Jewelry,LuxeJewel,$302.99
B00C872X2Q,Modern Wool Suit,https://images.unsplash.com/photo-1586790170083-2f9ceadc732d?w=400,Men's Clothing,UrbanGent,$139.99
B01919KJ6A,Classic Leather Jacket,https://images.unsplash.com/photo-1595777457583-95e059d581b8?w=400,Women's Clothing,ChicWear,$93.99
B00F8JTC2K,Essential Printed Crossbody,https://images.unsplash.com/photo-1553062407-98eeb64c6a62?w=400,Bags & Luggage,BagMaster,$183.99
B00ZP8HIUW,Comfortable Printed Pants,https://images.unsplash.com/photo-1595777457583-95e059d581b8?w=400,Women's Clothing,ChicWear,$86.99
B00MPGFVHY,Trendy Printed Jacket,https://images.unsplash.com/photo-1586790170083-2f9ceadc732d?w=400,Men's Clothing,UrbanGent,$25.99
B00M0P0U0I,Stylish Suede Sandals,https://images.unsplash.com/photo-1542291026-7eec264c27ff?w=400,Footwear,WalkEasy,$90.99
B01CM5NNJU,Designer Cotton Wallet,https://images.unsplash.com/photo-1492707892479-7bc8d5a4ee93?w=400,Accessories,TrendyBits,$156.99
B018VA810G,Modern Wool Hoodie,https://images.unsplash.com/photo-1586790170083-2f9ceadc732d?w=400,Men's Clothing,UrbanGent,$147.99
B0105M5ZSY,Trendy Solid Jacket,https://images.unsplash.com/photo-1586790170083-2f9ceadc732d?w=400,Men's Clothing,UrbanGent,$25.99
B017U0K76E,Vintage Knit Flats,https://images.unsplash.com/photo-1542291026-7eec264c27ff?w=400,Footwear,WalkEasy,$35.99
B00JTOX9D8,Trendy Suede Hoodie,https://images.unsplash.com/photo-1586790170083-2f9ceadc732d?w=400,Men's Clothing,UrbanGent,$137.99
B0168F8LQA,Designer Synthetic Hat,https://images.unsplash.com/photo-1492707892479-7bc8d5a4ee93?w=400,Accessories,TrendyBits,$143.99
B00901EPL0,Trendy Suede Jacket,https://images.unsplash.com/photo-1586790170083-2f9ceadc732d?w=400,Men's Clothing,UrbanGent,$35.99
B015WBGF6Y,Designer Synthetic Wallet,https://images.unsplash.com/photo-1492707892479-7bc8d5a4ee93?w=400,Accessories,TrendyBits,$31.99
B01G30FLWW,Essential Canvas Messenger Bag,https://images.unsplash.com/photo-1553062407-98eeb64c6a62?w=400,Bags & Luggage,BagMaster,$63.99
B00FPFBCFW,Comfortable Wool Jacket,https://images.unsplash.com/photo-1595777457583-95e059d581b8?w=400,Women's Clothing,ChicWear,$58.99
B0068XZ09O,Comfortable Denim Cardigan,https://images.unsplash.com/photo-1595777457583-95e059d581b8?w=400,Women's Clothing,ChicWear,$104.99
B00YGKMX3W,Classic Canvas Skirt,https://images.unsplash.com/photo-1595777457583-95e059d581b8?w=400,Women's Clothing,ChicWear,$102.99
B00DI298BY,Essential Silk Messenger Bag,https://images.unsplash.com/photo-1553062407-98eeb64c6a62?w=400,Bags & Luggage,BagMaster,$63.99
B01G3KW4T0,Stylish Printed Running Shoes,https://images.unsplash.com/photo-1542291026-7eec264c27ff?w=400,Footwear,WalkEasy,$100.99
B019MH9G8S,Modern Canvas Hoodie,https://images.unsplash.com/photo-1586790170083-2f9ceadc732d?w=400,Men's Clothing,UrbanGent,$77.99
B00935LB1K,Stylish Wool Sandals,https://images.unsplash.com/photo-1542291026-7eec264c27ff?w=400,Footwear,WalkEasy,$99.99
B00U8KU34K,Classic Suede Jacket,https://images.unsplash.com/photo-1595777457583-95e059d581b8?w=400,Women's Clothing,ChicWear,$98.99
B00RMKODD6,Designer Printed Wallet,https://images.unsplash.com/photo-1492707892479-7bc8d5a4ee93?w=400,Accessories,TrendyBits,$46.99
B01291RO2Y,Designer Woven Hat,https://images.unsplash.com/photo-1492707892479-7bc8d5a4ee93?w=400,Accessories,TrendyBits,$153.99
B010H0F9G2,Vintage Woven Sneakers,https://images.unsplash.com/photo-1542291026-7eec264c27ff?w=400,Footwear,WalkEasy,$175.99
B00BLF88H0,Comfortable Canvas Pants,https://images.unsplash.com/photo-1595777457583-95e059d581b8?w=400,Women's Clothing,ChicWear,$31.99
B00UNGIZE4,Trendy Denim Jacket,https://images.unsplash.com/photo-1586790170083-2f9ceadc732d?w=400,Men's Clothing,UrbanGent,$145.99
B00PLE1HN4,Luxury Leather Brooch,https://images.unsplash.com/photo-1535632066927-ab7c9ab60908?w=400,Jewelry,LuxeJewel,$482.99
B00PDBOT8A,Designer Knit Wallet,https://images.unsplash.com/photo-1492707892479-7bc8d5a4ee93?w=400,Accessories,TrendyBits,$151.99
B001GMGOSS,Premium Leather Hat,https://images.unsplash.com/photo-1492707892479-7bc8d5a4ee93?w=400,Accessories,TrendyBits,$63.99
B00BZV2Z24,Elegant Cotton Necklace,https://images.unsplash.com/photo-1535632066927-ab7c9ab60908?w=400,Jewelry,LuxeJewel,$404.99
B01CGXNZ00,Premium Solid Wallet,https://images.unsplash.com/photo-1492707892479-7bc8d5a4ee93?w=400,Accessories,TrendyBits,$111.99
B01FTZRJ7M,Elegant Woven Pendant,https://images.unsplash.com/photo-1535632066927-ab7c9ab60908?w=400,Jewelry,LuxeJewel,$378.99
B005GG99YQ,Essential Synthetic Messenger Bag,https://images.unsplash.com/photo-1553062407-98eeb64c6a62?w=400,Bags & Luggage,BagMaster,$93.99
B00W6A4Y2C,Comfortable Canvas Cardigan,https://images.unsplash.com/photo-1595777457583-95e059d581b8?w=400,Women's Clothing,ChicWear,$119.99
B00VNBDM46,Stylish Canvas Sandals,https://images.unsplash.com/photo-1542291026-7eec264c27ff?w=400,Footwear,WalkEasy,$64.99
B00IICLD2G,Premium Wool Hat,https://images.unsplash.com/photo-1492707892479-7bc8d5a4ee93?w=400,Accessories,TrendyBits,$83.99
B00WLGPWRM,Designer Canvas Tie,https://images.unsplash.com/photo-1492707892479-7bc8d5a4ee93?w=400,Accessories,TrendyBits,$54.99
B00ZS7KK3C,Essential Wool Crossbody,https://images.unsplash.com/photo-1553062407-98eeb64c6a62?w=400,Bags & Luggage,BagMaster,$129.99
B0177AXW00,Essential Printed Crossbody,https://images.unsplash.com/photo-1553062407-98eeb64c6a62?w=400,Bags & Luggage,BagMaster,$87.99
B00BLMP4SY,Premium Suede Hat,https://images.unsplash.com/photo-1492707892479-7bc8d5a4ee93?w=400,Accessories,TrendyBits,$78.99
B01HHXAVE2,Vintage Wool Flats,https://images.unsplash.com/photo-1542291026-7eec264c27ff?w=400,Footwear,WalkEasy,$111.99
B00RXHGNZO,Stylish Suede Running Shoes,https://images.unsplash.com/photo-1542291026-7eec264c27ff?w=400,Footwear,WalkEasy,$78.99
B004V6GPJ4,Comfortable Solid Dress,https://images.unsplash.com/photo-1595777457583-95e059d581b8?w=400,Women's Clothing,ChicWear,$65.99
B0171A9G42,Trendy Denim Suit,https://images.unsplash.com/photo-1586790170083-2f9ceadc732d?w=400,Men's Clothing,UrbanGent,$29.99
B015JM9XDS,Vintage Denim Sneakers,https://images.unsplash.com/photo-1542291026-7eec264c27ff?w=400,Footwear,WalkEasy,$62.99
B00AEVITEY,Essential Suede Crossbody,https://images.unsplash.com/photo-1553062407-98eeb64c6a62?w=400,Bags & Luggage,BagMaster,$75.99
B01G6EX82K,Luxury Silk Earrings,https://images.unsplash.com/photo-1535632066927-ab7c9ab60908?w=400,Jewelry,LuxeJewel,$236.99
B016Q7TM3G,Essential Woven Messenger Bag,https://images.unsplash.com/photo-1553062407-98eeb64c6a62?w=400,Bags & Luggage,BagMaster,$75.99
B00EOZEPXK,Vintage Cotton Sneakers,https://images.unsplash.com/photo-1542291026-7eec264c27ff?w=400,Footwear,WalkEasy,$172.99
B00MHY8V1W,Casual Silk Handbag,https://images.unsplash.com/photo-1553062407-98eeb64c6a62?w=400,Bags & Luggage,BagMaster,$249.99
B0172SWE3I,Classic Woven Jacket,https://images.unsplash.com/photo-1595777457583-95e059d581b8?w=400,Women's Clothing,ChicWear,$103.99
B00RUVCCBC,Essential Denim Crossbody,https://images.unsplash.com/photo-1553062407-98eeb64c6a62?w=400,Bags & Luggage,BagMaster,$141.99
B00XIVJIMO,Modern Denim T-Shirt,https://images.unsplash.com/photo-1586790170083-2f9ceadc732d?w=400,Men's Clothing,UrbanGent,$31.99
B0136Z73DM,Modern Denim Hoodie,https://images.unsplash.com/photo-1586790170083-2f9ceadc732d?w=400,Men's Clothing,UrbanGent,$47.99
B00LMU8IRE,Essential Synthetic Crossbody,https://images.unsplash.com/photo-1553062407-98eeb64c6a62?w=400,Bags & Luggage,BagMaster,$159.99
B00UBDY97G,Premium Woven Watch,https://images.unsplash.com/photo-1492707892479-7bc8d5a4ee93?w=400,Accessories,TrendyBits,$22.99
B00E9LRNVU,Elegant Leather Pendant,https://images.unsplash.com/photo-1535632066927-ab7c9ab60908?w=400,Jewelry,LuxeJewel,$102.99
B00N6MISR6,Casual Wool Handbag,https://images.unsplash.com/photo-1553062407-98eeb64c6a62?w=400,Bags & Luggage,BagMaster,$69.99
B00SWG9RYO,Elegant Wool Necklace,https://images.unsplash.com/photo-1535632066927-ab7c9ab60908?w=400,Jewelry,LuxeJewel,$266.99
B00GKC1YHU,Luxury Leather Earrings,https://images.unsplash.com/photo-1535632066927-ab7c9ab60908?w=400,Jewelry,LuxeJewel,$448.99
B00DQ3ODSI,Essential Solid Crossbody,https://images.unsplash.com/photo-1553062407-98eeb64c6a62?w=400,Bags & Luggage,BagMaster,$165.99
B00M2OF33G,Essential Leather Messenger Bag,https://images.unsplash.com/photo-1553062407-98eeb64c6a62?w=400,Bags & Luggage,BagMaster,$207.99
B0184BXMAQ,Classic Leather Jacket,https://images.unsplash.com/photo-1595777457583-95e059d581b8?w=400,Women's Clothing,ChicWear,$58.99
B00CDQTUFU,Trendy Synthetic Hoodie,https://images.unsplash.com/photo-1586790170083-2f9ceadc732d?w=400,Men's Clothing,UrbanGent,$77.99
B00X8VHSYE,Premium Solid Watch,https://images.unsplash.com/photo-1492707892479-7bc8d5a4ee93?w=400,Accessories,TrendyBits,$182.99
B009ESBCM4,Comfortable Synthetic Cardigan,https://images.unsplash.com/photo-1595777457583-95e059d581b8?w=400,Women's Clothing,ChicWear,$39.99
B00VDY3M16,Essential Cotton Crossbody,https://images.unsplash.com/photo-1553062407-98eeb64c6a62?w=400,Bags & Luggage,BagMaster,$93.99
B01DAJ1ENE,Casual Leather Handbag,https://images.unsplash.com/photo-1553062407-98eeb64c6a62?w=400,Bags & Luggage,BagMaster,$213.99
B01FXEHODI,Designer Suede Gloves,https://images.unsplash.com/photo-1492707892479-7bc8d5a4ee93?w=400,Accessories,TrendyBits,$125.99
B010XJUZ0W,Classic Solid Skirt,https://images.unsplash.com/photo-1595777457583-95e059d581b8?w=400,Women's Clothing,ChicWear,$57.99
B01768S8OS,Modern Solid Jacket,https://images.unsplash.com/photo-1586790170083-2f9ceadc732d?w=400,Men's Clothing,UrbanGent,$75.99
B01E10TEBK,Designer Denim Tie,https://images.unsplash.com/photo-1492707892479-7bc8d5a4ee93?w=400,Accessories,TrendyBits,$84.99
B00O8LDY6Y,Vintage Canvas Flats,https://images.unsplash.com/photo-1542291026-7eec264c27ff?w=400,Footwear,WalkEasy,$154.99
B005PYOTLM,Premium Woven Watch,https://images.unsplash.com/photo-1492707892479-7bc8d5a4ee93?w=400,Accessories,TrendyBits,$157.99
B00SJQRQFE,Casual Cotton Suitcase,https://images.unsplash.com/photo-1553062407-98eeb64c6a62?w=400,Bags & Luggage,BagMaster,$123.99
B01GSH71B4,Vintage Silk Sneakers,https://images.unsplash.com/photo-1542291026-7eec264c27ff?w=400,Footwear,WalkEasy,$133.99
B00V8RRHG4,Stylish Knit Running Shoes,https://images.unsplash.com/photo-1542291026-7eec264c27ff?w=400,Footwear,WalkEasy,$83.99
B0000AWHAA,Modern Denim Jeans,https://images.unsplash.com/photo-1586790170083-2f9ceadc732d?w=400,Men's Clothing,UrbanGent,$83.99
B00NVE364E,Designer Solid Watch,https://images.unsplash.com/photo-1492707892479-7bc8d5a4ee93?w=400,Accessories,TrendyBits,$162.99
B00YAISZBY,Modern Cotton T-Shirt,https://images.unsplash.com/photo-1586790170083-2f9ceadc732d?w=400,Men's Clothing,UrbanGent,$111.99
B01GYC3MA2,Classic Leather Jacket,https://images.unsplash.com/photo-1595777457583-95e059d581b8?w=400,Women's Clothing,ChicWear,$108.99
B018IGQLI2,Trendy Denim Jacket,https://images.unsplash.com/photo-1586790170083-2f9ceadc732d?w=400,Men's Clothing,UrbanGent,$35.99
B01H1NDMQM,Premium Solid Hat,https://images.unsplash.com/photo-1492707892479-7bc8d5a4ee93?w=400,Accessories,TrendyBits,$163.99
B00FX9ZTF4,Luxury Synthetic Brooch,https://images.unsplash.com/photo-1535632066927-ab7c9ab60908?w=400,Jewelry,LuxeJewel,$482.99
B00WUC76LM,Essential Suede Crossbody,https://images.unsplash.com/photo-1553062407-98eeb64c6a62?w=400,Bags & Luggage,BagMaster,$189.99
B00K0UJYFM,Modern Suede Suit,https://images.unsplash.com/photo-1586790170083-2f9ceadc732d?w=400,Men's Clothing,UrbanGent,$109.99
B00VT5Y2CM,Vintage Wool Sneakers,https://images.unsplash.com/photo-1542291026-7eec264c27ff?w=400,Footwear,WalkEasy,$75.99
B00JBW2VKA,Premium Woven Gloves,https://images.unsplash.com/photo-1492707892479-7bc8d5a4ee93?w=400,Accessories,TrendyBits,$25.99
B00TGJ0ET8,Essential Silk Crossbody,https://images.unsplash.com/photo-1553062407-98eeb64c6a62?w=400,Bags & Luggage,BagMaster,$171.99
B00JRW7BT0,Luxury Leather Earrings,https://images.unsplash.com/photo-1535632066927-ab7c9ab60908?w=400,Jewelry,LuxeJewel,$370.99
B00B0QC772,Casual Cotton Suitcase,https://images.unsplash.com/photo-1553062407-98eeb64c6a62?w=400,Bags & Luggage,BagMaster,$237.99
B01DK11860,Essential Printed Crossbody,https://images.unsplash.com/photo-1553062407-98eeb64c6a62?w=400,Bags & Luggage,BagMaster,$81.99
B00JL71ZM0,Comfortable Printed Dress,https://images.unsplash.com/photo-1595777457583-95e059d581b8?w=400,Women's Clothing,ChicWear,$95.99
B01H1JBV0U,Luxury Synthetic Earrings,https://images.unsplash.com/photo-1535632066927-ab7c9ab60908?w=400,Jewelry,LuxeJewel,$248.99
B018VP3GJC,Designer Printed Gloves,https://images.unsplash.com/photo-1492707892479-7bc8d5a4ee93?w=400,Accessories,TrendyBits,$195.99
B00OBPK72Q,Essential Wool Crossbody,https://images.unsplash.com/photo-1553062407-98eeb64c6a62?w=400,Bags & Luggage,BagMaster,$243.99
B00MM8O84C,Comfortable Wool Jacket,https://images.unsplash.com/photo-1595777457583-95e059d581b8?w=400,Women's Clothing,ChicWear,$98.99
B00V9PINWM,Luxury Suede Earrings,https://images.unsplash.com/photo-1535632066927-ab7c9ab60908?w=400,Jewelry,LuxeJewel,$186.99
B00Q4329WY,Premium Synthetic Wallet,https://images.unsplash.com/photo-1492707892479-7bc8d5a4ee93?w=400,Accessories,TrendyBits,$161.99
B00Z23YQLO,Comfortable Canvas Jacket,https://images.unsplash.com/photo-1595777457583-95e059d581b8?w=400,Women's Clothing,ChicWear,$48.99
B01FX9XEIW,Comfortable Woven Dress,https://images.unsplash.com/photo-1595777457583-95e059d581b8?w=400,Women's Clothing,ChicWear,$115.99
B01E5F3MKA,Trendy Wool Suit,https://images.unsplash.com/photo-1586790170083-2f9ceadc732d?w=400,Men's Clothing,UrbanGent,$89.99
B015JNYEZE,Essential Wool Crossbody,https://images.unsplash.com/photo-1553062407-98eeb64c6a62?w=400,Bags & Luggage,BagMaster,$99.99
B00KHX4D44,Trendy Knit Jeans,https://images.unsplash.com/photo-1586790170083-2f9ceadc732d?w=400,Men's Clothing,UrbanGent,$113.99
B01EVFARRA,Classic Denim Pants,https://images.unsplash.com/photo-1595777457583-95e059d581b8?w=400,Women's Clothing,ChicWear,$36.99
B00M6HBH3E,Modern Synthetic Hoodie,https://images.unsplash.com/photo-1586790170083-2f9ceadc732d?w=400,Men's Clothing,UrbanGent,$67.99
B0141I37U6,Vintage Denim Sneakers,https://images.unsplash.com/photo-1542291026-7eec264c27ff?w=400,Footwear,WalkEasy,$178.99
B01H5COXQM,Designer Cotton Tie,https://images.unsplash.com/photo-1492707892479-7bc8d5a4ee93?w=400,Accessories,TrendyBits,$44.99
B00U223NE6,Trendy Printed Suit,https://images.unsplash.com/photo-1586790170083-2f9ceadc732d?w=400,Men's Clothing,UrbanGent,$129.99
B00WJA0O3M,Casual Cotton Handbag,https://images.unsplash.com/photo-1553062407-98eeb64c6a62?w=400,Bags & Luggage,BagMaster,$159.99
B00GC2K2TO,Designer Knit Wallet,https://images.unsplash.com/photo-1492707892479-7bc8d5a4ee93?w=400,Accessories,TrendyBits,$156.99
B00S371XV2,Classic Leather Jacket,https://images.unsplash.com/photo-1595777457583-95e059d581b8?w=400,Women's Clothing,ChicWear,$38.99
B00SLQ2D28,Trendy Leather T-Shirt,https://images.unsplash.com/photo-1586790170083-2f9ceadc732d?w=400,Men's Clothing,UrbanGent,$31.99
B01GMRWI7W,Essential Solid Messenger Bag,https://images.unsplash.com/photo-1553062407-98eeb64c6a62?w=400,Bags & Luggage,BagMaster,$87.99
B00FTZGJL0,Elegant Denim Pendant,https://images.unsplash.com/photo-1535632066927-ab7c9ab60908?w=400,Jewelry,LuxeJewel,$494.99
B00PAZ9KYC,Designer Knit Hat,https://images.unsplash.com/photo-1492707892479-7bc8d5a4ee93?w=400,Accessories,TrendyBits,$173.99
B011NE6JEW,Essential Leather Crossbody,https://images.unsplash.com/photo-1553062407-98eeb64c6a62?w=400,Bags & Luggage,BagMaster,$117.99
B00VHBIFFI,Vintage Printed Sneakers,https://images.unsplash.com/photo-1542291026-7eec264c27ff?w=400,Footwear,WalkEasy,$141.99
B00P2XGEZA,Elegant Suede Necklace,https://images.unsplash.com/photo-1535632066927-ab7c9ab60908?w=400,Jewelry,LuxeJewel,$214.99
B01FMZC69U,Trendy Wool Jacket,https://images.unsplash.com/photo-1586790170083-2f9ceadc732d?w=400,Men's Clothing,UrbanGent,$55.99
B015WBGDQQ,Classic Solid Skirt,https://images.unsplash.com/photo-1595777457583-95e059d581b8?w=400,Women's Clothing,ChicWear,$67.99
B00HUIKO9C,Vintage Denim Sneakers,https://images.unsplash.com/photo-1542291026-7eec264c27ff?w=400,Footwear,WalkEasy,$114.99
B00U75L0MU,Luxury Wool Earrings,https://images.unsplash.com/photo-1535632066927-ab7c9ab60908?w=400,Jewelry,LuxeJewel,$446.99
B00ESAKMMY,Stylish Suede Sandals,https://images.unsplash.com/photo-1542291026-7eec264c27ff?w=400,Footwear,WalkEasy,$80.99
B00JPV9YEI,Designer Denim Hat,https://images.unsplash.com/photo-1492707892479-7bc8d5a4ee93?w=400,Accessories,TrendyBits,$28.99
B0046BGWBK,Modern Synthetic Suit,https://images.unsplash.com/photo-1586790170083-2f9ceadc732d?w=400,Men's Clothing,UrbanGent,$109.99
B00IZSWFJ8,Stylish Silk Sandals,https://images.unsplash.com/photo-1542291026-7eec264c27ff?w=400,Footwear,WalkEasy,$54.99
B00SVPPF8S,Casual Woven Handbag,https://images.unsplash.com/photo-1553062407-98eeb64c6a62?w=400,Bags & Luggage,BagMaster,$165.99
B01DW26JNY,Trendy Knit Jacket,https://images.unsplash.com/photo-1586790170083-2f9ceadc732d?w=400,Men's Clothing,UrbanGent,$45.99
B018PIN3I4,Luxury Knit Brooch,https://images.unsplash.com/photo-1535632066927-ab7c9ab60908?w=400,Jewelry,LuxeJewel,$452.99
B011I9S08A,Designer Leather Hat,https://images.unsplash.com/photo-1492707892479-7bc8d5a4ee93?w=400,Accessories,TrendyBits,$178.99
B01D4JW51A,Casual Denim Handbag,https://images.unsplash.com/photo-1553062407-98eeb64c6a62?w=400,Bags & Luggage,BagMaster,$159.99
B00794SEEO,Stylish Canvas Sandals,https://images.unsplash.com/photo-1542291026-7eec264c27ff?w=400,Footwear,WalkEasy,$163.99
B01DQIQB50,Essential Canvas Messenger Bag,https://images.unsplash.com/photo-1553062407-98eeb64c6a62?w=400,Bags & Luggage,BagMaster,$147.99
B00JUW60TO,Modern Suede Jeans,https://images.unsplash.com/photo-1586790170083-2f9ceadc732d?w=400,Men's Clothing,UrbanGent,$63.99
B009KM5HAW,Premium Cotton Watch,https://images.unsplash.com/photo-1492707892479-7bc8d5a4ee93?w=400,Accessories,TrendyBits,$52.99
B00QX1AETM,Comfortable Synthetic Dress,https://images.unsplash.com/photo-1595777457583-95e059d581b8?w=400,Women's Clothing,ChicWear,$100.99
B00MQS6D7S,Comfortable Canvas Jacket,https://images.unsplash.com/photo-1595777457583-95e059d581b8?w=400,Women's Clothing,ChicWear,$33.99
B00H96GVYC,Trendy Denim Jeans,https://images.unsplash.com/photo-1586790170083-2f9ceadc732d?w=400,Men's Clothing,UrbanGent,$43.99
B01AADJPFM,Classic Woven Dress,https://images.unsplash.com/photo-1595777457583-95e059d581b8?w=400,Women's Clothing,ChicWear,$55.99
B011TXB758,Premium Cotton Watch,https://images.unsplash.com/photo-1492707892479-7bc8d5a4ee93?w=400,Accessories,TrendyBits,$112.99
B018K9MYYC,Stylish Denim Running Shoes,https://images.unsplash.com/photo-1542291026-7eec264c27ff?w=400,Footwear,WalkEasy,$36.99
B00I0YQ6R4,Comfortable Cotton Pants,https://images.unsplash.com/photo-1595777457583-95e059d581b8?w=400,Women's Clothing,ChicWear,$61.99
B00EMB67WS,Essential Silk Messenger Bag,https://images.unsplash.com/photo-1553062407-98eeb64c6a62?w=400,Bags & Luggage,BagMaster,$225.99
B01BI7ENKQ,Trendy Knit Jacket,https://images.unsplash.com/photo-1586790170083-2f9ceadc732d?w=400,Men's Clothing,UrbanGent,$65.99
B010FUCBM4,Comfortable Wool Skirt,https://images.unsplash.com/photo-1595777457583-95e059d581b8?w=400,Women's Clothing,ChicWear,$47.99
B01D86K87C,Elegant Silk Pendant,https://images.unsplash.com/photo-1535632066927-ab7c9ab60908?w=400,Jewelry,LuxeJewel,$164.99
B00L31RX5K,Essential Solid Messenger Bag,https://images.unsplash.com/photo-1553062407-98eeb64c6a62?w=400,Bags & Luggage,BagMaster,$171.99
B00UAD6HWC,Comfortable Solid Cardigan,https://images.unsplash.com/photo-1595777457583-95e059d581b8?w=400,Women's Clothing,ChicWear,$39.99
B006HT2ODO,Classic Printed Pants,https://images.unsplash.com/photo-1595777457583-95e059d581b8?w=400,Women's Clothing,ChicWear,$86.99
B00F13RJSW,Stylish Silk Running Shoes,https://images.unsplash.com/photo-1542291026-7eec264c27ff?w=400,Footwear,WalkEasy,$100.99
B01EX1GQX6,Trendy Knit T-Shirt,https://images.unsplash.com/photo-1586790170083-2f9ceadc732d?w=400,Men's Clothing,UrbanGent,$111.99
B01GP5FAIK,Casual Woven Handbag,https://images.unsplash.com/photo-1553062407-98eeb64c6a62?w=400,Bags & Luggage,BagMaster,$45.99
B009F91GQE,Essential Synthetic Crossbody,https://images.unsplash.com/photo-1553062407-98eeb64c6a62?w=400,Bags & Luggage,BagMaster,$87.99
B00M8BTAN2,Comfortable Leather Jacket,https://images.unsplash.com/photo-1595777457583-95e059d581b8?w=400,Women's Clothing,ChicWear,$83.99
B00KLGCDNU,Essential Suede Crossbody,https://images.unsplash.com/photo-1553062407-98eeb64c6a62?w=400,Bags & Luggage,BagMaster,$69.99
B00C6NS9Q6,Comfortable Cotton Skirt,https://images.unsplash.com/photo-1595777457583-95e059d581b8?w=400,Women's Clothing,ChicWear,$52.99
B010EZTTQ6,Modern Suede Jeans,https://images.unsplash.com/photo-1586790170083-2f9ceadc732d?w=400,Men's Clothing,UrbanGent,$123.99
B00PITUJZE,Luxury Woven Earrings,https://images.unsplash.com/photo-1535632066927-ab7c9ab60908?w=400,Jewelry,LuxeJewel,$70.99
B019VY99I4,Modern Wool T-Shirt,https://images.unsplash.com/photo-1586790170083-2f9ceadc732d?w=400,Men's Clothing,UrbanGent,$21.99
B01DH7N19Y,Stylish Suede Running Shoes,https://images.unsplash.com/photo-1542291026-7eec264c27ff?w=400,Footwear,WalkEasy,$160.99
B01FJGG4L8,Luxury Suede Brooch,https://images.unsplash.com/photo-1535632066927-ab7c9ab60908?w=400,Jewelry,LuxeJewel,$430.99
B00XHH8GOU,Casual Solid Suitcase,https://images.unsplash.com/photo-1553062407-98eeb64c6a62?w=400,Bags & Luggage,BagMaster,$141.99
B00XH81JVG,Premium Canvas Gloves,https://images.unsplash.com/photo-1492707892479-7bc8d5a4ee93?w=400,Accessories,TrendyBits,$160.99
B00MQ4W59M,Designer Silk Gloves,https://images.unsplash.com/photo-1492707892479-7bc8d5a4ee93?w=400,Accessories,TrendyBits,$195.99
B008IJ9KL0,Classic Cotton Dress,https://images.unsplash.com/photo-1595777457583-95e059d581b8?w=400,Women's Clothing,ChicWear,$40.99
B005QSRYIC,Essential Suede Messenger Bag,https://images.unsplash.com/photo-1553062407-98eeb64c6a62?w=400,Bags & Luggage,BagMaster,$57.99
B01BXQ6EEK,Essential Silk Crossbody,https://images.unsplash.com/photo-1553062407-98eeb64c6a62?w=400,Bags & Luggage,BagMaster,$57.99
B0162SHLZK,Elegant Suede Necklace,https://images.unsplash.com/photo-1535632066927-ab7c9ab60908?w=400,Jewelry,LuxeJewel,$86.99
B00KSQGJOW,Casual Synthetic Handbag,https://images.unsplash.com/photo-1553062407-98eeb64c6a62?w=400,Bags & Luggage,BagMaster,$159.99
B00D3RC8LQ,Classic Leather Cardigan,https://images.unsplash.com/photo-1595777457583-95e059d581b8?w=400,Women's Clothing,ChicWear,$109.99
B013W4GJZU,Vintage Knit Sneakers,https://images.unsplash.com/photo-1542291026-7eec264c27ff?w=400,Footwear,WalkEasy,$138.99
B007947BU2,Classic Knit Skirt,https://images.unsplash.com/photo-1595777457583-95e059d581b8?w=400,Women's Clothing,ChicWear,$92.99
B01D4L1MG2,Luxury Leather Brooch,https://images.unsplash.com/photo-1535632066927-ab7c9ab60908?w=400,Jewelry,LuxeJewel,$126.99
B00P0M6598,Comfortable Knit Jacket,https://images.unsplash.com/photo-1595777457583-95e059d581b8?w=400,Women's Clothing,ChicWear,$38.99
B00RNSX4SW,Designer Leather Gloves,https://images.unsplash.com/photo-1492707892479-7bc8d5a4ee93?w=400,Accessories,TrendyBits,$180.99
B00R8SFYG2,Elegant Printed Necklace,https://images.unsplash.com/photo-1535632066927-ab7c9ab60908?w=400,Jewelry,LuxeJewel,$480.99
B00HH970VY,Vintage Solid Sneakers,https://images.unsplash.com/photo-1542291026-7eec264c27ff?w=400,Footwear,WalkEasy,$45.99
B00DC6PJEQ,Essential Woven Messenger Bag,https://images.unsplash.com/photo-1553062407-98eeb64c6a62?w=400,Bags & Luggage,BagMaster,$231.99
B0185ABRT4,Trendy Cotton Hoodie,https://images.unsplash.com/photo-1586790170083-2f9ceadc732d?w=400,Men's Clothing,UrbanGent,$97.99
B00IVJ6RXQ,Classic Synthetic Skirt,https://images.unsplash.com/photo-1595777457583-95e059d581b8?w=400,Women's Clothing,ChicWear,$107.99
B01ACKUHRI,Classic Leather Jacket,https://images.unsplash.com/photo-1595777457583-95e059d581b8?w=400,Women's Clothing,ChicWear,$83.99
B002OIGEJC,Casual Wool Suitcase,https://images.unsplash.com/photo-1553062407-98eeb64c6a62?w=400,Bags & Luggage,BagMaster,$231.99
B00V5W5HI2,Essential Canvas Crossbody,https://images.unsplash.com/photo-1553062407-98eeb64c6a62?w=400,Bags & Luggage,BagMaster,$165.99
B00M09TXP2,Essential Cotton Crossbody,https://images.unsplash.com/photo-1553062407-98eeb64c6a62?w=400,Bags & Luggage,BagMaster,$51.99
B00FAQZPTU,Essential Canvas Crossbody,https://images.unsplash.com/photo-1553062407-98eeb64c6a62?w=400,Bags & Luggage,BagMaster,$201.99
B00M7HN6XC,Designer Knit Hat,https://images.unsplash.com/photo-1492707892479-7bc8d5a4ee93?w=400,Accessories,TrendyBits,$43.99
B00SWK5XF2,Vintage Solid Sneakers,https://images.unsplash.com/photo-1542291026-7eec264c27ff?w=400,Footwear,WalkEasy,$114.99
B00KA3V4YS,Elegant Cotton Pendant,https://images.unsplash.com/photo-1535632066927-ab7c9ab60908?w=400,Jewelry,LuxeJewel,$128.99
B015POLLZI,Premium Knit Watch,https://images.unsplash.com/photo-1492707892479-7bc8d5a4ee93?w=400,Accessories,TrendyBits,$107.99
B01D13ALD8,Essential Cotton Messenger Bag,https://images.unsplash.com/photo-1553062407-98eeb64c6a62?w=400,Bags & Luggage,BagMaster,$81.99
B012COW07W,Comfortable Wool Skirt,https://images.unsplash.com/photo-1595777457583-95e059d581b8?w=400,Women's Clothing,ChicWear,$37.99
B01GNOEXO0,Designer Printed Watch,https://images.unsplash.com/photo-1492707892479-7bc8d5a4ee93?w=400,Accessories,TrendyBits,$22.99
B012Z17YDW,Elegant Solid Necklace,https://images.unsplash.com/photo-1535632066927-ab7c9ab60908?w=400,Jewelry,LuxeJewel,$452.99
B01CFSPZL8,Stylish Solid Running Shoes,https://images.unsplash.com/photo-1542291026-7eec264c27ff?w=400,Footwear,WalkEasy,$98.99
B00FHMHJLY,Elegant Suede Pendant,https://images.unsplash.com/photo-1535632066927-ab7c9ab60908?w=400,Jewelry,LuxeJewel,$356.99
B004J1QNRU,Comfortable Wool Skirt,https://images.unsplash.com/photo-1595777457583-95e059d581b8?w=400,Women's Clothing,ChicWear,$97.99
B00JUJIOHS,Trendy Silk T-Shirt,https://images.unsplash.com/photo-1586790170083-2f9ceadc732d?w=400,Men's Clothing,UrbanGent,$71.99
B00OJL4EFS,Designer Synthetic Gloves,https://images.unsplash.com/photo-1492707892479-7bc8d5a4ee93?w=400,Accessories,TrendyBits,$70.99
B00D0HNQME,Casual Leather Handbag,https://images.unsplash.com/photo-1553062407-98eeb64c6a62?w=400,Bags & Luggage,BagMaster,$93.99
B0149X6TVW,Trendy Denim T-Shirt,https://images.unsplash.com/photo-1586790170083-2f9ceadc732d?w=400,Men's Clothing,UrbanGent,$51.99
B00MR25EXW,Classic Wool Skirt,https://images.unsplash.com/photo-1595777457583-95e059d581b8?w=400,Women's Clothing,ChicWear,$47.99
B019RS67VG,Trendy Wool T-Shirt,https://images.unsplash.com/photo-1586790170083-2f9ceadc732d?w=400,Men's Clothing,UrbanGent,$121.99
B0188QBWUO,Essential Synthetic Crossbody,https://images.unsplash.com/photo-1553062407-98eeb64c6a62?w=400,Bags & Luggage,BagMaster,$147.99
B015WCXPQQ,Comfortable Canvas Cardigan,https://images.unsplash.com/photo-1595777457583-95e059d581b8?w=400,Women's Clothing,ChicWear,$109.99
B008ZAW6X6,Designer Printed Hat,https://images.unsplash.com/photo-1492707892479-7bc8d5a4ee93?w=400,Accessories,TrendyBits,$143.99
B01FYYZN3K,Elegant Leather Pendant,https://images.unsplash.com/photo-1535632066927-ab7c9ab60908?w=400,Jewelry,LuxeJewel,$152.99
B00HO43Q42,Vintage Woven Sneakers,https://images.unsplash.com/photo-1542291026-7eec264c27ff?w=400,Footwear,WalkEasy,$63.99
B01DG4FREU,Stylish Leather Running Shoes,https://images.unsplash.com/photo-1542291026-7eec264c27ff?w=400,Footwear,WalkEasy,$167.99
B00OAKW8EW,Modern Suede Hoodie,https://images.unsplash.com/photo-1586790170083-2f9ceadc732d?w=400,Men's Clothing,UrbanGent,$87.99
B00W178VME,Vintage Silk Sneakers,https://images.unsplash.com/photo-1542291026-7eec264c27ff?w=400,Footwear,WalkEasy,$134.99
B014OQ43SA,Essential Printed Crossbody,https://images.unsplash.com/photo-1553062407-98eeb64c6a62?w=400,Bags & Luggage,BagMaster,$141.99
B01FMTJVI0,Luxury Printed Earrings,https://images.unsplash.com/photo-1535632066927-ab7c9ab60908?w=400,Jewelry,LuxeJewel,$282.99
B00LFOM940,Luxury Knit Brooch,https://images.unsplash.com/photo-1535632066927-ab7c9ab60908?w=400,Jewelry,LuxeJewel,$466.99
B00SNFBLTI,Elegant Suede Pendant,https://images.unsplash.com/photo-1535632066927-ab7c9ab60908?w=400,Jewelry,LuxeJewel,$200.99
B00SCDQ8IA,Designer Knit Gloves,https://images.unsplash.com/photo-1492707892479-7bc8d5a4ee93?w=400,Accessories,TrendyBits,$75.99
B00HZ244LW,Essential Solid Crossbody,https://images.unsplash.com/photo-1553062407-98eeb64c6a62?w=400,Bags & Luggage,BagMaster,$243.99
B015QSOB7I,Premium Leather Hat,https://images.unsplash.com/photo-1492707892479-7bc8d5a4ee93?w=400,Accessories,TrendyBits,$113.99
B00J8PY3J2,Casual Wool Handbag,https://images.unsplash.com/photo-1553062407-98eeb64c6a62?w=400,Bags & Luggage,BagMaster,$195.99
B00DOJZ90K,Essential Printed Crossbody,https://images.unsplash.com/photo-1553062407-98eeb64c6a62?w=400,Bags & Luggage,BagMaster,$129.99
B01CJXSQ7O,Designer Woven Wallet,https://images.unsplash.com/photo-1492707892479-7bc8d5a4ee93?w=400,Accessories,TrendyBits,$176.99
B01FELRS68,Essential Suede Messenger Bag,https://images.unsplash.com/photo-1553062407-98eeb64c6a62?w=400,Bags & Luggage,BagMaster,$237.99
B00V82SMX6,Comfortable Synthetic Cardigan,https://images.unsplash.com/photo-1595777457583-95e059d581b8?w=400,Women's Clothing,ChicWear,$49.99
B00GKC1TEI,Stylish Canvas Sandals,https://images.unsplash.com/photo-1542291026-7eec264c27ff?w=400,Footwear,WalkEasy,$161.99
B011U33X54,Casual Knit Handbag,https://images.unsplash.com/photo-1553062407-98eeb64c6a62?w=400,Bags & Luggage,BagMaster,$51.99
B01DY1LA3C,Casual Suede Suitcase,https://images.unsplash.com/photo-1553062407-98eeb64c6a62?w=400,Bags & Luggage,BagMaster,$249.99
B00XC6GHRY,Classic Suede Pants,https://images.unsplash.com/photo-1595777457583-95e059d581b8?w=400,Women's Clothing,ChicWear,$61.99
B01EOIVPSE,Premium Knit Gloves,https://images.unsplash.com/photo-1492707892479-7bc8d5a4ee93?w=400,Accessories,TrendyBits,$100.99
B01BI7AXIW,Vintage Suede Sneakers,https://images.unsplash.com/photo-1542291026-7eec264c27ff?w=400,Footwear,WalkEasy,$151.99
B016PAPVW0,Elegant Printed Necklace,https://images.unsplash.com/photo-1535632066927-ab7c9ab60908?w=400,Jewelry,LuxeJewel,$198.99
B00V10TNOW,Trendy Leather Suit,https://images.unsplash.com/photo-1586790170083-2f9ceadc732d?w=400,Men's Clothing,UrbanGent,$59.99
B00OXF93RY,Stylish Synthetic Running Shoes,https://images.unsplash.com/photo-1542291026-7eec264c27ff?w=400,Footwear,WalkEasy,$76.99
B01AL634PA,Modern Knit Jacket,https://images.unsplash.com/photo-1586790170083-2f9ceadc732d?w=400,Men's Clothing,UrbanGent,$65.99
B017PT3BWW,Modern Leather T-Shirt,https://images.unsplash.com/photo-1586790170083-2f9ceadc732d?w=400,Men's Clothing,UrbanGent,$71.99
B01DUJF8B8,Vintage Synthetic Sneakers,https://images.unsplash.com/photo-1542291026-7eec264c27ff?w=400,Footwear,WalkEasy,$39.99
B00RYFOB0Y,Elegant Denim Pendant,https://images.unsplash.com/photo-1535632066927-ab7c9ab60908?w=400,Jewelry,LuxeJewel,$280.99
B01BYHQW8G,Vintage Suede Flats,https://images.unsplash.com/photo-1542291026-7eec264c27ff?w=400,Footwear,WalkEasy,$63.99
B01BZHDBN4,Vintage Denim Sneakers,https://images.unsplash.com/photo-1542291026-7eec264c27ff?w=400,Footwear,WalkEasy,$63.99
B017VU06P0,Luxury Denim Earrings,https://images.unsplash.com/photo-1535632066927-ab7c9ab60908?w=400,Jewelry,LuxeJewel,$256.99
B00KXRAYF6,Essential Knit Messenger Bag,https://images.unsplash.com/photo-1553062407-98eeb64c6a62?w=400,Bags & Luggage,BagMaster,$129.99
B00NQ8O4B4,Modern Suede T-Shirt,https://images.unsplash.com/photo-1586790170083-2f9ceadc732d?w=400,Men's Clothing,UrbanGent,$131.99
B00F55SMGO,Essential Solid Crossbody,https://images.unsplash.com/photo-1553062407-98eeb64c6a62?w=400,Bags & Luggage,BagMaster,$129.99
B01CL638WM,Premium Knit Tie,https://images.unsplash.com/photo-1492707892479-7bc8d5a4ee93?w=400,Accessories,TrendyBits,$94.99
B01H5JCNV2,Elegant Solid Pendant,https://images.unsplash.com/photo-1535632066927-ab7c9ab60908?w=400,Jewelry,LuxeJewel,$498.99
B009KM5GTY,Premium Canvas Tie,https://images.unsplash.com/photo-1492707892479-7bc8d5a4ee93?w=400,Accessories,TrendyBits,$124.99
B016J4Y862,Modern Knit Hoodie,https://images.unsplash.com/photo-1586790170083-2f9ceadc732d?w=400,Men's Clothing,UrbanGent,$127.99
B00K8CV22U,Stylish Suede Running Shoes,https://images.unsplash.com/photo-1542291026-7eec264c27ff?w=400,Footwear,WalkEasy,$99.99
B01CZL0O2K,Classic Silk Cardigan,https://images.unsplash.com/photo-1595777457583-95e059d581b8?w=400,Women's Clothing,ChicWear,$44.99
B00GMX127O,Premium Printed Watch,https://images.unsplash.com/photo-1492707892479-7bc8d5a4ee93?w=400,Accessories,TrendyBits,$17.99
B00E1ALO6E,Trendy Denim T-Shirt,https://images.unsplash.com/photo-1586790170083-2f9ceadc732d?w=400,Men's Clothing,UrbanGent,$61.99
B0108YA83Q,Essential Solid Messenger Bag,https://images.unsplash.com/photo-1553062407-98eeb64c6a62?w=400,Bags & Luggage,BagMaster,$225.99
B00J8PY694,Designer Printed Tie,https://images.unsplash.com/photo-1492707892479-7bc8d5a4ee93?w=400,Accessories,TrendyBits,$99.99
B0053UH2LC,Casual Wool Suitcase,https://images.unsplash.com/photo-1553062407-98eeb64c6a62?w=400,Bags & Luggage,BagMaster,$45.99
B00I47Z4G6,Premium Synthetic Gloves,https://images.unsplash.com/photo-1492707892479-7bc8d5a4ee93?w=400,Accessories,TrendyBits,$70.99
B00EPEIKHC,Designer Printed Hat,https://images.unsplash.com/photo-1492707892479-7bc8d5a4ee93?w=400,Accessories,TrendyBits,$58.99
B00J8LNI60,Designer Silk Hat,https://images.unsplash.com/photo-1492707892479-7bc8d5a4ee93?w=400,Accessories,TrendyBits,$168.99
B0141N86C0,Trendy Woven Hoodie,https://images.unsplash.com/photo-1586790170083-2f9ceadc732d?w=400,Men's Clothing,UrbanGent,$87.99
B00NK4S46A,Luxury Denim Brooch,https://images.unsplash.com/photo-1535632066927-ab7c9ab60908?w=400,Jewelry,LuxeJewel,$52.99
B0077CXI30,Vintage Cotton Flats,https://images.unsplash.com/photo-1542291026-7eec264c27ff?w=400,Footwear,WalkEasy,$115.99
B017VU1HVW,Classic Wool Jacket,https://images.unsplash.com/photo-1595777457583-95e059d581b8?w=400,Women's Clothing,ChicWear,$48.99
B01DLK3FFW,Elegant Suede Necklace,https://images.unsplash.com/photo-1535632066927-ab7c9ab60908?w=400,Jewelry,LuxeJewel,$234.99
B0122MC0BA,Essential Printed Crossbody,https://images.unsplash.com/photo-1553062407-98eeb64c6a62?w=400,Bags & Luggage,BagMaster,$207.99
B006T7ZDLE,Premium Canvas Tie,https://images.unsplash.com/photo-1492707892479-7bc8d5a4ee93?w=400,Accessories,TrendyBits,$114.99
B002DMK6IE,Stylish Denim Sandals,https://images.unsplash.com/photo-1542291026-7eec264c27ff?w=400,Footwear,WalkEasy,$38.99
B0014F57YY,Designer Denim Hat,https://images.unsplash.com/photo-1492707892479-7bc8d5a4ee93?w=400,Accessories,TrendyBits,$33.99
B00NUHO6YQ,Luxury Suede Brooch,https://images.unsplash.com/photo-1535632066927-ab7c9ab60908?w=400,Jewelry,LuxeJewel,$260.99
B01G54TAI2,Premium Leather Hat,https://images.unsplash.com/photo-1492707892479-7bc8d5a4ee93?w=400,Accessories,TrendyBits,$118.99
B00DVY6PDS,Luxury Denim Earrings,https://images.unsplash.com/photo-1535632066927-ab7c9ab60908?w=400,Jewelry,LuxeJewel,$266.99
B00TUH9QXQ,Premium Suede Wallet,https://images.unsplash.com/photo-1492707892479-7bc8d5a4ee93?w=400,Accessories,TrendyBits,$131.99
B00138RUK6,Vintage Cotton Flats,https://images.unsplash.com/photo-1542291026-7eec264c27ff?w=400,Footwear,WalkEasy,$35.99
B00ORP9N3E,Essential Woven Crossbody,https://images.unsplash.com/photo-1553062407-98eeb64c6a62?w=400,Bags & Luggage,BagMaster,$177.99
B00JB1WUY8,Vintage Suede Sneakers,https://images.unsplash.com/photo-1542291026-7eec264c27ff?w=400,Footwear,WalkEasy,$173.99
B00QAM3GJE,Luxury Wool Earrings,https://images.unsplash.com/photo-1535632066927-ab7c9ab60908?w=400,Jewelry,LuxeJewel,$482.99
B00NP254JW,Elegant Canvas Pendant,https://images.unsplash.com/photo-1535632066927-ab7c9ab60908?w=400,Jewelry,LuxeJewel,$292.99
B00ZP4O9K8,Essential Woven Messenger Bag,https://images.unsplash.com/photo-1553062407-98eeb64c6a62?w=400,Bags & Luggage,BagMaster,$141.99
B00OUT023C,Modern Woven Jacket,https://images.unsplash.com/photo-1586790170083-2f9ceadc732d?w=400,Men's Clothing,UrbanGent,$85.99
B0128N61EA,Comfortable Knit Skirt,https://images.unsplash.com/photo-1595777457583-95e059d581b8?w=400,Women's Clothing,ChicWear,$87.99
B014F24YJ6,Trendy Woven Hoodie,https://images.unsplash.com/photo-1586790170083-2f9ceadc732d?w=400,Men's Clothing,UrbanGent,$57.99
B0094FZU3E,Trendy Suede Jacket,https://images.unsplash.com/photo-1586790170083-2f9ceadc732d?w=400,Men's Clothing,UrbanGent,$95.99
B01DUYBX4E,Comfortable Printed Skirt,https://images.unsplash.com/photo-1595777457583-95e059d581b8?w=400,Women's Clothing,ChicWear,$62.99
B00TK8ILWC,Modern Knit Suit,https://images.unsplash.com/photo-1586790170083-2f9ceadc732d?w=400,Men's Clothing,UrbanGent,$129.99
B00XOURVKA,Modern Leather Jeans,https://images.unsplash.com/photo-1586790170083-2f9ceadc732d?w=400,Men's Clothing,UrbanGent,$33.99
B00T259AW8,Premium Solid Hat,https://images.unsplash.com/photo-1492707892479-7bc8d5a4ee93?w=400,Accessories,TrendyBits,$198.99
B00MQSVJTK,Elegant Synthetic Necklace,https://images.unsplash.com/photo-1535632066927-ab7c9ab60908?w=400,Jewelry,LuxeJewel,$394.99
B01A5HRACI,Premium Canvas Tie,https://images.unsplash.com/photo-1492707892479-7bc8d5a4ee93?w=400,Accessories,TrendyBits,$124.99
B00FHO832G,Premium Knit Wallet,https://images.unsplash.com/photo-1492707892479-7bc8d5a4ee93?w=400,Accessories,TrendyBits,$101.99
B01C50V4N4,Luxury Printed Brooch,https://images.unsplash.com/photo-1535632066927-ab7c9ab60908?w=400,Jewelry,LuxeJewel,$130.99
B00OB9MPWM,Trendy Synthetic Suit,https://images.unsplash.com/photo-1586790170083-2f9ceadc732d?w=400,Men's Clothing,UrbanGent,$129.99
B01CZT51SE,Premium Printed Hat,https://images.unsplash.com/photo-1492707892479-7bc8d5a4ee93?w=400,Accessories,TrendyBits,$188.99
B00IXF8OWU,Luxury Silk Brooch,https://images.unsplash.com/photo-1535632066927-ab7c9ab60908?w=400,Jewelry,LuxeJewel,$214.99
B010LNQBBW,Elegant Solid Pendant,https://images.unsplash.com/photo-1535632066927-ab7c9ab60908?w=400,Jewelry,LuxeJewel,$282.99
B01CDY5122,Modern Leather Suit,https://images.unsplash.com/photo-1586790170083-2f9ceadc732d?w=400,Men's Clothing,UrbanGent,$69.99
B01GOOSBMY,Comfortable Woven Pants,https://images.unsplash.com/photo-1595777457583-95e059d581b8?w=400,Women's Clothing,ChicWear,$66.99
B00HG32TU8,Trendy Wool Jacket,https://images.unsplash.com/photo-1586790170083-2f9ceadc732d?w=400,Men's Clothing,UrbanGent,$45.99
B00ITLHWHG,Casual Silk Handbag,https://images.unsplash.com/photo-1553062407-98eeb64c6a62?w=400,Bags & Luggage,BagMaster,$123.99
B01DAFK0O2,Classic Cotton Pants,https://images.unsplash.com/photo-1595777457583-95e059d581b8?w=400,Women's Clothing,ChicWear,$61.99
B004WNGKZU,Luxury Silk Earrings,https://images.unsplash.com/photo-1535632066927-ab7c9ab60908?w=400,Jewelry,LuxeJewel,$330.99
B012BZ5HMM,Vintage Leather Sneakers,https://images.unsplash.com/photo-1542291026-7eec264c27ff?w=400,Footwear,WalkEasy,$118.99
B00ODYM52A,Luxury Synthetic Brooch,https://images.unsplash.com/photo-1535632066927-ab7c9ab60908?w=400,Jewelry,LuxeJewel,$410.99
B00MIRH4A2,Stylish Solid Running Shoes,https://images.unsplash.com/photo-1542291026-7eec264c27ff?w=400,Footwear,WalkEasy,$146.99
B00YEMDRMI,Modern Cotton Jacket,https://images.unsplash.com/photo-1586790170083-2f9ceadc732d?w=400,Men's Clothing,UrbanGent,$55.99
B00B7QXXSW,Elegant Denim Necklace,https://images.unsplash.com/photo-1535632066927-ab7c9ab60908?w=400,Jewelry,LuxeJewel,$410.99
B005FYKZ8I,Luxury Canvas Brooch,https://images.unsplash.com/photo-1535632066927-ab7c9ab60908?w=400,Jewelry,LuxeJewel,$302.99
B01607T4D0,Designer Canvas Watch,https://images.unsplash.com/photo-1492707892479-7bc8d5a4ee93?w=400,Accessories,TrendyBits,$102.99
B00W1F4HCO,Modern Denim Jacket,https://images.unsplash.com/photo-1586790170083-2f9ceadc732d?w=400,Men's Clothing,UrbanGent,$75.99
B00LMU8ZEA,Designer Wool Tie,https://images.unsplash.com/photo-1492707892479-7bc8d5a4ee93?w=400,Accessories,TrendyBits,$119.99
B00NGFJ32W,Comfortable Denim Dress,https://images.unsplash.com/photo-1595777457583-95e059d581b8?w=400,Women's Clothing,ChicWear,$25.99
B00JL6VDX2,Vintage Leather Flats,https://images.unsplash.com/photo-1542291026-7eec264c27ff?w=400,Footwear,WalkEasy,$160.99
B00SB5FRMW,Modern Leather Jeans,https://images.unsplash.com/photo-1586790170083-2f9ceadc732d?w=400,Men's Clothing,UrbanGent,$123.99
B00UFCUH0G,Premium Wool Hat,https://images.unsplash.com/photo-1492707892479-7bc8d5a4ee93?w=400,Accessories,TrendyBits,$18.99
B00R8RINV6,Designer Silk Tie,https://images.unsplash.com/photo-1492707892479-7bc8d5a4ee93?w=400,Accessories,TrendyBits,$64.99
B01DR12A3I,Trendy Suede Jacket,https://images.unsplash.com/photo-1586790170083-2f9ceadc732d?w=400,Men's Clothing,UrbanGent,$35.99
B00RDBNN76,Casual Silk Handbag,https://images.unsplash.com/photo-1553062407-98eeb64c6a62?w=400,Bags & Luggage,BagMaster,$117.99
B012IN7ZZ4,Designer Printed Wallet,https://images.unsplash.com/photo-1492707892479-7bc8d5a4ee93?w=400,Accessories,TrendyBits,$96.99
B00D17AWXY,Comfortable Silk Pants,https://images.unsplash.com/photo-1595777457583-95e059d581b8?w=400,Women's Clothing,ChicWear,$61.99
B00SXTZ6AY,Premium Cotton Wallet,https://images.unsplash.com/photo-1492707892479-7bc8d5a4ee93?w=400,Accessories,TrendyBits,$106.99
B00LPQFBJS,Classic Woven Cardigan,https://images.unsplash.com/photo-1595777457583-95e059d581b8?w=400,Women's Clothing,ChicWear,$69.99
B01G6TGJ3A,Modern Printed Jeans,https://images.unsplash.com/photo-1586790170083-2f9ceadc732d?w=400,Men's Clothing,UrbanGent,$93.99
B013JU6VVE,Premium Knit Hat,https://images.unsplash.com/photo-1492707892479-7bc8d5a4ee93?w=400,Accessories,TrendyBits,$188.99
B00Q43MA5A,Comfortable Denim Skirt,https://images.unsplash.com/photo-1595777457583-95e059d581b8?w=400,Women's Clothing,ChicWear,$47.99
B0006HENSW,Essential Solid Messenger Bag,https://images.unsplash.com/photo-1553062407-98eeb64c6a62?w=400,Bags & Luggage,BagMaster,$225.99
B00VNVQPJ0,Essential Cotton Messenger Bag,https://images.unsplash.com/photo-1553062407-98eeb64c6a62?w=400,Bags & Luggage,BagMaster,$63.99
B01HH3WLLS,Vintage Knit Flats,https://images.unsplash.com/photo-1542291026-7eec264c27ff?w=400,Footwear,WalkEasy,$127.99
B00KBOQTCS,Vintage Cotton Flats,https://images.unsplash.com/photo-1542291026-7eec264c27ff?w=400,Footwear,WalkEasy,$80.99
B01DAFK0SI,Premium Suede Hat,https://images.unsplash.com/photo-1492707892479-7bc8d5a4ee93?w=400,Accessories,TrendyBits,$148.99
B00BOYXI50,Trendy Synthetic T-Shirt,https://images.unsplash.com/photo-1586790170083-2f9ceadc732d?w=400,Men's Clothing,UrbanGent,$71.99
B01ACELU2A,Casual Knit Suitcase,https://images.unsplash.com/photo-1553062407-98eeb64c6a62?w=400,Bags & Luggage,BagMaster,$189.99
B00XVQ059Q,Classic Denim Jacket,https://images.unsplash.com/photo-1595777457583-95e059d581b8?w=400,Women's Clothing,ChicWear,$58.99
B017SHUZVG,Luxury Solid Brooch,https://images.unsplash.com/photo-1535632066927-ab7c9ab60908?w=400,Jewelry,LuxeJewel,$34.99
B01CJFE4PA,Designer Woven Watch,https://images.unsplash.com/photo-1492707892479-7bc8d5a4ee93?w=400,Accessories,TrendyBits,$52.99
B00GS02YSC,Comfortable Woven Cardigan,https://images.unsplash.com/photo-1595777457583-95e059d581b8?w=400,Women's Clothing,ChicWear,$34.99
B000PQMVQK,Casual Wool Handbag,https://images.unsplash.com/photo-1553062407-98eeb64c6a62?w=400,Bags & Luggage,BagMaster,$165.99
B00FGBDWZS,Essential Solid Messenger Bag,https://images.unsplash.com/photo-1553062407-98eeb64c6a62?w=400,Bags & Luggage,BagMaster,$87.99
B01GV95P1W,Stylish Printed Running Shoes,https://images.unsplash.com/photo-1542291026-7eec264c27ff?w=400,Footwear,WalkEasy,$99.99
B00NR8O92C,Classic Canvas Jacket,https://images.unsplash.com/photo-1595777457583-95e059d581b8?w=400,Women's Clothing,ChicWear,$78.99
B0194Z75R2,Modern Wool Hoodie,https://images.unsplash.com/photo-1586790170083-2f9ceadc732d?w=400,Men's Clothing,UrbanGent,$47.99
B010H39MYE,Elegant Canvas Pendant,https://images.unsplash.com/photo-1535632066927-ab7c9ab60908?w=400,Jewelry,LuxeJewel,$428.99
B00JX58STI,Stylish Cotton Running Shoes,https://images.unsplash.com/photo-1542291026-7eec264c27ff?w=400,Footwear,WalkEasy,$74.99
B00EK7ZDQU,Designer Canvas Tie,https://images.unsplash.com/photo-1492707892479-7bc8d5a4ee93?w=400,Accessories,TrendyBits,$184.99
B01FTDNS92,Comfortable Denim Dress,https://images.unsplash.com/photo-1595777457583-95e059d581b8?w=400,Women's Clothing,ChicWear,$25.99
B000BAUXSI,Vintage Leather Flats,https://images.unsplash.com/photo-1542291026-7eec264c27ff?w=400,Footwear,WalkEasy,$131.99
B005HF3R3U,Trendy Canvas Jacket,https://images.unsplash.com/photo-1586790170083-2f9ceadc732d?w=400,Men's Clothing,UrbanGent,$65.99
B00O27ZVNI,Trendy Cotton Jeans,https://images.unsplash.com/photo-1586790170083-2f9ceadc732d?w=400,Men's Clothing,UrbanGent,$123.99
B001B3FY42,Trendy Woven Hoodie,https://images.unsplash.com/photo-1586790170083-2f9ceadc732d?w=400,Men's Clothing,UrbanGent,$57.99
B00GSPK5CE,Luxury Solid Brooch,https://images.unsplash.com/photo-1535632066927-ab7c9ab60908?w=400,Jewelry,LuxeJewel,$452.99
B00QA6MCFY,Essential Denim Messenger Bag,https://images.unsplash.com/photo-1553062407-98eeb64c6a62?w=400,Bags & Luggage,BagMaster,$147.99
B00MA6ANAY,Comfortable Silk Pants,https://images.unsplash.com/photo-1595777457583-95e059d581b8?w=400,Women's Clothing,ChicWear,$66.99
B00CR71RGK,Modern Leather Jeans,https://images.unsplash.com/photo-1586790170083-2f9ceadc732d?w=400,Men's Clothing,UrbanGent,$83.99
B00WJBJPN6,Essential Printed Messenger Bag,https://images.unsplash.com/photo-1553062407-98eeb64c6a62?w=400,Bags & Luggage,BagMaster,$81.99
B00W035ZQY,Comfortable Suede Jacket,https://images.unsplash.com/photo-1595777457583-95e059d581b8?w=400,Women's Clothing,ChicWear,$63.99
B00EH8MQTO,Elegant Solid Pendant,https://images.unsplash.com/photo-1535632066927-ab7c9ab60908?w=400,Jewelry,LuxeJewel,$226.99
B01DDP4ZWM,Classic Suede Cardigan,https://images.unsplash.com/photo-1595777457583-95e059d581b8?w=400,Women's Clothing,ChicWear,$94.99
B00FHV837E,Modern Solid Suit,https://images.unsplash.com/photo-1586790170083-2f9ceadc732d?w=400,Men's Clothing,UrbanGent,$39.99
B015ZKB0F8,Essential Printed Crossbody,https://images.unsplash.com/photo-1553062407-98eeb64c6a62?w=400,Bags & Luggage,BagMaster,$57.99
B00DE6UTP8,Essential Silk Crossbody,https://images.unsplash.com/photo-1553062407-98eeb64c6a62?w=400,Bags & Luggage,BagMaster,$45.99
B00Z8QM7KC,Modern Canvas Jeans,https://images.unsplash.com/photo-1586790170083-2f9ceadc732d?w=400,Men's Clothing,UrbanGent,$53.99
B00JL6OFVO,Casual Woven Suitcase,https://images.unsplash.com/photo-1553062407-98eeb64c6a62?w=400,Bags & Luggage,BagMaster,$189.99
B00A9XJ158,Trendy Printed Jacket,https://images.unsplash.com/photo-1586790170083-2f9ceadc732d?w=400,Men's Clothing,UrbanGent,$145.99
B00JXLYOBS,Comfortable Printed Skirt,https://images.unsplash.com/photo-1595777457583-95e059d581b8?w=400,Women's Clothing,ChicWear,$92.99
B00B3AIKF8,Premium Printed Tie,https://images.unsplash.com/photo-1492707892479-7bc8d5a4ee93?w=400,Accessories,TrendyBits,$59.99
B019JE2AAK,Essential Synthetic Messenger Bag,https://images.unsplash.com/photo-1553062407-98eeb64c6a62?w=400,Bags & Luggage,BagMaster,$243.99
B01GC3C4CK,Essential Cotton Messenger Bag,https://images.unsplash.com/photo-1553062407-98eeb64c6a62?w=400,Bags & Luggage,BagMaster,$63.99
B00DAHB8UG,Classic Woven Pants,https://images.unsplash.com/photo-1595777457583-95e059d581b8?w=400,Women's Clothing,ChicWear,$116.99
B00CRA7LOO,Designer Cotton Wallet,https://images.unsplash.com/photo-1492707892479-7bc8d5a4ee93?w=400,Accessories,TrendyBits,$81.99
B005OYDZYU,Classic Woven Skirt,https://images.unsplash.com/photo-1595777457583-95e059d581b8?w=400,Women's Clothing,ChicWear,$47.99
B00FF4YSBI,Premium Wool Tie,https://images.unsplash.com/photo-1492707892479-7bc8d5a4ee93?w=400,Accessories,TrendyBits,$189.99
B01CHGKDSS,Stylish Woven Sandals,https://images.unsplash.com/photo-1542291026-7eec264c27ff?w=400,Footwear,WalkEasy,$174.99
B00LVYE7HG,Vintage Cotton Flats,https://images.unsplash.com/photo-1542291026-7eec264c27ff?w=400,Footwear,WalkEasy,$104.99
B00XNKP4IC,Comfortable Denim Skirt,https://images.unsplash.com/photo-1595777457583-95e059d581b8?w=400,Women's Clothing,ChicWear,$47.99
B00TYV8RDS,Classic Wool Skirt,https://images.unsplash.com/photo-1595777457583-95e059d581b8?w=400,Women's Clothing,ChicWear,$87.99
B00JCQ9YNW,Casual Synthetic Suitcase,https://images.unsplash.com/photo-1553062407-98eeb64c6a62?w=400,Bags & Luggage,BagMaster,$177.99
B00MUC7O00,Elegant Solid Necklace,https://images.unsplash.com/photo-1535632066927-ab7c9ab60908?w=400,Jewelry,LuxeJewel,$50.99
B0038Y6SSI,Trendy Cotton Hoodie,https://images.unsplash.com/photo-1586790170083-2f9ceadc732d?w=400,Men's Clothing,UrbanGent,$147.99
B00R4HY37I,Elegant Leather Necklace,https://images.unsplash.com/photo-1535632066927-ab7c9ab60908?w=400,Jewelry,LuxeJewel,$44.99
B01ECL6KOC,Designer Leather Tie,https://images.unsplash.com/photo-1492707892479-7bc8d5a4ee93?w=400,Accessories,TrendyBits,$34.99
B00PK1PV62,Premium Denim Wallet,https://images.unsplash.com/photo-1492707892479-7bc8d5a4ee93?w=400,Accessories,TrendyBits,$86.99
B016WKLN20,Vintage Synthetic Sneakers,https://images.unsplash.com/photo-1542291026-7eec264c27ff?w=400,Footwear,WalkEasy,$119.99
B00GTAGRBQ,Trendy Suede Suit,https://images.unsplash.com/photo-1586790170083-2f9ceadc732d?w=400,Men's Clothing,UrbanGent,$129.99
B00PUYPI8A,Classic Printed Skirt,https://images.unsplash.com/photo-1595777457583-95e059d581b8?w=400,Women's Clothing,ChicWear,$47.99
B00WAUWCSG,Stylish Silk Running Shoes,https://images.unsplash.com/photo-1542291026-7eec264c27ff?w=400,Footwear,WalkEasy,$83.99
B00GSCZOGY,Trendy Printed Jacket,https://images.unsplash.com/photo-1586790170083-2f9ceadc732d?w=400,Men's Clothing,UrbanGent,$45.99
B000VPPKW2,Stylish Knit Sandals,https://images.unsplash.com/photo-1542291026-7eec264c27ff?w=400,Footwear,WalkEasy,$135.99
B0140XRBZY,Trendy Canvas Jeans,https://images.unsplash.com/photo-1586790170083-2f9ceadc732d?w=400,Men's Clothing,UrbanGent,$103.99
B00NKQUSRQ,Comfortable Cotton Pants,https://images.unsplash.com/photo-1595777457583-95e059d581b8?w=400,Women's Clothing,ChicWear,$71.99
B01DP7OGC2,Essential Wool Crossbody,https://images.unsplash.com/photo-1553062407-98eeb64c6a62?w=400,Bags & Luggage,BagMaster,$87.99
B00NJG668M,Premium Denim Wallet,https://images.unsplash.com/photo-1492707892479-7bc8d5a4ee93?w=400,Accessories,TrendyBits,$86.99
B01EZX4I2I,Classic Canvas Pants,https://images.unsplash.com/photo-1595777457583-95e059d581b8?w=400,Women's Clothing,ChicWear,$61.99
B00PYMDBYQ,Elegant Denim Pendant,https://images.unsplash.com/photo-1535632066927-ab7c9ab60908?w=400,Jewelry,LuxeJewel,$362.99
B01FPKEKR8,Stylish Denim Sandals,https://images.unsplash.com/photo-1542291026-7eec264c27ff?w=400,Footwear,WalkEasy,$161.99
B00GKF5BAS,Luxury Knit Brooch,https://images.unsplash.com/photo-1535632066927-ab7c9ab60908?w=400,Jewelry,LuxeJewel,$196.99
B00HAX0WD0,Comfortable Suede Skirt,https://images.unsplash.com/photo-1595777457583-95e059d581b8?w=400,Women's Clothing,ChicWear,$42.99
B00J2MH3HK,Vintage Canvas Flats,https://images.unsplash.com/photo-1542291026-7eec264c27ff?w=400,Footwear,WalkEasy,$84.99
B000AO7PY0,Comfortable Printed Jacket,https://images.unsplash.com/photo-1595777457583-95e059d581b8?w=400,Women's Clothing,ChicWear,$113.99
B00MUQ2SBQ,Stylish Denim Sandals,https://images.unsplash.com/photo-1542291026-7eec264c27ff?w=400,Footwear,WalkEasy,$51.99
B00N04E7F2,Comfortable Canvas Jacket,https://images.unsplash.com/photo-1595777457583-95e059d581b8?w=400,Women's Clothing,ChicWear,$103.99
B00KYKDT5Y,Trendy Solid Jacket,https://images.unsplash.com/photo-1586790170083-2f9ceadc732d?w=400,Men's Clothing,UrbanGent,$115.99
B00HV4Z3IM,Designer Synthetic Wallet,https://images.unsplash.com/photo-1492707892479-7bc8d5a4ee93?w=400,Accessories,TrendyBits,$181.99
B01FJT9520,Premium Knit Gloves,https://images.unsplash.com/photo-1492707892479-7bc8d5a4ee93?w=400,Accessories,TrendyBits,$30.99
B00B9TX49A,Essential Knit Crossbody,https://images.unsplash.com/photo-1553062407-98eeb64c6a62?w=400,Bags & Luggage,BagMaster,$195.99
B01E3VB5E6,Casual Canvas Handbag,https://images.unsplash.com/photo-1553062407-98eeb64c6a62?w=400,Bags & Luggage,BagMaster,$57.99
B00I0YRA1U,Designer Knit Gloves,https://images.unsplash.com/photo-1492707892479-7bc8d5a4ee93?w=400,Accessories,TrendyBits,$115.99
B00RQOORS4,Elegant Woven Necklace,https://images.unsplash.com/photo-1535632066927-ab7c9ab60908?w=400,Jewelry,LuxeJewel,$372.99
B01FQH1ZH8,Essential Printed Crossbody,https://images.unsplash.com/photo-1553062407-98eeb64c6a62?w=400,Bags & Luggage,BagMaster,$129.99
B00S60VDRA,Elegant Silk Pendant,https://images.unsplash.com/photo-1535632066927-ab7c9ab60908?w=400,Jewelry,LuxeJewel,$456.99
B0146CG7XG,Designer Knit Tie,https://images.unsplash.com/photo-1492707892479-7bc8d5a4ee93?w=400,Accessories,TrendyBits,$124.99
B0069DXSGU,Comfortable Printed Jacket,https://images.unsplash.com/photo-1595777457583-95e059d581b8?w=400,Women's Clothing,ChicWear,$88.99
B01A0VGUI4,Designer Silk Hat,https://images.unsplash.com/photo-1492707892479-7bc8d5a4ee93?w=400,Accessories,TrendyBits,$178.99
B00VHO43YC,Classic Wool Skirt,https://images.unsplash.com/photo-1595777457583-95e059d581b8?w=400,Women's Clothing,ChicWear,$52.99
B01CEOYZI2,Trendy Suede Jacket,https://images.unsplash.com/photo-1586790170083-2f9ceadc732d?w=400,Men's Clothing,UrbanGent,$55.99
B00W34K3BC,Casual Cotton Handbag,https://images.unsplash.com/photo-1553062407-98eeb64c6a62?w=400,Bags & Luggage,BagMaster,$237.99
B00EK553W6,Premium Denim Watch,https://images.unsplash.com/photo-1492707892479-7bc8d5a4ee93?w=400,Accessories,TrendyBits,$122.99
B012O9RNYA,Casual Denim Suitcase,https://images.unsplash.com/photo-1553062407-98eeb64c6a62?w=400,Bags & Luggage,BagMaster,$135.99
B01ERLOS0A,Casual Silk Suitcase,https://images.unsplash.com/photo-1553062407-98eeb64c6a62?w=400,Bags & Luggage,BagMaster,$195.99
B00V5VWOKC,Designer Suede Gloves,https://images.unsplash.com/photo-1492707892479-7bc8d5a4ee93?w=400,Accessories,TrendyBits,$30.99
B00IRW7BZ0,Modern Knit Suit,https://images.unsplash.com/photo-1586790170083-2f9ceadc732d?w=400,Men's Clothing,UrbanGent,$119.99
B0186OMLRG,Stylish Printed Running Shoes,https://images.unsplash.com/photo-1542291026-7eec264c27ff?w=400,Footwear,WalkEasy,$136.99
B009EPJSYQ,Casual Knit Handbag,https://images.unsplash.com/photo-1553062407-98eeb64c6a62?w=400,Bags & Luggage,BagMaster,$123.99
B01CDVPRE2,Comfortable Canvas Cardigan,https://images.unsplash.com/photo-1595777457583-95e059d581b8?w=400,Women's Clothing,ChicWear,$69.99
B00UBOL98M,Modern Suede T-Shirt,https://images.unsplash.com/photo-1586790170083-2f9ceadc732d?w=400,Men's Clothing,UrbanGent,$81.99
B01GC2Z9TQ,Vintage Leather Sneakers,https://images.unsplash.com/photo-1542291026-7eec264c27ff?w=400,Footwear,WalkEasy,$117.99
B00JDD1C8O,Stylish Printed Sandals,https://images.unsplash.com/photo-1542291026-7eec264c27ff?w=400,Footwear,WalkEasy,$50.99
B007WATOZS,Stylish Wool Sandals,https://images.unsplash.com/photo-1542291026-7eec264c27ff?w=400,Footwear,WalkEasy,$174.99
B015SOSI06,Designer Suede Tie,https://images.unsplash.com/photo-1492707892479-7bc8d5a4ee93?w=400,Accessories,TrendyBits,$159.99
B01FY3I2GG,Comfortable Suede Skirt,https://images.unsplash.com/photo-1595777457583-95e059d581b8?w=400,Women's Clothing,ChicWear,$102.99
B00P2NN1LU,Comfortable Knit Cardigan,https://images.unsplash.com/photo-1595777457583-95e059d581b8?w=400,Women's Clothing,ChicWear,$119.99
B00DDN8QCA,Essential Suede Crossbody,https://images.unsplash.com/photo-1553062407-98eeb64c6a62?w=400,Bags & Luggage,BagMaster,$57.99
B00COMUB9C,Luxury Denim Earrings,https://images.unsplash.com/photo-1535632066927-ab7c9ab60908?w=400,Jewelry,LuxeJewel,$412.99
B0074FLV5M,Luxury Denim Brooch,https://images.unsplash.com/photo-1535632066927-ab7c9ab60908?w=400,Jewelry,LuxeJewel,$236.99
B00UMYWGJW,Comfortable Printed Dress,https://images.unsplash.com/photo-1595777457583-95e059d581b8?w=400,Women's Clothing,ChicWear,$30.99
B018IZAYEU,Luxury Knit Brooch,https://images.unsplash.com/photo-1535632066927-ab7c9ab60908?w=400,Jewelry,LuxeJewel,$478.99
B001MXKLR6,Casual Knit Handbag,https://images.unsplash.com/photo-1553062407-98eeb64c6a62?w=400,Bags & Luggage,BagMaster,$123.99
B0037M5UR6,Elegant Printed Necklace,https://images.unsplash.com/photo-1535632066927-ab7c9ab60908?w=400,Jewelry,LuxeJewel,$386.99
B00KXKI9XM,Stylish Leather Sandals,https://images.unsplash.com/photo-1542291026-7eec264c27ff?w=400,Footwear,WalkEasy,$140.99
B017OWJCAU,Designer Canvas Wallet,https://images.unsplash.com/photo-1492707892479-7bc8d5a4ee93?w=400,Accessories,TrendyBits,$96.99
B00XIQJPLI,Vintage Suede Sneakers,https://images.unsplash.com/photo-1542291026-7eec264c27ff?w=400,Footwear,WalkEasy,$73.99
B0091XFGQU,Stylish Wool Running Shoes,https://images.unsplash.com/photo-1542291026-7eec264c27ff?w=400,Footwear,WalkEasy,$79.99
B01HCGFMMU,Luxury Solid Brooch,https://images.unsplash.com/photo-1535632066927-ab7c9ab60908?w=400,Jewelry,LuxeJewel,$324.99
B00GLR2OB4,Stylish Silk Sandals,https://images.unsplash.com/photo-1542291026-7eec264c27ff?w=400,Footwear,WalkEasy,$48.99
B01DHU4BYU,Stylish Denim Running Shoes,https://images.unsplash.com/photo-1542291026-7eec264c27ff?w=400,Footwear,WalkEasy,$159.99
B004Q5QCKC,Casual Cotton Handbag,https://images.unsplash.com/photo-1553062407-98eeb64c6a62?w=400,Bags & Luggage,BagMaster,$147.99
B01EBPSZJW,Classic Printed Jacket,https://images.unsplash.com/photo-1595777457583-95e059d581b8?w=400,Women's Clothing,ChicWear,$73.99
B00JTLT8M2,Premium Synthetic Wallet,https://images.unsplash.com/photo-1492707892479-7bc8d5a4ee93?w=400,Accessories,TrendyBits,$21.99
B00VRA3ZLI,Luxury Suede Earrings,https://images.unsplash.com/photo-1535632066927-ab7c9ab60908?w=400,Jewelry,LuxeJewel,$246.99
B01GCRXMM2,Stylish Silk Running Shoes,https://images.unsplash.com/photo-1542291026-7eec264c27ff?w=400,Footwear,WalkEasy,$69.99
B00WTE52EO,Classic Synthetic Jacket,https://images.unsplash.com/photo-1595777457583-95e059d581b8?w=400,Women's Clothing,ChicWear,$93.99
B00KA4EFN4,Modern Woven Jacket,https://images.unsplash.com/photo-1586790170083-2f9ceadc732d?w=400,Men's Clothing,UrbanGent,$125.99
B0094KF75A,Premium Denim Tie,https://images.unsplash.com/photo-1492707892479-7bc8d5a4ee93?w=400,Accessories,TrendyBits,$124.99
B01530T3KO,Essential Wool Crossbody,https://images.unsplash.com/photo-1553062407-98eeb64c6a62?w=400,Bags & Luggage,BagMaster,$123.99
B014SS37L8,Modern Cotton Suit,https://images.unsplash.com/photo-1586790170083-2f9ceadc732d?w=400,Men's Clothing,UrbanGent,$109.99
B00T424HO0,Premium Denim Gloves,https://images.unsplash.com/photo-1492707892479-7bc8d5a4ee93?w=400,Accessories,TrendyBits,$35.99
B00CO8I2OM,Stylish Silk Running Shoes,https://images.unsplash.com/photo-1542291026-7eec264c27ff?w=400,Footwear,WalkEasy,$113.99
B00IYF4QSA,Elegant Silk Pendant,https://images.unsplash.com/photo-1535632066927-ab7c9ab60908?w=400,Jewelry,LuxeJewel,$396.99
B00EQZ71DO,Premium Leather Gloves,https://images.unsplash.com/photo-1492707892479-7bc8d5a4ee93?w=400,Accessories,TrendyBits,$175.99
B00IWFO9A2,Elegant Denim Pendant,https://images.unsplash.com/photo-1535632066927-ab7c9ab60908?w=400,Jewelry,LuxeJewel,$88.99
B01BA42HXC,Premium Leather Watch,https://images.unsplash.com/photo-1492707892479-7bc8d5a4ee93?w=400,Accessories,TrendyBits,$112.99
B017EHIE6I,Elegant Knit Pendant,https://images.unsplash.com/photo-1535632066927-ab7c9ab60908?w=400,Jewelry,LuxeJewel,$94.99
B00H2CI5HE,Vintage Cotton Flats,https://images.unsplash.com/photo-1542291026-7eec264c27ff?w=400,Footwear,WalkEasy,$79.99
B01CZU8E8M,Trendy Wool Jeans,https://images.unsplash.com/photo-1586790170083-2f9ceadc732d?w=400,Men's Clothing,UrbanGent,$43.99
B00D83TNRM,Vintage Suede Flats,https://images.unsplash.com/photo-1542291026-7eec264c27ff?w=400,Footwear,WalkEasy,$141.99
B014GL27LI,Essential Solid Messenger Bag,https://images.unsplash.com/photo-1553062407-98eeb64c6a62?w=400,Bags & Luggage,BagMaster,$87.99
B00XKI9ZKK,Essential Knit Messenger Bag,https://images.unsplash.com/photo-1553062407-98eeb64c6a62?w=400,Bags & Luggage,BagMaster,$249.99
B005SRQEOG,Premium Suede Gloves,https://images.unsplash.com/photo-1492707892479-7bc8d5a4ee93?w=400,Accessories,TrendyBits,$195.99
B00VRAE21A,Luxury Denim Earrings,https://images.unsplash.com/photo-1535632066927-ab7c9ab60908?w=400,Jewelry,LuxeJewel,$212.99
B01936FRRM,Premium Denim Watch,https://images.unsplash.com/photo-1492707892479-7bc8d5a4ee93?w=400,Accessories,TrendyBits,$67.99
B00HT2RIY8,Luxury Canvas Brooch,https://images.unsplash.com/photo-1535632066927-ab7c9ab60908?w=400,Jewelry,LuxeJewel,$236.99
B015KK0YGY,Luxury Denim Brooch,https://images.unsplash.com/photo-1535632066927-ab7c9ab60908?w=400,Jewelry,LuxeJewel,$96.99
B01B1LFAAG,Stylish Canvas Sandals,https://images.unsplash.com/photo-1542291026-7eec264c27ff?w=400,Footwear,WalkEasy,$153.99
B01H4ODILM,Stylish Knit Running Shoes,https://images.unsplash.com/photo-1542291026-7eec264c27ff?w=400,Footwear,WalkEasy,$139.99
B00J02CN72,Classic Denim Cardigan,https://images.unsplash.com/photo-1595777457583-95e059d581b8?w=400,Women's Clothing,ChicWear,$109.99
B007HCAPH2,Casual Leather Handbag,https://images.unsplash.com/photo-1553062407-98eeb64c6a62?w=400,Bags & Luggage,BagMaster,$57.99
B00V3OLMHM,Elegant Knit Pendant,https://images.unsplash.com/photo-1535632066927-ab7c9ab60908?w=400,Jewelry,LuxeJewel,$32.99
B01EZHBHUA,Essential Knit Messenger Bag,https://images.unsplash.com/photo-1553062407-98eeb64c6a62?w=400,Bags & Luggage,BagMaster,$93.99
B01GF2STUE,Elegant Wool Necklace,https://images.unsplash.com/photo-1535632066927-ab7c9ab60908?w=400,Jewelry,LuxeJewel,$390.99
B00QRJ0K2G,Designer Suede Wallet,https://images.unsplash.com/photo-1492707892479-7bc8d5a4ee93?w=400,Accessories,TrendyBits,$96.99
B018FMBAXK,Premium Solid Tie,https://images.unsplash.com/photo-1492707892479-7bc8d5a4ee93?w=400,Accessories,TrendyBits,$124.99
B014CP03HS,Elegant Leather Pendant,https://images.unsplash.com/photo-1535632066927-ab7c9ab60908?w=400,Jewelry,LuxeJewel,$98.99
B01EWK96T4,Casual Silk Suitcase,https://images.unsplash.com/photo-1553062407-98eeb64c6a62?w=400,Bags & Luggage,BagMaster,$105.99
B00V2BJNDG,Essential Cotton Crossbody,https://images.unsplash.com/photo-1553062407-98eeb64c6a62?w=400,Bags & Luggage,BagMaster,$225.99
B01145YM9O,Vintage Solid Flats,https://images.unsplash.com/photo-1542291026-7eec264c27ff?w=400,Footwear,WalkEasy,$139.99
B01145Y6C2,Casual Synthetic Suitcase,https://images.unsplash.com/photo-1553062407-98eeb64c6a62?w=400,Bags & Luggage,BagMaster,$111.99
B000J5XE9K,Stylish Knit Sandals,https://images.unsplash.com/photo-1542291026-7eec264c27ff?w=400,Footwear,WalkEasy,$137.99
B01ESJPYYA,Comfortable Leather Dress,https://images.unsplash.com/photo-1595777457583-95e059d581b8?w=400,Women's Clothing,ChicWear,$90.99
B0189O3JA6,Modern Leather Jeans,https://images.unsplash.com/photo-1586790170083-2f9ceadc732d?w=400,Men's Clothing,UrbanGent,$23.99
B01EOK9VHY,Modern Canvas Hoodie,https://images.unsplash.com/photo-1586790170083-2f9ceadc732d?w=400,Men's Clothing,UrbanGent,$67.99
B01AH3G16Q,Casual Printed Handbag,https://images.unsplash.com/photo-1553062407-98eeb64c6a62?w=400,Bags & Luggage,BagMaster,$45.99
B00VVYNSXK,Comfortable Denim Cardigan,https://images.unsplash.com/photo-1595777457583-95e059d581b8?w=400,Women's Clothing,ChicWear,$49.99
B008ZPBVUU,Designer Synthetic Gloves,https://images.unsplash.com/photo-1492707892479-7bc8d5a4ee93?w=400,Accessories,TrendyBits,$135.99
B01GZW99S0,Casual Solid Handbag,https://images.unsplash.com/photo-1553062407-98eeb64c6a62?w=400,Bags & Luggage,BagMaster,$111.99
B00UV7KCMI,Trendy Printed Hoodie,https://images.unsplash.com/photo-1586790170083-2f9ceadc732d?w=400,Men's Clothing,UrbanGent,$127.99
B0091HX0X2,Modern Canvas Jeans,https://images.unsplash.com/photo-1586790170083-2f9ceadc732d?w=400,Men's Clothing,UrbanGent,$53.99
B015TICNY8,Stylish Synthetic Sandals,https://images.unsplash.com/photo-1542291026-7eec264c27ff?w=400,Footwear,WalkEasy,$156.99
B0099W08OI,Comfortable Wool Pants,https://images.unsplash.com/photo-1595777457583-95e059d581b8?w=400,Women's Clothing,ChicWear,$81.99
B00URXF726,Casual Cotton Suitcase,https://images.unsplash.com/photo-1553062407-98eeb64c6a62?w=400,Bags & Luggage,BagMaster,$183.99
B01EJ18T44,Comfortable Synthetic Dress,https://images.unsplash.com/photo-1595777457583-95e059d581b8?w=400,Women's Clothing,ChicWear,$40.99
B00NIY8PB6,Elegant Solid Necklace,https://images.unsplash.com/photo-1535632066927-ab7c9ab60908?w=400,Jewelry,LuxeJewel,$192.99
B017UDTQVS,Premium Silk Hat,https://images.unsplash.com/photo-1492707892479-7bc8d5a4ee93?w=400,Accessories,TrendyBits,$198.99
B010WKHD02,Luxury Leather Earrings,https://images.unsplash.com/photo-1535632066927-ab7c9ab60908?w=400,Jewelry,LuxeJewel,$146.99
B00URDI4TO,Elegant Suede Necklace,https://images.unsplash.com/photo-1535632066927-ab7c9ab60908?w=400,Jewelry,LuxeJewel,$222.99
B0199QXAH0,Comfortable Silk Pants,https://images.unsplash.com/photo-1595777457583-95e059d581b8?w=400,Women's Clothing,ChicWear,$111.99
B01FNX9NOW,Comfortable Printed Pants,https://images.unsplash.com/photo-1595777457583-95e059d581b8?w=400,Women's Clothing,ChicWear,$36.99
B018GGS4DY,Stylish Wool Running Shoes,https://images.unsplash.com/photo-1542291026-7eec264c27ff?w=400,Footwear,WalkEasy,$57.99
B00IQ47Z4G,Designer Woven Hat,https://images.unsplash.com/photo-1492707892479-7bc8d5a4ee93?w=400,Accessories,TrendyBits,$53.99
B00JW9I0AW,Luxury Printed Earrings,https://images.unsplash.com/photo-1535632066927-ab7c9ab60908?w=400,Jewelry,LuxeJewel,$350.99
B00GTE10QO,Classic Solid Pants,https://images.unsplash.com/photo-1595777457583-95e059d581b8?w=400,Women's Clothing,ChicWear,$36.99
B00LGKMJRU,Classic Leather Dress,https://images.unsplash.com/photo-1595777457583-95e059d581b8?w=400,Women's Clothing,ChicWear,$25.99
B01E88PY6O,Modern Leather Jeans,https://images.unsplash.com/photo-1586790170083-2f9ceadc732d?w=400,Men's Clothing,UrbanGent,$63.99
B00NB98B0S,Vintage Suede Flats,https://images.unsplash.com/photo-1542291026-7eec264c27ff?w=400,Footwear,WalkEasy,$64.99
B005FRC6TQ,Classic Woven Skirt,https://images.unsplash.com/photo-1595777457583-95e059d581b8?w=400,Women's Clothing,ChicWear,$92.99
B000NHWLX4,Essential Wool Messenger Bag,https://images.unsplash.com/photo-1553062407-98eeb64c6a62?w=400,Bags & Luggage,BagMaster,$189.99
B0166NYKKA,Casual Wool Handbag,https://images.unsplash.com/photo-1553062407-98eeb64c6a62?w=400,Bags & Luggage,BagMaster,$51.99
B00AME1D6E,Modern Wool Jacket,https://images.unsplash.com/photo-1586790170083-2f9ceadc732d?w=400,Men's Clothing,UrbanGent,$135.99
B00AMM2JV4,Designer Canvas Hat,https://images.unsplash.com/photo-1492707892479-7bc8d5a4ee93?w=400,Accessories,TrendyBits,$178.99
B014IZVL6E,Trendy Synthetic Suit,https://images.unsplash.com/photo-1586790170083-2f9ceadc732d?w=400,Men's Clothing,UrbanGent,$89.99
B01BQZ2S84,Trendy Cotton Suit,https://images.unsplash.com/photo-1586790170083-2f9ceadc732d?w=400,Men's Clothing,UrbanGent,$49.99
B00B1FS6YA,Modern Leather T-Shirt,https://images.unsplash.com/photo-1586790170083-2f9ceadc732d?w=400,Men's Clothing,UrbanGent,$21.99
B0126AFJKW,Designer Printed Gloves,https://images.unsplash.com/photo-1492707892479-7bc8d5a4ee93?w=400,Accessories,TrendyBits,$125.99
B018U1Q75W,Designer Synthetic Gloves,https://images.unsplash.com/photo-1492707892479-7bc8d5a4ee93?w=400,Accessories,TrendyBits,$185.99
B00QLPWTZW,Designer Woven Tie,https://images.unsplash.com/photo-1492707892479-7bc8d5a4ee93?w=400,Accessories,TrendyBits,$54.99
B00YMMIO7I,Premium Woven Tie,https://images.unsplash.com/photo-1492707892479-7bc8d5a4ee93?w=400,Accessories,TrendyBits,$114.99
B00N5YK4OK,Designer Printed Watch,https://images.unsplash.com/photo-1492707892479-7bc8d5a4ee93?w=400,Accessories,TrendyBits,$142.99
B01DZLBRDE,Designer Denim Watch,https://images.unsplash.com/photo-1492707892479-7bc8d5a4ee93?w=400,Accessories,TrendyBits,$82.99
B00BAY47TK,Classic Solid Cardigan,https://images.unsplash.com/photo-1595777457583-95e059d581b8?w=400,Women's Clothing,ChicWear,$49.99
B018HSDTWW,Premium Silk Tie,https://images.unsplash.com/photo-1492707892479-7bc8d5a4ee93?w=400,Accessories,TrendyBits,$164.99
B00N3XGK82,Modern Knit Jeans,https://images.unsplash.com/photo-1586790170083-2f9ceadc732d?w=400,Men's Clothing,UrbanGent,$113.99
B00WDZ1900,Essential Leather Messenger Bag,https://images.unsplash.com/photo-1553062407-98eeb64c6a62?w=400,Bags & Luggage,BagMaster,$99.99
B00VSSMVTQ,Classic Leather Cardigan,https://images.unsplash.com/photo-1595777457583-95e059d581b8?w=400,Women's Clothing,ChicWear,$44.99
B00YRYKZAA,Casual Knit Suitcase,https://images.unsplash.com/photo-1553062407-98eeb64c6a62?w=400,Bags & Luggage,BagMaster,$135.99
B000BPGALM,Vintage Cotton Flats,https://images.unsplash.com/photo-1542291026-7eec264c27ff?w=400,Footwear,WalkEasy,$124.99
B019FA415U,Trendy Solid Jeans,https://images.unsplash.com/photo-1586790170083-2f9ceadc732d?w=400,Men's Clothing,UrbanGent,$133.99
B014V01C1K,Modern Synthetic Hoodie,https://images.unsplash.com/photo-1586790170083-2f9ceadc732d?w=400,Men's Clothing,UrbanGent,$97.99
B00N1MZFWC,Essential Woven Crossbody,https://images.unsplash.com/photo-1553062407-98eeb64c6a62?w=400,Bags & Luggage,BagMaster,$63.99
B019FS0RKU,Casual Synthetic Suitcase,https://images.unsplash.com/photo-1553062407-98eeb64c6a62?w=400,Bags & Luggage,BagMaster,$201.99
B01DQAS5K2,Modern Printed T-Shirt,https://images.unsplash.com/photo-1586790170083-2f9ceadc732d?w=400,Men's Clothing,UrbanGent,$131.99
B00YUAJA1Q,Essential Silk Messenger Bag,https://images.unsplash.com/photo-1553062407-98eeb64c6a62?w=400,Bags & Luggage,BagMaster,$135.99
B01FT0M332,Trendy Suede T-Shirt,https://images.unsplash.com/photo-1586790170083-2f9ceadc732d?w=400,Men's Clothing,UrbanGent,$121.99
B0055AK3KM,Trendy Cotton Hoodie,https://images.unsplash.com/photo-1586790170083-2f9ceadc732d?w=400,Men's Clothing,UrbanGent,$27.99
B00C1MDJFS,Premium Leather Wallet,https://images.unsplash.com/photo-1492707892479-7bc8d5a4ee93?w=400,Accessories,TrendyBits,$41.99
B00JP3EKZO,Elegant Leather Necklace,https://images.unsplash.com/photo-1535632066927-ab7c9ab60908?w=400,Jewelry,LuxeJewel,$376.99
B00C97FK6Q,Essential Knit Messenger Bag,https://images.unsplash.com/photo-1553062407-98eeb64c6a62?w=400,Bags & Luggage,BagMaster,$159.99
B017LTWY92,Luxury Solid Earrings,https://images.unsplash.com/photo-1535632066927-ab7c9ab60908?w=400,Jewelry,LuxeJewel,$498.99
B010IOUOSK,Elegant Leather Pendant,https://images.unsplash.com/photo-1535632066927-ab7c9ab60908?w=400,Jewelry,LuxeJewel,$266.99
B00MXF0QRC,Trendy Leather Jeans,https://images.unsplash.com/photo-1586790170083-2f9ceadc732d?w=400,Men's Clothing,UrbanGent,$93.99
B00JNW8SRI,Designer Canvas Hat,https://images.unsplash.com/photo-1492707892479-7bc8d5a4ee93?w=400,Accessories,TrendyBits,$88.99
B01AMADUW2,Elegant Leather Pendant,https://images.unsplash.com/photo-1535632066927-ab7c9ab60908?w=400,Jewelry,LuxeJewel,$162.99
B00T4CRAS0,Premium Leather Gloves,https://images.unsplash.com/photo-1492707892479-7bc8d5a4ee93?w=400,Accessories,TrendyBits,$45.99
B01DGM8WSK,Luxury Solid Earrings,https://images.unsplash.com/photo-1535632066927-ab7c9ab60908?w=400,Jewelry,LuxeJewel,$38.99
B00JM6F8D2,Luxury Canvas Earrings,https://images.unsplash.com/photo-1535632066927-ab7c9ab60908?w=400,Jewelry,LuxeJewel,$290.99
B010EZTTZM,Classic Silk Skirt,https://images.unsplash.com/photo-1595777457583-95e059d581b8?w=400,Women's Clothing,ChicWear,$62.99
B01DBINY5U,Classic Synthetic Cardigan,https://images.unsplash.com/photo-1595777457583-95e059d581b8?w=400,Women's Clothing,ChicWear,$59.99
B01DB39CII,Trendy Knit Jeans,https://images.unsplash.com/photo-1586790170083-2f9ceadc732d?w=400,Men's Clothing,UrbanGent,$143.99
B00WZZLJBW,Modern Leather Jacket,https://images.unsplash.com/photo-1586790170083-2f9ceadc732d?w=400,Men's Clothing,UrbanGent,$75.99
B00RCYL2RW,Comfortable Wool Skirt,https://images.unsplash.com/photo-1595777457583-95e059d581b8?w=400,Women's Clothing,ChicWear,$87.99
B0156AMM68,Casual Leather Suitcase,https://images.unsplash.com/photo-1553062407-98eeb64c6a62?w=400,Bags & Luggage,BagMaster,$219.99
B014PK4YIE,Comfortable Synthetic Dress,https://images.unsplash.com/photo-1595777457583-95e059d581b8?w=400,Women's Clothing,ChicWear,$30.99
B014PK4QF0,Trendy Leather Hoodie,https://images.unsplash.com/photo-1586790170083-2f9ceadc732d?w=400,Men's Clothing,UrbanGent,$57.99
B01D9JBQ3S,Essential Denim Messenger Bag,https://images.unsplash.com/photo-1553062407-98eeb64c6a62?w=400,Bags & Luggage,BagMaster,$213.99
B011BLWAHC,Premium Knit Hat,https://images.unsplash.com/photo-1492707892479-7bc8d5a4ee93?w=400,Accessories,TrendyBits,$73.99
B00OVETK0M,Modern Knit Suit,https://images.unsplash.com/photo-1586790170083-2f9ceadc732d?w=400,Men's Clothing,UrbanGent,$149.99
B00DC86OAW,Essential Leather Messenger Bag,https://images.unsplash.com/photo-1553062407-98eeb64c6a62?w=400,Bags & Luggage,BagMaster,$51.99
B00Q3YAIQ8,Essential Solid Messenger Bag,https://images.unsplash.com/photo-1553062407-98eeb64c6a62?w=400,Bags & Luggage,BagMaster,$183.99
B01D54BP9M,Modern Leather Jeans,https://images.unsplash.com/photo-1586790170083-2f9ceadc732d?w=400,Men's Clothing,UrbanGent,$133.99
B00WMAVRF8,Designer Silk Watch,https://images.unsplash.com/photo-1492707892479-7bc8d5a4ee93?w=400,Accessories,TrendyBits,$27.99
B01CCVTKGE,Comfortable Knit Cardigan,https://images.unsplash.com/photo-1595777457583-95e059d581b8?w=400,Women's Clothing,ChicWear,$94.99
B00WVTZR60,Elegant Printed Pendant,https://images.unsplash.com/photo-1535632066927-ab7c9ab60908?w=400,Jewelry,LuxeJewel,$180.99
B012SZ1U08,Stylish Solid Sandals,https://images.unsplash.com/photo-1542291026-7eec264c27ff?w=400,Footwear,WalkEasy,$74.99
B00TQ882XO,Stylish Wool Sandals,https://images.unsplash.com/photo-1542291026-7eec264c27ff?w=400,Footwear,WalkEasy,$49.99
B00DT6G0GK,Luxury Canvas Earrings,https://images.unsplash.com/photo-1535632066927-ab7c9ab60908?w=400,Jewelry,LuxeJewel,$154.99
B019PL7RJ6,Classic Synthetic Jacket,https://images.unsplash.com/photo-1595777457583-95e059d581b8?w=400,Women's Clothing,ChicWear,$108.99
B00IG1FJA6,Vintage Knit Sneakers,https://images.unsplash.com/photo-1542291026-7eec264c27ff?w=400,Footwear,WalkEasy,$122.99
B00JARP7K2,Modern Synthetic Suit,https://images.unsplash.com/photo-1586790170083-2f9ceadc732d?w=400,Men's Clothing,UrbanGent,$79.99
B00E6GQ04E,Modern Wool Suit,https://images.unsplash.com/photo-1586790170083-2f9ceadc732d?w=400,Men's Clothing,UrbanGent,$139.99
B01863ZG88,Stylish Wool Running Shoes,https://images.unsplash.com/photo-1542291026-7eec264c27ff?w=400,Footwear,WalkEasy,$152.99
B00VPRUSXG,Vintage Solid Sneakers,https://images.unsplash.com/photo-1542291026-7eec264c27ff?w=400,Footwear,WalkEasy,$70.99
B00KLABLAM,Vintage Denim Sneakers,https://images.unsplash.com/photo-1542291026-7eec264c27ff?w=400,Footwear,WalkEasy,$62.99
B00K72IOKY,Elegant Suede Necklace,https://images.unsplash.com/photo-1535632066927-ab7c9ab60908?w=400,Jewelry,LuxeJewel,$30.99
B01APUXESE,Comfortable Denim Skirt,https://images.unsplash.com/photo-1595777457583-95e059d581b8?w=400,Women's Clothing,ChicWear,$112.99
B00M2QYHIG,Luxury Printed Brooch,https://images.unsplash.com/photo-1535632066927-ab7c9ab60908?w=400,Jewelry,LuxeJewel,$494.99
B01CG6N4AS,Designer Suede Tie,https://images.unsplash.com/photo-1492707892479-7bc8d5a4ee93?w=400,Accessories,TrendyBits,$49.99
B019W1ODDM,Modern Leather T-Shirt,https://images.unsplash.com/photo-1586790170083-2f9ceadc732d?w=400,Men's Clothing,UrbanGent,$21.99
B005FRC6UK,Trendy Suede Hoodie,https://images.unsplash.com/photo-1586790170083-2f9ceadc732d?w=400,Men's Clothing,UrbanGent,$47.99
B00WOXQ7F8,Classic Canvas Cardigan,https://images.unsplash.com/photo-1595777457583-95e059d581b8?w=400,Women's Clothing,ChicWear,$64.99
B016C8XVLS,Luxury Cotton Brooch,https://images.unsplash.com/photo-1535632066927-ab7c9ab60908?w=400,Jewelry,LuxeJewel,$216.99
B00YSGQ5OM,Premium Canvas Watch,https://images.unsplash.com/photo-1492707892479-7bc8d5a4ee93?w=400,Accessories,TrendyBits,$62.99
B01D4VWKEA,Comfortable Canvas Pants,https://images.unsplash.com/photo-1595777457583-95e059d581b8?w=400,Women's Clothing,ChicWear,$111.99
B0116L542U,Classic Printed Jacket,https://images.unsplash.com/photo-1595777457583-95e059d581b8?w=400,Women's Clothing,ChicWear,$33.99
B00LMUA8MC,Elegant Synthetic Pendant,https://images.unsplash.com/photo-1535632066927-ab7c9ab60908?w=400,Jewelry,LuxeJewel,$300.99
B015IOL4YS,Premium Cotton Gloves,https://images.unsplash.com/photo-1492707892479-7bc8d5a4ee93?w=400,Accessories,TrendyBits,$85.99
B01HH3WM7Q,Premium Denim Tie,https://images.unsplash.com/photo-1492707892479-7bc8d5a4ee93?w=400,Accessories,TrendyBits,$69.99
B01GJ4DX9A,Vintage Printed Flats,https://images.unsplash.com/photo-1542291026-7eec264c27ff?w=400,Footwear,WalkEasy,$101.99
B00T73DFIU,Casual Canvas Suitcase,https://images.unsplash.com/photo-1553062407-98eeb64c6a62?w=400,Bags & Luggage,BagMaster,$159.99
B01546QCLA,Classic Solid Dress,https://images.unsplash.com/photo-1595777457583-95e059d581b8?w=400,Women's Clothing,ChicWear,$100.99
B010RY7B7I,Trendy Knit T-Shirt,https://images.unsplash.com/photo-1586790170083-2f9ceadc732d?w=400,Men's Clothing,UrbanGent,$121.99
B01DELGUTG,Designer Knit Gloves,https://images.unsplash.com/photo-1492707892479-7bc8d5a4ee93?w=400,Accessories,TrendyBits,$90.99
B01AR727IS,Stylish Silk Running Shoes,https://images.unsplash.com/photo-1542291026-7eec264c27ff?w=400,Footwear,WalkEasy,$90.99
B00AIIQJP4,Comfortable Solid Dress,https://images.unsplash.com/photo-1595777457583-95e059d581b8?w=400,Women's Clothing,ChicWear,$110.99
B00PGPOTSI,Elegant Denim Necklace,https://images.unsplash.com/photo-1535632066927-ab7c9ab60908?w=400,Jewelry,LuxeJewel,$188.99
B00VNFTM00,Premium Suede Hat,https://images.unsplash.com/photo-1492707892479-7bc8d5a4ee93?w=400,Accessories,TrendyBits,$158.99
B00GUNHBDU,Modern Leather T-Shirt,https://images.unsplash.com/photo-1586790170083-2f9ceadc732d?w=400,Men's Clothing,UrbanGent,$51.99
B01CCNFDMW,Stylish Silk Running Shoes,https://images.unsplash.com/photo-1542291026-7eec264c27ff?w=400,Footwear,WalkEasy,$76.99
B01D4ZPYAS,Elegant Denim Pendant,https://images.unsplash.com/photo-1535632066927-ab7c9ab60908?w=400,Jewelry,LuxeJewel,$220.99
B017QVB0CM,Casual Knit Suitcase,https://images.unsplash.com/photo-1553062407-98eeb64c6a62?w=400,Bags & Luggage,BagMaster,$45.99
B00KKOM28Y,Luxury Suede Brooch,https://images.unsplash.com/photo-1535632066927-ab7c9ab60908?w=400,Jewelry,LuxeJewel,$160.99
B00Q3M03I8,Classic Woven Pants,https://images.unsplash.com/photo-1595777457583-95e059d581b8?w=400,Women's Clothing,ChicWear,$51.99
B00PGLUW10,Modern Leather Suit,https://images.unsplash.com/photo-1586790170083-2f9ceadc732d?w=400,Men's Clothing,UrbanGent,$99.99
B00MXEXTEK,Casual Wool Suitcase,https://images.unsplash.com/photo-1553062407-98eeb64c6a62?w=400,Bags & Luggage,BagMaster,$51.99
B00D72FM10,Comfortable Canvas Dress,https://images.unsplash.com/photo-1595777457583-95e059d581b8?w=400,Women's Clothing,ChicWear,$80.99
B00M53J9UC,Comfortable Solid Dress,https://images.unsplash.com/photo-1595777457583-95e059d581b8?w=400,Women's Clothing,ChicWear,$25.99
B00YETA26A,Stylish Cotton Sandals,https://images.unsplash.com/photo-1542291026-7eec264c27ff?w=400,Footwear,WalkEasy,$137.99
B01EDQ9AD4,Essential Silk Messenger Bag,https://images.unsplash.com/photo-1553062407-98eeb64c6a62?w=400,Bags & Luggage,BagMaster,$45.99
B01AN1LLGW,Stylish Canvas Sandals,https://images.unsplash.com/photo-1542291026-7eec264c27ff?w=400,Footwear,WalkEasy,$95.99
B00IYF4OKA,Casual Suede Suitcase,https://images.unsplash.com/photo-1553062407-98eeb64c6a62?w=400,Bags & Luggage,BagMaster,$147.99
B015MMA0GO,Stylish Knit Running Shoes,https://images.unsplash.com/photo-1542291026-7eec264c27ff?w=400,Footwear,WalkEasy,$45.99
B01DO8ZRRU,Luxury Leather Brooch,https://images.unsplash.com/photo-1535632066927-ab7c9ab60908?w=400,Jewelry,LuxeJewel,$252.99
B00N1WSXQM,Trendy Cotton Jacket,https://images.unsplash.com/photo-1586790170083-2f9ceadc732d?w=400,Men's Clothing,UrbanGent,$75.99
B012V87MSQ,Premium Silk Gloves,https://images.unsplash.com/photo-1492707892479-7bc8d5a4ee93?w=400,Accessories,TrendyBits,$70.99
B01DXLAICC,Modern Leather T-Shirt,https://images.unsplash.com/photo-1586790170083-2f9ceadc732d?w=400,Men's Clothing,UrbanGent,$141.99
B01BUIEZBU,Comfortable Cotton Dress,https://images.unsplash.com/photo-1595777457583-95e059d581b8?w=400,Women's Clothing,ChicWear,$95.99
B00PIAU2AA,Vintage Cotton Flats,https://images.unsplash.com/photo-1542291026-7eec264c27ff?w=400,Footwear,WalkEasy,$155.99
B013WJFKNM,Classic Leather Pants,https://images.unsplash.com/photo-1595777457583-95e059d581b8?w=400,Women's Clothing,ChicWear,$61.99
B01D2F41ZE,Casual Suede Handbag,https://images.unsplash.com/photo-1553062407-98eeb64c6a62?w=400,Bags & Luggage,BagMaster,$177.99
B0155WL9KM,Essential Knit Crossbody,https://images.unsplash.com/photo-1553062407-98eeb64c6a62?w=400,Bags & Luggage,BagMaster,$123.99
B00KX06BLE,Casual Suede Handbag,https://images.unsplash.com/photo-1553062407-98eeb64c6a62?w=400,Bags & Luggage,BagMaster,$153.99
B00CJUHGRY,Premium Denim Watch,https://images.unsplash.com/photo-1492707892479-7bc8d5a4ee93?w=400,Accessories,TrendyBits,$72.99
B01FX5MXBK,Casual Synthetic Handbag,https://images.unsplash.com/photo-1553062407-98eeb64c6a62?w=400,Bags & Luggage,BagMaster,$201.99
B000EE1NNA,Modern Leather Jacket,https://images.unsplash.com/photo-1586790170083-2f9ceadc732d?w=400,Men's Clothing,UrbanGent,$75.99
B01FH9J4PA,Casual Denim Suitcase,https://images.unsplash.com/photo-1553062407-98eeb64c6a62?w=400,Bags & Luggage,BagMaster,$249.99
B01DJZYADA,Designer Leather Watch,https://images.unsplash.com/photo-1492707892479-7bc8d5a4ee93?w=400,Accessories,TrendyBits,$142.99
B01H32O0VW,Comfortable Wool Skirt,https://images.unsplash.com/photo-1595777457583-95e059d581b8?w=400,Women's Clothing,ChicWear,$87.99
B00D2ZT1VO,Trendy Suede Suit,https://images.unsplash.com/photo-1586790170083-2f9ceadc732d?w=400,Men's Clothing,UrbanGent,$99.99
B009RE1ACM,Vintage Solid Sneakers,https://images.unsplash.com/photo-1542291026-7eec264c27ff?w=400,Footwear,WalkEasy,$35.99
B00VVW2UFY,Vintage Suede Sneakers,https://images.unsplash.com/photo-1542291026-7eec264c27ff?w=400,Footwear,WalkEasy,$157.99
B00L9XB1G4,Vintage Printed Flats,https://images.unsplash.com/photo-1542291026-7eec264c27ff?w=400,Footwear,WalkEasy,$109.99
B01EB2E2A6,Luxury Printed Brooch,https://images.unsplash.com/photo-1535632066927-ab7c9ab60908?w=400,Jewelry,LuxeJewel,$114.99
B01AZ4R5Q2,Modern Suede Jeans,https://images.unsplash.com/photo-1586790170083-2f9ceadc732d?w=400,Men's Clothing,UrbanGent,$93.99
B01HEKVGO2,Premium Woven Watch,https://images.unsplash.com/photo-1492707892479-7bc8d5a4ee93?w=400,Accessories,TrendyBits,$97.99
B01DVXXI6A,Elegant Knit Necklace,https://images.unsplash.com/photo-1535632066927-ab7c9ab60908?w=400,Jewelry,LuxeJewel,$376.99
B00PJEDJH8,Designer Solid Watch,https://images.unsplash.com/photo-1492707892479-7bc8d5a4ee93?w=400,Accessories,TrendyBits,$72.99
B00MFC356C,Essential Solid Crossbody,https://images.unsplash.com/photo-1553062407-98eeb64c6a62?w=400,Bags & Luggage,BagMaster,$207.99
B01EWYVFJ4,Modern Wool Jeans,https://images.unsplash.com/photo-1586790170083-2f9ceadc732d?w=400,Men's Clothing,UrbanGent,$103.99
B01E5GZU1S,Premium Suede Gloves,https://images.unsplash.com/photo-1492707892479-7bc8d5a4ee93?w=400,Accessories,TrendyBits,$35.99
B00EZK4IIG,Designer Denim Hat,https://images.unsplash.com/photo-1492707892479-7bc8d5a4ee93?w=400,Accessories,TrendyBits,$78.99
B015NTF00M,Trendy Solid T-Shirt,https://images.unsplash.com/photo-1586790170083-2f9ceadc732d?w=400,Men's Clothing,UrbanGent,$101.99
B00AW81X1U,Casual Cotton Handbag,https://images.unsplash.com/photo-1553062407-98eeb64c6a62?w=400,Bags & Luggage,BagMaster,$207.99
B013QT70VI,Luxury Knit Earrings,https://images.unsplash.com/photo-1535632066927-ab7c9ab60908?w=400,Jewelry,LuxeJewel,$34.99
B00M0FS136,Designer Suede Tie,https://images.unsplash.com/photo-1492707892479-7bc8d5a4ee93?w=400,Accessories,TrendyBits,$184.99
B0002RG604,Vintage Wool Flats,https://images.unsplash.com/photo-1542291026-7eec264c27ff?w=400,Footwear,WalkEasy,$64.99
B00LMUPEGC,Luxury Denim Brooch,https://images.unsplash.com/photo-1535632066927-ab7c9ab60908?w=400,Jewelry,LuxeJewel,$72.99
B003KPDW02,Vintage Solid Sneakers,https://images.unsplash.com/photo-1542291026-7eec264c27ff?w=400,Footwear,WalkEasy,$102.99
B01C2SWO0G,Vintage Synthetic Flats,https://images.unsplash.com/photo-1542291026-7eec264c27ff?w=400,Footwear,WalkEasy,$146.99
B01095XYCQ,Essential Silk Messenger Bag,https://images.unsplash.com/photo-1553062407-98eeb64c6a62?w=400,Bags & Luggage,BagMaster,$63.99
B01A6VBQX2,Vintage Canvas Sneakers,https://images.unsplash.com/photo-1542291026-7eec264c27ff?w=400,Footwear,WalkEasy,$131.99
B00Q2M2C6A,Modern Leather Jeans,https://images.unsplash.com/photo-1586790170083-2f9ceadc732d?w=400,Men's Clothing,UrbanGent,$53.99
B00LMCTQDW,Modern Canvas Suit,https://images.unsplash.com/photo-1586790170083-2f9ceadc732d?w=400,Men's Clothing,UrbanGent,$49.99
B01FSBNOKI,Essential Canvas Crossbody,https://images.unsplash.com/photo-1553062407-98eeb64c6a62?w=400,Bags & Luggage,BagMaster,$93.99
B00WU9BZFS,Trendy Knit Jeans,https://images.unsplash.com/photo-1586790170083-2f9ceadc732d?w=400,Men's Clothing,UrbanGent,$123.99
B00OD09VQW,Casual Knit Suitcase,https://images.unsplash.com/photo-1553062407-98eeb64c6a62?w=400,Bags & Luggage,BagMaster,$123.99
B012NBIBVS,Vintage Cotton Sneakers,https://images.unsplash.com/photo-1542291026-7eec264c27ff?w=400,Footwear,WalkEasy,$42.99
B00FDND7AE,Elegant Synthetic Pendant,https://images.unsplash.com/photo-1535632066927-ab7c9ab60908?w=400,Jewelry,LuxeJewel,$246.99
B00KA4EFFW,Essential Woven Messenger Bag,https://images.unsplash.com/photo-1553062407-98eeb64c6a62?w=400,Bags & Luggage,BagMaster,$219.99
B0186PIYHG,Luxury Cotton Earrings,https://images.unsplash.com/photo-1535632066927-ab7c9ab60908?w=400,Jewelry,LuxeJewel,$234.99
B00FO26KFS,Vintage Silk Flats,https://images.unsplash.com/photo-1542291026-7eec264c27ff?w=400,Footwear,WalkEasy,$171.99
B00V01TNJM,Vintage Solid Sneakers,https://images.unsplash.com/photo-1542291026-7eec264c27ff?w=400,Footwear,WalkEasy,$61.99
B00F62H9RE,Casual Synthetic Suitcase,https://images.unsplash.com/photo-1553062407-98eeb64c6a62?w=400,Bags & Luggage,BagMaster,$183.99
B00W1JMXEO,Elegant Suede Necklace,https://images.unsplash.com/photo-1535632066927-ab7c9ab60908?w=400,Jewelry,LuxeJewel,$234.99
B01DO3HLUQ,Stylish Suede Sandals,https://images.unsplash.com/photo-1542291026-7eec264c27ff?w=400,Footwear,WalkEasy,$132.99
B00IOF5X28,Stylish Silk Sandals,https://images.unsplash.com/photo-1542291026-7eec264c27ff?w=400,Footwear,WalkEasy,$78.99
B01DLFGWY8,Designer Knit Wallet,https://images.unsplash.com/photo-1492707892479-7bc8d5a4ee93?w=400,Accessories,TrendyBits,$86.99
B00GT24JFU,Casual Woven Suitcase,https://images.unsplash.com/photo-1553062407-98eeb64c6a62?w=400,Bags & Luggage,BagMaster,$177.99
B015ZP1VZW,Luxury Wool Brooch,https://images.unsplash.com/photo-1535632066927-ab7c9ab60908?w=400,Jewelry,LuxeJewel,$270.99
B00B97TOLY,Casual Synthetic Handbag,https://images.unsplash.com/photo-1553062407-98eeb64c6a62?w=400,Bags & Luggage,BagMaster,$123.99
B01CN8P8D0,Modern Knit Hoodie,https://images.unsplash.com/photo-1586790170083-2f9ceadc732d?w=400,Men's Clothing,UrbanGent,$137.99
B01DB8VH3G,Classic Canvas Skirt,https://images.unsplash.com/photo-1595777457583-95e059d581b8?w=400,Women's Clothing,ChicWear,$107.99
B01C52SOAS,Casual Solid Handbag,https://images.unsplash.com/photo-1553062407-98eeb64c6a62?w=400,Bags & Luggage,BagMaster,$75.99
B00IYETUAA,Stylish Printed Running Shoes,https://images.unsplash.com/photo-1542291026-7eec264c27ff?w=400,Footwear,WalkEasy,$170.99
B00P8NSJDY,Trendy Woven Suit,https://images.unsplash.com/photo-1586790170083-2f9ceadc732d?w=400,Men's Clothing,UrbanGent,$59.99
B00PERMAZM,Luxury Silk Brooch,https://images.unsplash.com/photo-1535632066927-ab7c9ab60908?w=400,Jewelry,LuxeJewel,$288.99
B01EIXUM3E,Luxury Wool Brooch,https://images.unsplash.com/photo-1535632066927-ab7c9ab60908?w=400,Jewelry,LuxeJewel,$438.99
B01DHS8EX6,Vintage Solid Sneakers,https://images.unsplash.com/photo-1542291026-7eec264c27ff?w=400,Footwear,WalkEasy,$41.99
B016E6ELXA,Stylish Printed Running Shoes,https://images.unsplash.com/photo-1542291026-7eec264c27ff?w=400,Footwear,WalkEasy,$170.99
B00HUH8LP2,Trendy Silk Hoodie,https://images.unsplash.com/photo-1586790170083-2f9ceadc732d?w=400,Men's Clothing,UrbanGent,$117.99
B01825O37A,Premium Leather Hat,https://images.unsplash.com/photo-1492707892479-7bc8d5a4ee93?w=400,Accessories,TrendyBits,$158.99
B01GZITBZA,Essential Denim Crossbody,https://images.unsplash.com/photo-1553062407-98eeb64c6a62?w=400,Bags & Luggage,BagMaster,$201.99
B019MU4AOU,Vintage Woven Sneakers,https://images.unsplash.com/photo-1542291026-7eec264c27ff?w=400,Footwear,WalkEasy,$139.99
B009RE0GZ4,Comfortable Denim Skirt,https://images.unsplash.com/photo-1595777457583-95e059d581b8?w=400,Women's Clothing,ChicWear,$62.99
B01D5PN670,Comfortable Leather Pants,https://images.unsplash.com/photo-1595777457583-95e059d581b8?w=400,Women's Clothing,ChicWear,$111.99
B00ILVKB0Y,Elegant Printed Necklace,https://images.unsplash.com/photo-1535632066927-ab7c9ab60908?w=400,Jewelry,LuxeJewel,$270.99
B0096WYFPY,Classic Printed Cardigan,https://images.unsplash.com/photo-1595777457583-95e059d581b8?w=400,Women's Clothing,ChicWear,$109.99
B00R70UT2A,Comfortable Leather Jacket,https://images.unsplash.com/photo-1595777457583-95e059d581b8?w=400,Women's Clothing,ChicWear,$68.99
B015OOHPV8,Vintage Woven Flats,https://images.unsplash.com/photo-1542291026-7eec264c27ff?w=400,Footwear,WalkEasy,$156.99
B00JFW30JW,Premium Silk Gloves,https://images.unsplash.com/photo-1492707892479-7bc8d5a4ee93?w=400,Accessories,TrendyBits,$45.99
B00EYDNSM6,Vintage Canvas Flats,https://images.unsplash.com/photo-1542291026-7eec264c27ff?w=400,Footwear,WalkEasy,$148.99
B0061U5XFA,Essential Canvas Messenger Bag,https://images.unsplash.com/photo-1553062407-98eeb64c6a62?w=400,Bags & Luggage,BagMaster,$63.99
B00KA3R3M0,Stylish Synthetic Sandals,https://images.unsplash.com/photo-1542291026-7eec264c27ff?w=400,Footwear,WalkEasy,$176.99
B01C06M84M,Trendy Denim Jeans,https://images.unsplash.com/photo-1586790170083-2f9ceadc732d?w=400,Men's Clothing,UrbanGent,$123.99
B00X6CCK9I,Premium Denim Hat,https://images.unsplash.com/photo-1492707892479-7bc8d5a4ee93?w=400,Accessories,TrendyBits,$23.99
B0167ZFTSY,Stylish Woven Running Shoes,https://images.unsplash.com/photo-1542291026-7eec264c27ff?w=400,Footwear,WalkEasy,$123.99
B00BFJ8S7C,Classic Silk Pants,https://images.unsplash.com/photo-1595777457583-95e059d581b8?w=400,Women's Clothing,ChicWear,$81.99
B017KPEZS0,Comfortable Printed Skirt,https://images.unsplash.com/photo-1595777457583-95e059d581b8?w=400,Women's Clothing,ChicWear,$67.99
B01EWWBG68,Elegant Wool Necklace,https://images.unsplash.com/photo-1535632066927-ab7c9ab60908?w=400,Jewelry,LuxeJewel,$324.99
B00H341XJ8,Comfortable Cotton Cardigan,https://images.unsplash.com/photo-1595777457583-95e059d581b8?w=400,Women's Clothing,ChicWear,$79.99
B00VPQY5SQ,Trendy Woven Suit,https://images.unsplash.com/photo-1586790170083-2f9ceadc732d?w=400,Men's Clothing,UrbanGent,$49.99
B01EQSFABK,Comfortable Suede Jacket,https://images.unsplash.com/photo-1595777457583-95e059d581b8?w=400,Women's Clothing,ChicWear,$83.99
B00APSGSRG,Luxury Woven Earrings,https://images.unsplash.com/photo-1535632066927-ab7c9ab60908?w=400,Jewelry,LuxeJewel,$60.99
B00VPR0O6C,Vintage Cotton Flats,https://images.unsplash.com/photo-1542291026-7eec264c27ff?w=400,Footwear,WalkEasy,$110.99
B00LXKK98O,Designer Leather Tie,https://images.unsplash.com/photo-1492707892479-7bc8d5a4ee93?w=400,Accessories,TrendyBits,$19.99
B00KHYFE46,Vintage Wool Sneakers,https://images.unsplash.com/photo-1542291026-7eec264c27ff?w=400,Footwear,WalkEasy,$95.99
B00TZIVQRO,Modern Synthetic Suit,https://images.unsplash.com/photo-1586790170083-2f9ceadc732d?w=400,Men's Clothing,UrbanGent,$99.99
B017QS0FBC,Modern Knit T-Shirt,https://images.unsplash.com/photo-1586790170083-2f9ceadc732d?w=400,Men's Clothing,UrbanGent,$21.99
B00B8XYZ18,Premium Knit Watch,https://images.unsplash.com/photo-1492707892479-7bc8d5a4ee93?w=400,Accessories,TrendyBits,$62.99
B013QN3M3Y,Premium Canvas Watch,https://images.unsplash.com/photo-1492707892479-7bc8d5a4ee93?w=400,Accessories,TrendyBits,$77.99
B00L28YYBA,Designer Synthetic Gloves,https://images.unsplash.com/photo-1492707892479-7bc8d5a4ee93?w=400,Accessories,TrendyBits,$100.99
B00LGLF93K,Elegant Wool Pendant,https://images.unsplash.com/photo-1535632066927-ab7c9ab60908?w=400,Jewelry,LuxeJewel,$224.99
B00KVN5KVU,Premium Woven Wallet,https://images.unsplash.com/photo-1492707892479-7bc8d5a4ee93?w=400,Accessories,TrendyBits,$116.99
B016ZFO6U8,Luxury Canvas Brooch,https://images.unsplash.com/photo-1535632066927-ab7c9ab60908?w=400,Jewelry,LuxeJewel,$466.99
B01E0UDR8C,Comfortable Leather Dress,https://images.unsplash.com/photo-1595777457583-95e059d581b8?w=400,Women's Clothing,ChicWear,$25.99
B0148INFQU,Essential Canvas Crossbody,https://images.unsplash.com/photo-1553062407-98eeb64c6a62?w=400,Bags & Luggage,BagMaster,$165.99
B00P8FLEFC,Casual Cotton Handbag,https://images.unsplash.com/photo-1553062407-98eeb64c6a62?w=400,Bags & Luggage,BagMaster,$201.99
B014T5LROE,Trendy Knit Jeans,https://images.unsplash.com/photo-1586790170083-2f9ceadc732d?w=400,Men's Clothing,UrbanGent,$43.99
B00WW535YY,Classic Suede Cardigan,https://images.unsplash.com/photo-1595777457583-95e059d581b8?w=400,Women's Clothing,ChicWear,$84.99
B01EFLLZ2G,Elegant Woven Necklace,https://images.unsplash.com/photo-1535632066927-ab7c9ab60908?w=400,Jewelry,LuxeJewel,$116.99
B01GOYNAIO,Casual Cotton Suitcase,https://images.unsplash.com/photo-1553062407-98eeb64c6a62?w=400,Bags & Luggage,BagMaster,$237.99
B01FHVSQ02,Designer Woven Hat,https://images.unsplash.com/photo-1492707892479-7bc8d5a4ee93?w=400,Accessories,TrendyBits,$153.99
B01D8DYOHK,Stylish Woven Sandals,https://images.unsplash.com/photo-1542291026-7eec264c27ff?w=400,Footwear,WalkEasy,$139.99
B01AHPWFO6,Trendy Cotton Suit,https://images.unsplash.com/photo-1586790170083-2f9ceadc732d?w=400,Men's Clothing,UrbanGent,$69.99
B00K2C5KSI,Casual Woven Suitcase,https://images.unsplash.com/photo-1553062407-98eeb64c6a62?w=400,Bags & Luggage,BagMaster,$249.99
B00IOEVN0A,Vintage Cotton Sneakers,https://images.unsplash.com/photo-1542291026-7eec264c27ff?w=400,Footwear,WalkEasy,$46.99
B01BEX93LS,Casual Cotton Suitcase,https://images.unsplash.com/photo-1553062407-98eeb64c6a62?w=400,Bags & Luggage,BagMaster,$177.99
B00SWU2UJO,Casual Printed Handbag,https://images.unsplash.com/photo-1553062407-98eeb64c6a62?w=400,Bags & Luggage,BagMaster,$171.99
B00C3DLHY0,Premium Wool Gloves,https://images.unsplash.com/photo-1492707892479-7bc8d5a4ee93?w=400,Accessories,TrendyBits,$140.99
B00ZHP1JIU,Classic Leather Dress,https://images.unsplash.com/photo-1595777457583-95e059d581b8?w=400,Women's Clothing,ChicWear,$35.99
B01DKBXZZM,Stylish Suede Sandals,https://images.unsplash.com/photo-1542291026-7eec264c27ff?w=400,Footwear,WalkEasy,$145.99
B00CEI7J6O,Trendy Cotton Jacket,https://images.unsplash.com/photo-1586790170083-2f9ceadc732d?w=400,Men's Clothing,UrbanGent,$105.99
B00LMU8KT0,Vintage Denim Sneakers,https://images.unsplash.com/photo-1542291026-7eec264c27ff?w=400,Footwear,WalkEasy,$91.99
B00G40GWNE,Essential Woven Messenger Bag,https://images.unsplash.com/photo-1553062407-98eeb64c6a62?w=400,Bags & Luggage,BagMaster,$243.99
B0141T2ZOY,Comfortable Solid Dress,https://images.unsplash.com/photo-1595777457583-95e059d581b8?w=400,Women's Clothing,ChicWear,$40.99
B00EZT7LGS,Elegant Printed Pendant,https://images.unsplash.com/photo-1535632066927-ab7c9ab60908?w=400,Jewelry,LuxeJewel,$270.99
B00HRDECDY,Vintage Silk Sneakers,https://images.unsplash.com/photo-1542291026-7eec264c27ff?w=400,Footwear,WalkEasy,$122.99
B00G2AYZ1C,Casual Knit Handbag,https://images.unsplash.com/photo-1553062407-98eeb64c6a62?w=400,Bags & Luggage,BagMaster,$171.99
B007ZIKJF6,Casual Suede Suitcase,https://images.unsplash.com/photo-1553062407-98eeb64c6a62?w=400,Bags & Luggage,BagMaster,$63.99
B00SGM1PWG,Vintage Leather Flats,https://images.unsplash.com/photo-1542291026-7eec264c27ff?w=400,Footwear,WalkEasy,$93.99
B00IGVB0S6,Luxury Suede Earrings,https://images.unsplash.com/photo-1535632066927-ab7c9ab60908?w=400,Jewelry,LuxeJewel,$86.99
B00G1LRD3O,Luxury Leather Brooch,https://images.unsplash.com/photo-1535632066927-ab7c9ab60908?w=400,Jewelry,LuxeJewel,$198.99
B018427WM4,Stylish Canvas Sandals,https://images.unsplash.com/photo-1542291026-7eec264c27ff?w=400,Footwear,WalkEasy,$161.99
B00C6F3O8M,Elegant Wool Necklace,https://images.unsplash.com/photo-1535632066927-ab7c9ab60908?w=400,Jewelry,LuxeJewel,$420.99
B00UAD6Q00,Modern Solid Jeans,https://images.unsplash.com/photo-1586790170083-2f9ceadc732d?w=400,Men's Clothing,UrbanGent,$73.99
B016BTJ3GA,Luxury Solid Earrings,https://images.unsplash.com/photo-1535632066927-ab7c9ab60908?w=400,Jewelry,LuxeJewel,$168.99
B00LGMQTNI,Casual Canvas Handbag,https://images.unsplash.com/photo-1553062407-98eeb64c6a62?w=400,Bags & Luggage,BagMaster,$171.99
B00S7YUTB6,Elegant Leather Necklace,https://images.unsplash.com/photo-1535632066927-ab7c9ab60908?w=400,Jewelry,LuxeJewel,$132.99
B00RCTXSY2,Stylish Cotton Running Shoes,https://images.unsplash.com/photo-1542291026-7eec264c27ff?w=400,Footwear,WalkEasy,$38.99
B00J6E7UA4,Designer Knit Tie,https://images.unsplash.com/photo-1492707892479-7bc8d5a4ee93?w=400,Accessories,TrendyBits,$164.99
B01FXJGV4Q,Designer Denim Watch,https://images.unsplash.com/photo-1492707892479-7bc8d5a4ee93?w=400,Accessories,TrendyBits,$172.99
B00KT47KMS,Vintage Printed Flats,https://images.unsplash.com/photo-1542291026-7eec264c27ff?w=400,Footwear,WalkEasy,$106.99
B00EFW58LK,Classic Printed Jacket,https://images.unsplash.com/photo-1595777457583-95e059d581b8?w=400,Women's Clothing,ChicWear,$98.99
B013QLR0DE,Vintage Knit Sneakers,https://images.unsplash.com/photo-1542291026-7eec264c27ff?w=400,Footwear,WalkEasy,$138.99
B018C5DC04,Casual Denim Suitcase,https://images.unsplash.com/photo-1553062407-98eeb64c6a62?w=400,Bags & Luggage,BagMaster,$75.99
B00G7OAPYE,Elegant Canvas Pendant,https://images.unsplash.com/photo-1535632066927-ab7c9ab60908?w=400,Jewelry,LuxeJewel,$128.99
B004URNHFE,Essential Synthetic Messenger Bag,https://images.unsplash.com/photo-1553062407-98eeb64c6a62?w=400,Bags & Luggage,BagMaster,$249.99
B00UFW2EK2,Elegant Silk Necklace,https://images.unsplash.com/photo-1535632066927-ab7c9ab60908?w=400,Jewelry,LuxeJewel,$94.99
B01BRAFBKA,Luxury Denim Earrings,https://images.unsplash.com/photo-1535632066927-ab7c9ab60908?w=400,Jewelry,LuxeJewel,$396.99
B015PUFY2I,Classic Woven Jacket,https://images.unsplash.com/photo-1595777457583-95e059d581b8?w=400,Women's Clothing,ChicWear,$98.99
B00M093I1C,Vintage Woven Sneakers,https://images.unsplash.com/photo-1542291026-7eec264c27ff?w=400,Footwear,WalkEasy,$104.99
B000NV2SUG,Premium Silk Hat,https://images.unsplash.com/photo-1492707892479-7bc8d5a4ee93?w=400,Accessories,TrendyBits,$93.99
B00S7BUMUC,Stylish Cotton Sandals,https://images.unsplash.com/photo-1542291026-7eec264c27ff?w=400,Footwear,WalkEasy,$119.99
B00OFUAUB0,Modern Silk Jeans,https://images.unsplash.com/photo-1586790170083-2f9ceadc732d?w=400,Men's Clothing,UrbanGent,$93.99
B00NUHNDSQ,Stylish Knit Running Shoes,https://images.unsplash.com/photo-1542291026-7eec264c27ff?w=400,Footwear,WalkEasy,$54.99
B001HWBZNQ,Modern Printed Jacket,https://images.unsplash.com/photo-1586790170083-2f9ceadc732d?w=400,Men's Clothing,UrbanGent,$55.99
B00K75B7LY,Vintage Silk Flats,https://images.unsplash.com/photo-1542291026-7eec264c27ff?w=400,Footwear,WalkEasy,$112.99
B00LBS39K8,Stylish Printed Running Shoes,https://images.unsplash.com/photo-1542291026-7eec264c27ff?w=400,Footwear,WalkEasy,$64.99
B00QJOI3QY,Comfortable Solid Dress,https://images.unsplash.com/photo-1595777457583-95e059d581b8?w=400,Women's Clothing,ChicWear,$75.99
B00ZHPVYDU,Trendy Woven T-Shirt,https://images.unsplash.com/photo-1586790170083-2f9ceadc732d?w=400,Men's Clothing,UrbanGent,$111.99
B01G69GP9I,Trendy Leather Jacket,https://images.unsplash.com/photo-1586790170083-2f9ceadc732d?w=400,Men's Clothing,UrbanGent,$65.99
B00KVN2GF8,Premium Cotton Gloves,https://images.unsplash.com/photo-1492707892479-7bc8d5a4ee93?w=400,Accessories,TrendyBits,$85.99
B006ZUA9G4,Vintage Printed Sneakers,https://images.unsplash.com/photo-1542291026-7eec264c27ff?w=400,Footwear,WalkEasy,$81.99
B00HQDD3BW,Classic Silk Dress,https://images.unsplash.com/photo-1595777457583-95e059d581b8?w=400,Women's Clothing,ChicWear,$55.99
B00F0K5C2Q,Comfortable Denim Skirt,https://images.unsplash.com/photo-1595777457583-95e059d581b8?w=400,Women's Clothing,ChicWear,$42.99
B00L5LGC28,Luxury Denim Earrings,https://images.unsplash.com/photo-1535632066927-ab7c9ab60908?w=400,Jewelry,LuxeJewel,$226.99
B0171KDCI8,Stylish Synthetic Running Shoes,https://images.unsplash.com/photo-1542291026-7eec264c27ff?w=400,Footwear,WalkEasy,$130.99
B010P9ZWR6,Premium Canvas Tie,https://images.unsplash.com/photo-1492707892479-7bc8d5a4ee93?w=400,Accessories,TrendyBits,$194.99
B01C72U9T0,Stylish Solid Sandals,https://images.unsplash.com/photo-1542291026-7eec264c27ff?w=400,Footwear,WalkEasy,$115.99
B00H1NLVSE,Essential Suede Messenger Bag,https://images.unsplash.com/photo-1553062407-98eeb64c6a62?w=400,Bags & Luggage,BagMaster,$63.99
B00KK3SB3A,Luxury Cotton Earrings,https://images.unsplash.com/photo-1535632066927-ab7c9ab60908?w=400,Jewelry,LuxeJewel,$280.99
B01DUCKGL2,Stylish Woven Sandals,https://images.unsplash.com/photo-1542291026-7eec264c27ff?w=400,Footwear,WalkEasy,$73.99
B01EZT8VI4,Classic Knit Dress,https://images.unsplash.com/photo-1595777457583-95e059d581b8?w=400,Women's Clothing,ChicWear,$115.99
B01AASKHTU,Casual Silk Handbag,https://images.unsplash.com/photo-1553062407-98eeb64c6a62?w=400,Bags & Luggage,BagMaster,$219.99
B015368CWS,Casual Silk Handbag,https://images.unsplash.com/photo-1553062407-98eeb64c6a62?w=400,Bags & Luggage,BagMaster,$225.99
B01D4ITSK2,Elegant Wool Pendant,https://images.unsplash.com/photo-1535632066927-ab7c9ab60908?w=400,Jewelry,LuxeJewel,$402.99
B00SLH36P0,Designer Synthetic Wallet,https://images.unsplash.com/photo-1492707892479-7bc8d5a4ee93?w=400,Accessories,TrendyBits,$196.99
B00YQBXPE2,Casual Leather Suitcase,https://images.unsplash.com/photo-1553062407-98eeb64c6a62?w=400,Bags & Luggage,BagMaster,$201.99
B00ZUDWWSU,Classic Silk Dress,https://images.unsplash.com/photo-1595777457583-95e059d581b8?w=400,Women's Clothing,ChicWear,$90.99
B013UCVW74,Designer Suede Gloves,https://images.unsplash.com/photo-1492707892479-7bc8d5a4ee93?w=400,Accessories,TrendyBits,$170.99
B01EL5HO4O,Elegant Suede Necklace,https://images.unsplash.com/photo-1535632066927-ab7c9ab60908?w=400,Jewelry,LuxeJewel,$120.99
B00BFF7CGY,Luxury Knit Earrings,https://images.unsplash.com/photo-1535632066927-ab7c9ab60908?w=400,Jewelry,LuxeJewel,$122.99
B0009JI950,Stylish Leather Running Shoes,https://images.unsplash.com/photo-1542291026-7eec264c27ff?w=400,Footwear,WalkEasy,$108.99
B017UVT642,Luxury Solid Earrings,https://images.unsplash.com/photo-1535632066927-ab7c9ab60908?w=400,Jewelry,LuxeJewel,$172.99
B00SKRYPEC,Comfortable Printed Cardigan,https://images.unsplash.com/photo-1595777457583-95e059d581b8?w=400,Women's Clothing,ChicWear,$94.99
B01EDZ7Z7S,Comfortable Silk Dress,https://images.unsplash.com/photo-1595777457583-95e059d581b8?w=400,Women's Clothing,ChicWear,$50.99
B0177LD50G,Casual Denim Suitcase,https://images.unsplash.com/photo-1553062407-98eeb64c6a62?w=400,Bags & Luggage,BagMaster,$69.99
B0182J8Q8I,Elegant Cotton Necklace,https://images.unsplash.com/photo-1535632066927-ab7c9ab60908?w=400,Jewelry,LuxeJewel,$214.99
B018F2PS8S,Premium Silk Watch,https://images.unsplash.com/photo-1492707892479-7bc8d5a4ee93?w=400,Accessories,TrendyBits,$102.99
B017425OJS,Vintage Canvas Sneakers,https://images.unsplash.com/photo-1542291026-7eec264c27ff?w=400,Footwear,WalkEasy,$43.99
B00YH917M0,Casual Denim Suitcase,https://images.unsplash.com/photo-1553062407-98eeb64c6a62?w=400,Bags & Luggage,BagMaster,$141.99
B00P6U64KY,Classic Leather Skirt,https://images.unsplash.com/photo-1595777457583-95e059d581b8?w=400,Women's Clothing,ChicWear,$92.99
B01CRT9E30,Vintage Printed Sneakers,https://images.unsplash.com/photo-1542291026-7eec264c27ff?w=400,Footwear,WalkEasy,$68.99
B00THNXXIW,Designer Denim Hat,https://images.unsplash.com/photo-1492707892479-7bc8d5a4ee93?w=400,Accessories,TrendyBits,$148.99
B00WBAEMRO,Trendy Canvas Hoodie,https://images.unsplash.com/photo-1586790170083-2f9ceadc732d?w=400,Men's Clothing,UrbanGent,$107.99
B015C4JE4Q,Essential Synthetic Messenger Bag,https://images.unsplash.com/photo-1553062407-98eeb64c6a62?w=400,Bags & Luggage,BagMaster,$81.99
B01DVSZPRU,Trendy Synthetic Suit,https://images.unsplash.com/photo-1586790170083-2f9ceadc732d?w=400,Men's Clothing,UrbanGent,$79.99
B019XNOMZI,Modern Silk Jeans,https://images.unsplash.com/photo-1586790170083-2f9ceadc732d?w=400,Men's Clothing,UrbanGent,$93.99
B00X9JLQSE,Classic Suede Dress,https://images.unsplash.com/photo-1595777457583-95e059d581b8?w=400,Women's Clothing,ChicWear,$25.99
B009YFWR0S,Trendy Wool Jeans,https://images.unsplash.com/photo-1586790170083-2f9ceadc732d?w=400,Men's Clothing,UrbanGent,$113.99
B01F6MVSKC,Classic Suede Dress,https://images.unsplash.com/photo-1595777457583-95e059d581b8?w=400,Women's Clothing,ChicWear,$115.99
B017VPXB5M,Premium Cotton Watch,https://images.unsplash.com/photo-1492707892479-7bc8d5a4ee93?w=400,Accessories,TrendyBits,$87.99
B00J6Q8HX6,Luxury Denim Earrings,https://images.unsplash.com/photo-1535632066927-ab7c9ab60908?w=400,Jewelry,LuxeJewel,$316.99
B01COSSVVK,Classic Leather Jacket,https://images.unsplash.com/photo-1595777457583-95e059d581b8?w=400,Women's Clothing,ChicWear,$53.99
B00FR851C2,Premium Suede Gloves,https://images.unsplash.com/photo-1492707892479-7bc8d5a4ee93?w=400,Accessories,TrendyBits,$180.99
B01EKUAHKS,Trendy Denim T-Shirt,https://images.unsplash.com/photo-1586790170083-2f9ceadc732d?w=400,Men's Clothing,UrbanGent,$81.99
B012Z9Q3OK,Comfortable Denim Dress,https://images.unsplash.com/photo-1595777457583-95e059d581b8?w=400,Women's Clothing,ChicWear,$95.99
B00FHO801K,Luxury Knit Earrings,https://images.unsplash.com/photo-1535632066927-ab7c9ab60908?w=400,Jewelry,LuxeJewel,$268.99
B00JTTWBZ0,Trendy Silk T-Shirt,https://images.unsplash.com/photo-1586790170083-2f9ceadc732d?w=400,Men's Clothing,UrbanGent,$141.99
B01A4U7E9U,Elegant Denim Pendant,https://images.unsplash.com/photo-1535632066927-ab7c9ab60908?w=400,Jewelry,LuxeJewel,$484.99
B01595PY2Y,Stylish Printed Running Shoes,https://images.unsplash.com/photo-1542291026-7eec264c27ff?w=400,Footwear,WalkEasy,$40.99
B016K7TTTY,Trendy Knit Jacket,https://images.unsplash.com/photo-1586790170083-2f9ceadc732d?w=400,Men's Clothing,UrbanGent,$45.99
B00JGGOUPA,Essential Printed Crossbody,https://images.unsplash.com/photo-1553062407-98eeb64c6a62?w=400,Bags & Luggage,BagMaster,$69.99
B00WAW086C,Elegant Cotton Pendant,https://images.unsplash.com/photo-1535632066927-ab7c9ab60908?w=400,Jewelry,LuxeJewel,$154.99
B01DEZF0JI,Premium Canvas Tie,https://images.unsplash.com/photo-1492707892479-7bc8d5a4ee93?w=400,Accessories,TrendyBits,$184.99
B00HY4N5TI,Stylish Woven Running Shoes,https://images.unsplash.com/photo-1542291026-7eec264c27ff?w=400,Footwear,WalkEasy,$45.99
B00SNPB6X4,Classic Synthetic Pants,https://images.unsplash.com/photo-1595777457583-95e059d581b8?w=400,Women's Clothing,ChicWear,$101.99
B00VQ1W8FM,Premium Suede Wallet,https://images.unsplash.com/photo-1492707892479-7bc8d5a4ee93?w=400,Accessories,TrendyBits,$181.99
B00M1IS2HC,Modern Knit Hoodie,https://images.unsplash.com/photo-1586790170083-2f9ceadc732d?w=400,Men's Clothing,UrbanGent,$57.99
B00WE15CRY,Classic Printed Skirt,https://images.unsplash.com/photo-1595777457583-95e059d581b8?w=400,Women's Clothing,ChicWear,$112.99
B011E8SQRA,Trendy Cotton T-Shirt,https://images.unsplash.com/photo-1586790170083-2f9ceadc732d?w=400,Men's Clothing,UrbanGent,$31.99
B00X12BMDS,Elegant Solid Pendant,https://images.unsplash.com/photo-1535632066927-ab7c9ab60908?w=400,Jewelry,LuxeJewel,$478.99
B010LTLJUY,Modern Wool T-Shirt,https://images.unsplash.com/photo-1586790170083-2f9ceadc732d?w=400,Men's Clothing,UrbanGent,$31.99
B00CQNT23A,Luxury Synthetic Brooch,https://images.unsplash.com/photo-1535632066927-ab7c9ab60908?w=400,Jewelry,LuxeJewel,$478.99
B00Q3LZXQ6,Comfortable Silk Jacket,https://images.unsplash.com/photo-1595777457583-95e059d581b8?w=400,Women's Clothing,ChicWear,$58.99
B01CHKULTA,Classic Leather Jacket,https://images.unsplash.com/photo-1595777457583-95e059d581b8?w=400,Women's Clothing,ChicWear,$38.99
B01936OUDY,Elegant Printed Necklace,https://images.unsplash.com/photo-1535632066927-ab7c9ab60908?w=400,Jewelry,LuxeJewel,$158.99
B00JXMEA34,Vintage Woven Sneakers,https://images.unsplash.com/photo-1542291026-7eec264c27ff?w=400,Footwear,WalkEasy,$140.99
B01GV0MFS2,Essential Suede Crossbody,https://images.unsplash.com/photo-1553062407-98eeb64c6a62?w=400,Bags & Luggage,BagMaster,$201.99
B019C6CXB6,Casual Wool Handbag,https://images.unsplash.com/photo-1553062407-98eeb64c6a62?w=400,Bags & Luggage,BagMaster,$99.99
B00I0NGM74,Vintage Suede Sneakers,https://images.unsplash.com/photo-1542291026-7eec264c27ff?w=400,Footwear,WalkEasy,$151.99
B00C5ZOPF4,Casual Suede Suitcase,https://images.unsplash.com/photo-1553062407-98eeb64c6a62?w=400,Bags & Luggage,BagMaster,$225.99
B01DGVZW5C,Comfortable Suede Pants,https://images.unsplash.com/photo-1595777457583-95e059d581b8?w=400,Women's Clothing,ChicWear,$111.99
B009PMILQE,Elegant Denim Pendant,https://images.unsplash.com/photo-1535632066927-ab7c9ab60908?w=400,Jewelry,LuxeJewel,$338.99
B00SGQYH36,Essential Canvas Crossbody,https://images.unsplash.com/photo-1553062407-98eeb64c6a62?w=400,Bags & Luggage,BagMaster,$153.99
B00NAUNI1A,Elegant Wool Necklace,https://images.unsplash.com/photo-1535632066927-ab7c9ab60908?w=400,Jewelry,LuxeJewel,$480.99
B019H0G6BU,Luxury Wool Earrings,https://images.unsplash.com/photo-1535632066927-ab7c9ab60908?w=400,Jewelry,LuxeJewel,$296.99
B013QTQRRG,Vintage Canvas Flats,https://images.unsplash.com/photo-1542291026-7eec264c27ff?w=400,Footwear,WalkEasy,$89.99
B00PHQ314Y,Premium Silk Wallet,https://images.unsplash.com/photo-1492707892479-7bc8d5a4ee93?w=400,Accessories,TrendyBits,$36.99
B0148E9XJ2,Luxury Silk Earrings,https://images.unsplash.com/photo-1535632066927-ab7c9ab60908?w=400,Jewelry,LuxeJewel,$162.99
B017SO7PLC,Casual Solid Suitcase,https://images.unsplash.com/photo-1553062407-98eeb64c6a62?w=400,Bags & Luggage,BagMaster,$243.99
B01CG0LYVK,Vintage Synthetic Flats,https://images.unsplash.com/photo-1542291026-7eec264c27ff?w=400,Footwear,WalkEasy,$106.99
B01AT7T8GU,Casual Canvas Handbag,https://images.unsplash.com/photo-1553062407-98eeb64c6a62?w=400,Bags & Luggage,BagMaster,$87.99
B017XBKPI0,Modern Cotton Hoodie,https://images.unsplash.com/photo-1586790170083-2f9ceadc732d?w=400,Men's Clothing,UrbanGent,$147.99
B0141DNG4I,Classic Denim Cardigan,https://images.unsplash.com/photo-1595777457583-95e059d581b8?w=400,Women's Clothing,ChicWear,$69.99
B01E3NZDV0,Designer Woven Hat,https://images.unsplash.com/photo-1492707892479-7bc8d5a4ee93?w=400,Accessories,TrendyBits,$103.99
B015QSPRSU,Designer Leather Tie,https://images.unsplash.com/photo-1492707892479-7bc8d5a4ee93?w=400,Accessories,TrendyBits,$89.99
B01419ZLYU,Stylish Synthetic Running Shoes,https://images.unsplash.com/photo-1542291026-7eec264c27ff?w=400,Footwear,WalkEasy,$116.99
B00HEC21U4,Elegant Leather Necklace,https://images.unsplash.com/photo-1535632066927-ab7c9ab60908?w=400,Jewelry,LuxeJewel,$286.99
B00Z9WYMTO,Modern Silk Jeans,https://images.unsplash.com/photo-1586790170083-2f9ceadc732d?w=400,Men's Clothing,UrbanGent,$143.99
B00FCNMYO0,Vintage Knit Flats,https://images.unsplash.com/photo-1542291026-7eec264c27ff?w=400,Footwear,WalkEasy,$89.99
B01CSLMXJO,Casual Wool Suitcase,https://images.unsplash.com/photo-1553062407-98eeb64c6a62?w=400,Bags & Luggage,BagMaster,$93.99
B016BTJ7VG,Vintage Denim Sneakers,https://images.unsplash.com/photo-1542291026-7eec264c27ff?w=400,Footwear,WalkEasy,$165.99
B014SQIK0S,Elegant Printed Necklace,https://images.unsplash.com/photo-1535632066927-ab7c9ab60908?w=400,Jewelry,LuxeJewel,$346.99
B00CJQGO2G,Stylish Cotton Sandals,https://images.unsplash.com/photo-1542291026-7eec264c27ff?w=400,Footwear,WalkEasy,$44.99
B0149MIA9C,Comfortable Silk Jacket,https://images.unsplash.com/photo-1595777457583-95e059d581b8?w=400,Women's Clothing,ChicWear,$83.99
B014CHIUCQ,Elegant Woven Necklace,https://images.unsplash.com/photo-1535632066927-ab7c9ab60908?w=400,Jewelry,LuxeJewel,$228.99
B01BU8TBD2,Premium Leather Gloves,https://images.unsplash.com/photo-1492707892479-7bc8d5a4ee93?w=400,Accessories,TrendyBits,$55.99
B0175UQVLO,Elegant Denim Pendant,https://images.unsplash.com/photo-1535632066927-ab7c9ab60908?w=400,Jewelry,LuxeJewel,$480.99
B00TK8J0RM,Elegant Wool Necklace,https://images.unsplash.com/photo-1535632066927-ab7c9ab60908?w=400,Jewelry,LuxeJewel,$162.99
B012Z90WWO,Designer Printed Tie,https://images.unsplash.com/photo-1492707892479-7bc8d5a4ee93?w=400,Accessories,TrendyBits,$159.99
B01DNPVEA8,Stylish Solid Sandals,https://images.unsplash.com/photo-1542291026-7eec264c27ff?w=400,Footwear,WalkEasy,$176.99
B011401YPE,Comfortable Synthetic Cardigan,https://images.unsplash.com/photo-1595777457583-95e059d581b8?w=400,Women's Clothing,ChicWear,$69.99
B01D8H3WCO,Luxury Canvas Earrings,https://images.unsplash.com/photo-1535632066927-ab7c9ab60908?w=400,Jewelry,LuxeJewel,$102.99
B01H700C1M,Elegant Wool Necklace,https://images.unsplash.com/photo-1535632066927-ab7c9ab60908?w=400,Jewelry,LuxeJewel,$56.99
B00JVZN7IW,Designer Solid Hat,https://images.unsplash.com/photo-1492707892479-7bc8d5a4ee93?w=400,Accessories,TrendyBits,$83.99
B00AF3S0F4,Trendy Denim T-Shirt,https://images.unsplash.com/photo-1586790170083-2f9ceadc732d?w=400,Men's Clothing,UrbanGent,$31.99
B0152DK2W0,Comfortable Suede Jacket,https://images.unsplash.com/photo-1595777457583-95e059d581b8?w=400,Women's Clothing,ChicWear,$58.99
B00N4P0R9M,Premium Printed Hat,https://images.unsplash.com/photo-1492707892479-7bc8d5a4ee93?w=400,Accessories,TrendyBits,$28.99
B01B2AMZXG,Classic Solid Jacket,https://images.unsplash.com/photo-1595777457583-95e059d581b8?w=400,Women's Clothing,ChicWear,$103.99
B000VIUJLG,Stylish Solid Running Shoes,https://images.unsplash.com/photo-1542291026-7eec264c27ff?w=400,Footwear,WalkEasy,$101.99
B018XN29K4,Essential Synthetic Messenger Bag,https://images.unsplash.com/photo-1553062407-98eeb64c6a62?w=400,Bags & Luggage,BagMaster,$147.99
B00SI3TX86,Luxury Leather Brooch,https://images.unsplash.com/photo-1535632066927-ab7c9ab60908?w=400,Jewelry,LuxeJewel,$380.99
B01CCYOM0U,Vintage Denim Flats,https://images.unsplash.com/photo-1542291026-7eec264c27ff?w=400,Footwear,WalkEasy,$147.99
B01A4XH6HW,Trendy Knit Jacket,https://images.unsplash.com/photo-1586790170083-2f9ceadc732d?w=400,Men's Clothing,UrbanGent,$95.99
B01EM5R696,Premium Woven Hat,https://images.unsplash.com/photo-1492707892479-7bc8d5a4ee93?w=400,Accessories,TrendyBits,$18.99
B01CJXSC9G,Vintage Denim Flats,https://images.unsplash.com/photo-1542291026-7eec264c27ff?w=400,Footwear,WalkEasy,$127.99
B00BM27TKO,Essential Suede Messenger Bag,https://images.unsplash.com/photo-1553062407-98eeb64c6a62?w=400,Bags & Luggage,BagMaster,$123.99
B00HHPN6ES,Elegant Leather Pendant,https://images.unsplash.com/photo-1535632066927-ab7c9ab60908?w=400,Jewelry,LuxeJewel,$156.99
B00E59VTPW,Vintage Synthetic Sneakers,https://images.unsplash.com/photo-1542291026-7eec264c27ff?w=400,Footwear,WalkEasy,$171.99
B019E0UPEM,Designer Canvas Watch,https://images.unsplash.com/photo-1492707892479-7bc8d5a4ee93?w=400,Accessories,TrendyBits,$187.99
B0032GP3MO,Classic Silk Pants,https://images.unsplash.com/photo-1595777457583-95e059d581b8?w=400,Women's Clothing,ChicWear,$101.99
B0156HHC5C,Elegant Silk Pendant,https://images.unsplash.com/photo-1535632066927-ab7c9ab60908?w=400,Jewelry,LuxeJewel,$270.99
B00CKLI5CC,Classic Denim Cardigan,https://images.unsplash.com/photo-1595777457583-95e059d581b8?w=400,Women's Clothing,ChicWear,$119.99
B01CGC4A4Q,Stylish Canvas Sandals,https://images.unsplash.com/photo-1542291026-7eec264c27ff?w=400,Footwear,WalkEasy,$137.99
B00W1JMR86,Classic Woven Dress,https://images.unsplash.com/photo-1595777457583-95e059d581b8?w=400,Women's Clothing,ChicWear,$105.99
B00LGIWKWQ,Essential Wool Crossbody,https://images.unsplash.com/photo-1553062407-98eeb64c6a62?w=400,Bags & Luggage,BagMaster,$159.99
B00PC7BIZC,Vintage Denim Sneakers,https://images.unsplash.com/photo-1542291026-7eec264c27ff?w=400,Footwear,WalkEasy,$59.99
B00DE6V1HI,Stylish Cotton Sandals,https://images.unsplash.com/photo-1542291026-7eec264c27ff?w=400,Footwear,WalkEasy,$177.99
B017OKRJZC,Trendy Denim Hoodie,https://images.unsplash.com/photo-1586790170083-2f9ceadc732d?w=400,Men's Clothing,UrbanGent,$127.99
B00DDN8LE8,Casual Suede Handbag,https://images.unsplash.com/photo-1553062407-98eeb64c6a62?w=400,Bags & Luggage,BagMaster,$45.99
B00UHIOUN8,Trendy Cotton T-Shirt,https://images.unsplash.com/photo-1586790170083-2f9ceadc732d?w=400,Men's Clothing,UrbanGent,$81.99
B00EC7J7U6,Modern Printed T-Shirt,https://images.unsplash.com/photo-1586790170083-2f9ceadc732d?w=400,Men's Clothing,UrbanGent,$51.99
B014V7KKLG,Casual Solid Handbag,https://images.unsplash.com/photo-1553062407-98eeb64c6a62?w=400,Bags & Luggage,BagMaster,$63.99
B00IHPLJ50,Stylish Suede Sandals,https://images.unsplash.com/photo-1542291026-7eec264c27ff?w=400,Footwear,WalkEasy,$176.99
B019CFFBES,Comfortable Woven Cardigan,https://images.unsplash.com/photo-1595777457583-95e059d581b8?w=400,Women's Clothing,ChicWear,$29.99
B0132IPR0O,Luxury Denim Brooch,https://images.unsplash.com/photo-1535632066927-ab7c9ab60908?w=400,Jewelry,LuxeJewel,$484.99
B01DF1RUVM,Stylish Wool Running Shoes,https://images.unsplash.com/photo-1542291026-7eec264c27ff?w=400,Footwear,WalkEasy,$59.99
B0131ZW8DC,Designer Leather Watch,https://images.unsplash.com/photo-1492707892479-7bc8d5a4ee93?w=400,Accessories,TrendyBits,$37.99
B009K4OCQA,Premium Cotton Watch,https://images.unsplash.com/photo-1492707892479-7bc8d5a4ee93?w=400,Accessories,TrendyBits,$117.99
B00VTVZN3S,Stylish Woven Sandals,https://images.unsplash.com/photo-1542291026-7eec264c27ff?w=400,Footwear,WalkEasy,$52.99
B007ZDO2HW,Designer Printed Tie,https://images.unsplash.com/photo-1492707892479-7bc8d5a4ee93?w=400,Accessories,TrendyBits,$139.99
B00UWUH3SA,Vintage Printed Flats,https://images.unsplash.com/photo-1542291026-7eec264c27ff?w=400,Footwear,WalkEasy,$47.99
B01ELA25JS,Premium Leather Hat,https://images.unsplash.com/photo-1492707892479-7bc8d5a4ee93?w=400,Accessories,TrendyBits,$138.99
B00YGAODGC,Luxury Suede Earrings,https://images.unsplash.com/photo-1535632066927-ab7c9ab60908?w=400,Jewelry,LuxeJewel,$304.99
B0142XNM6E,Vintage Cotton Flats,https://images.unsplash.com/photo-1542291026-7eec264c27ff?w=400,Footwear,WalkEasy,$93.99
B002WPXT8G,Vintage Knit Sneakers,https://images.unsplash.com/photo-1542291026-7eec264c27ff?w=400,Footwear,WalkEasy,$57.99
B00XD4R55S,Designer Knit Gloves,https://images.unsplash.com/photo-1492707892479-7bc8d5a4ee93?w=400,Accessories,TrendyBits,$185.99
B01AT2E4MI,Classic Printed Pants,https://images.unsplash.com/photo-1595777457583-95e059d581b8?w=400,Women's Clothing,ChicWear,$96.99
B01E2HCRU2,Comfortable Solid Cardigan,https://images.unsplash.com/photo-1595777457583-95e059d581b8?w=400,Women's Clothing,ChicWear,$119.99
B01096RD22,Designer Woven Wallet,https://images.unsplash.com/photo-1492707892479-7bc8d5a4ee93?w=400,Accessories,TrendyBits,$116.99
B005Q8YSHM,Elegant Solid Pendant,https://images.unsplash.com/photo-1535632066927-ab7c9ab60908?w=400,Jewelry,LuxeJewel,$266.99
B015BKTJEG,Designer Synthetic Watch,https://images.unsplash.com/photo-1492707892479-7bc8d5a4ee93?w=400,Accessories,TrendyBits,$77.99
B00NTUSRAS,Modern Silk Suit,https://images.unsplash.com/photo-1586790170083-2f9ceadc732d?w=400,Men's Clothing,UrbanGent,$129.99
B017KJ7HR2,Modern Knit Hoodie,https://images.unsplash.com/photo-1586790170083-2f9ceadc732d?w=400,Men's Clothing,UrbanGent,$147.99
B019N309IM,Stylish Solid Running Shoes,https://images.unsplash.com/photo-1542291026-7eec264c27ff?w=400,Footwear,WalkEasy,$140.99
B00OPA8OP4,Essential Cotton Messenger Bag,https://images.unsplash.com/photo-1553062407-98eeb64c6a62?w=400,Bags & Luggage,BagMaster,$237.99
B01GCDNG9A,Essential Cotton Messenger Bag,https://images.unsplash.com/photo-1553062407-98eeb64c6a62?w=400,Bags & Luggage,BagMaster,$225.99
B019ESXOV0,Premium Solid Tie,https://images.unsplash.com/photo-1492707892479-7bc8d5a4ee93?w=400,Accessories,TrendyBits,$39.99
B00KWRRDJ2,Modern Knit Suit,https://images.unsplash.com/photo-1586790170083-2f9ceadc732d?w=400,Men's Clothing,UrbanGent,$149.99
B00NBIW326,Vintage Suede Flats,https://images.unsplash.com/photo-1542291026-7eec264c27ff?w=400,Footwear,WalkEasy,$83.99
B00VWF0GOC,Premium Leather Gloves,https://images.unsplash.com/photo-1492707892479-7bc8d5a4ee93?w=400,Accessories,TrendyBits,$175.99
B01DP7XLVY,Essential Denim Messenger Bag,https://images.unsplash.com/photo-1553062407-98eeb64c6a62?w=400,Bags & Luggage,BagMaster,$45.99
B01CIUIF7Y,Designer Woven Hat,https://images.unsplash.com/photo-1492707892479-7bc8d5a4ee93?w=400,Accessories,TrendyBits,$58.99
B00TZDJFVS,Stylish Suede Sandals,https://images.unsplash.com/photo-1542291026-7eec264c27ff?w=400,Footwear,WalkEasy,$119.99
B01DWIR9VE,Premium Leather Tie,https://images.unsplash.com/photo-1492707892479-7bc8d5a4ee93?w=400,Accessories,TrendyBits,$39.99
B0186YB988,Classic Suede Skirt,https://images.unsplash.com/photo-1595777457583-95e059d581b8?w=400,Women's Clothing,ChicWear,$62.99
B00JUJIOQY,Comfortable Knit Skirt,https://images.unsplash.com/photo-1595777457583-95e059d581b8?w=400,Women's Clothing,ChicWear,$92.99
B00KW4L9XQ,Luxury Printed Brooch,https://images.unsplash.com/photo-1535632066927-ab7c9ab60908?w=400,Jewelry,LuxeJewel,$224.99
B01ABR5J9S,Modern Woven Suit,https://images.unsplash.com/photo-1586790170083-2f9ceadc732d?w=400,Men's Clothing,UrbanGent,$49.99
B01F9FKN2K,Trendy Synthetic Jeans,https://images.unsplash.com/photo-1586790170083-2f9ceadc732d?w=400,Men's Clothing,UrbanGent,$93.99
B01EWK0ZZS,Designer Canvas Watch,https://images.unsplash.com/photo-1492707892479-7bc8d5a4ee93?w=400,Accessories,TrendyBits,$32.99
B00NWA09VA,Modern Suede Suit,https://images.unsplash.com/photo-1586790170083-2f9ceadc732d?w=400,Men's Clothing,UrbanGent,$39.99
B01CHUX908,Vintage Cotton Flats,https://images.unsplash.com/photo-1542291026-7eec264c27ff?w=400,Footwear,WalkEasy,$115.99
B00EZ7P6U8,Premium Silk Wallet,https://images.unsplash.com/photo-1492707892479-7bc8d5a4ee93?w=400,Accessories,TrendyBits,$116.99
B01CJG9XZK,Designer Silk Wallet,https://images.unsplash.com/photo-1492707892479-7bc8d5a4ee93?w=400,Accessories,TrendyBits,$66.99
B00E1BTQ1S,Elegant Printed Necklace,https://images.unsplash.com/photo-1535632066927-ab7c9ab60908?w=400,Jewelry,LuxeJewel,$286.99
B00X7CK742,Casual Printed Handbag,https://images.unsplash.com/photo-1553062407-98eeb64c6a62?w=400,Bags & Luggage,BagMaster,$219.99
B014IFEJNG,Essential Solid Messenger Bag,https://images.unsplash.com/photo-1553062407-98eeb64c6a62?w=400,Bags & Luggage,BagMaster,$171.99
B01E6YJA8I,Vintage Woven Sneakers,https://images.unsplash.com/photo-1542291026-7eec264c27ff?w=400,Footwear,WalkEasy,$129.99
B014UQBQES,Luxury Suede Earrings,https://images.unsplash.com/photo-1535632066927-ab7c9ab60908?w=400,Jewelry,LuxeJewel,$424.99
B00B35JK8O,Trendy Solid Hoodie,https://images.unsplash.com/photo-1586790170083-2f9ceadc732d?w=400,Men's Clothing,UrbanGent,$57.99
B00B7O7ENY,Comfortable Leather Cardigan,https://images.unsplash.com/photo-1595777457583-95e059d581b8?w=400,Women's Clothing,ChicWear,$104.99
B013LKXYG2,Classic Suede Jacket,https://images.unsplash.com/photo-1595777457583-95e059d581b8?w=400,Women's Clothing,ChicWear,$68.99
B01DXXXN90,Classic Silk Skirt,https://images.unsplash.com/photo-1595777457583-95e059d581b8?w=400,Women's Clothing,ChicWear,$107.99
B019RR29MI,Luxury Woven Brooch,https://images.unsplash.com/photo-1535632066927-ab7c9ab60908?w=400,Jewelry,LuxeJewel,$474.99
B00WJ86MH6,Designer Printed Hat,https://images.unsplash.com/photo-1492707892479-7bc8d5a4ee93?w=400,Accessories,TrendyBits,$23.99
B00CJQGQAG,Modern Wool Jacket,https://images.unsplash.com/photo-1586790170083-2f9ceadc732d?w=400,Men's Clothing,UrbanGent,$125.99
B01461C7ZO,Modern Canvas Jacket,https://images.unsplash.com/photo-1586790170083-2f9ceadc732d?w=400,Men's Clothing,UrbanGent,$25.99
B00MFI5WFI,Modern Cotton Suit,https://images.unsplash.com/photo-1586790170083-2f9ceadc732d?w=400,Men's Clothing,UrbanGent,$29.99
B0186QEF78,Designer Silk Watch,https://images.unsplash.com/photo-1492707892479-7bc8d5a4ee93?w=400,Accessories,TrendyBits,$97.99
B00FGCU5M0,Classic Denim Pants,https://images.unsplash.com/photo-1595777457583-95e059d581b8?w=400,Women's Clothing,ChicWear,$66.99
B00L5YROTK,Elegant Printed Necklace,https://images.unsplash.com/photo-1535632066927-ab7c9ab60908?w=400,Jewelry,LuxeJewel,$58.99
B01CXZY726,Trendy Silk Hoodie,https://images.unsplash.com/photo-1586790170083-2f9ceadc732d?w=400,Men's Clothing,UrbanGent,$47.99
B00HNRXU7S,Casual Knit Handbag,https://images.unsplash.com/photo-1553062407-98eeb64c6a62?w=400,Bags & Luggage,BagMaster,$183.99
B011ZIQZPE,Elegant Synthetic Pendant,https://images.unsplash.com/photo-1535632066927-ab7c9ab60908?w=400,Jewelry,LuxeJewel,$272.99
B01DQIQ9BG,Casual Denim Suitcase,https://images.unsplash.com/photo-1553062407-98eeb64c6a62?w=400,Bags & Luggage,BagMaster,$249.99
B00MK8FHT4,Designer Wool Hat,https://images.unsplash.com/photo-1492707892479-7bc8d5a4ee93?w=400,Accessories,TrendyBits,$123.99
B00M2URMK2,Premium Leather Gloves,https://images.unsplash.com/photo-1492707892479-7bc8d5a4ee93?w=400,Accessories,TrendyBits,$85.99
B00IRW7I76,Modern Suede Jacket,https://images.unsplash.com/photo-1586790170083-2f9ceadc732d?w=400,Men's Clothing,UrbanGent,$105.99
B01CEC79XC,Trendy Wool Jacket,https://images.unsplash.com/photo-1586790170083-2f9ceadc732d?w=400,Men's Clothing,UrbanGent,$135.99
B00H8HVLX8,Casual Silk Suitcase,https://images.unsplash.com/photo-1553062407-98eeb64c6a62?w=400,Bags & Luggage,BagMaster,$189.99
B00LWS3T2A,Casual Denim Suitcase,https://images.unsplash.com/photo-1553062407-98eeb64c6a62?w=400,Bags & Luggage,BagMaster,$231.99
B018BBC2W8,Designer Knit Gloves,https://images.unsplash.com/photo-1492707892479-7bc8d5a4ee93?w=400,Accessories,TrendyBits,$55.99
B0091OYXQ8,Trendy Synthetic T-Shirt,https://images.unsplash.com/photo-1586790170083-2f9ceadc732d?w=400,Men's Clothing,UrbanGent,$91.99
B01AHD2NQS,Essential Printed Crossbody,https://images.unsplash.com/photo-1553062407-98eeb64c6a62?w=400,Bags & Luggage,BagMaster,$111.99
B00KVGLU34,Comfortable Cotton Jacket,https://images.unsplash.com/photo-1595777457583-95e059d581b8?w=400,Women's Clothing,ChicWear,$73.99
B015XHHQQ0,Premium Denim Wallet,https://images.unsplash.com/photo-1492707892479-7bc8d5a4ee93?w=400,Accessories,TrendyBits,$16.99
B0183JQHCO,Premium Wool Wallet,https://images.unsplash.com/photo-1492707892479-7bc8d5a4ee93?w=400,Accessories,TrendyBits,$76.99
B00GNU6A8C,Essential Wool Messenger Bag,https://images.unsplash.com/photo-1553062407-98eeb64c6a62?w=400,Bags & Luggage,BagMaster,$141.99
B01AJS6U6A,Vintage Wool Flats,https://images.unsplash.com/photo-1542291026-7eec264c27ff?w=400,Footwear,WalkEasy,$106.99
B01ANKGHM6,Comfortable Leather Pants,https://images.unsplash.com/photo-1595777457583-95e059d581b8?w=400,Women's Clothing,ChicWear,$66.99
B00MQ8UUBS,Essential Solid Crossbody,https://images.unsplash.com/photo-1553062407-98eeb64c6a62?w=400,Bags & Luggage,BagMaster,$57.99
B00JVEQ4MO,Designer Printed Gloves,https://images.unsplash.com/photo-1492707892479-7bc8d5a4ee93?w=400,Accessories,TrendyBits,$25.99
B00LTL6CW4,Luxury Cotton Earrings,https://images.unsplash.com/photo-1535632066927-ab7c9ab60908?w=400,Jewelry,LuxeJewel,$278.99
B01F5XIBK2,Modern Solid Suit,https://images.unsplash.com/photo-1586790170083-2f9ceadc732d?w=400,Men's Clothing,UrbanGent,$89.99
B01FLUY8YW,Classic Suede Skirt,https://images.unsplash.com/photo-1595777457583-95e059d581b8?w=400,Women's Clothing,ChicWear,$107.99
B00XVQ2X8C,Stylish Printed Running Shoes,https://images.unsplash.com/photo-1542291026-7eec264c27ff?w=400,Footwear,WalkEasy,$72.99
B00LMUP6ZG,Designer Woven Wallet,https://images.unsplash.com/photo-1492707892479-7bc8d5a4ee93?w=400,Accessories,TrendyBits,$46.99
B00FKNP94Y,Elegant Denim Necklace,https://images.unsplash.com/photo-1535632066927-ab7c9ab60908?w=400,Jewelry,LuxeJewel,$140.99
B000LTQGXU,Vintage Wool Sneakers,https://images.unsplash.com/photo-1542291026-7eec264c27ff?w=400,Footwear,WalkEasy,$86.99
B00HY81RQM,Premium Solid Wallet,https://images.unsplash.com/photo-1492707892479-7bc8d5a4ee93?w=400,Accessories,TrendyBits,$21.99
B000WXIK98,Classic Knit Jacket,https://images.unsplash.com/photo-1595777457583-95e059d581b8?w=400,Women's Clothing,ChicWear,$93.99
B01GIMDH8K,Casual Knit Handbag,https://images.unsplash.com/photo-1553062407-98eeb64c6a62?w=400,Bags & Luggage,BagMaster,$243.99
B0020IWNAK,Stylish Suede Sandals,https://images.unsplash.com/photo-1542291026-7eec264c27ff?w=400,Footwear,WalkEasy,$81.99
B018CRVUXS,Comfortable Denim Cardigan,https://images.unsplash.com/photo-1595777457583-95e059d581b8?w=400,Women's Clothing,ChicWear,$59.99
B00PS5D5UY,Essential Cotton Crossbody,https://images.unsplash.com/photo-1553062407-98eeb64c6a62?w=400,Bags & Luggage,BagMaster,$189.99
B00SBYQ2Z4,Modern Cotton Suit,https://images.unsplash.com/photo-1586790170083-2f9ceadc732d?w=400,Men's Clothing,UrbanGent,$89.99
B00BSQM7QU,Trendy Leather Jacket,https://images.unsplash.com/photo-1586790170083-2f9ceadc732d?w=400,Men's Clothing,UrbanGent,$125.99
B00FARDKPK,Casual Leather Suitcase,https://images.unsplash.com/photo-1553062407-98eeb64c6a62?w=400,Bags & Luggage,BagMaster,$213.99
B00GBTGIIC,Designer Wool Watch,https://images.unsplash.com/photo-1492707892479-7bc8d5a4ee93?w=400,Accessories,TrendyBits,$107.99
B009BMJF4U,Essential Cotton Crossbody,https://images.unsplash.com/photo-1553062407-98eeb64c6a62?w=400,Bags & Luggage,BagMaster,$153.99
B00D8POXNO,Modern Synthetic Hoodie,https://images.unsplash.com/photo-1586790170083-2f9ceadc732d?w=400,Men's Clothing,UrbanGent,$77.99
B00IGAOBEC,Elegant Solid Necklace,https://images.unsplash.com/photo-1535632066927-ab7c9ab60908?w=400,Jewelry,LuxeJewel,$422.99
B01EL8N0M6,Classic Suede Jacket,https://images.unsplash.com/photo-1595777457583-95e059d581b8?w=400,Women's Clothing,ChicWear,$98.99
B00UXTLD8Q,Premium Woven Wallet,https://images.unsplash.com/photo-1492707892479-7bc8d5a4ee93?w=400,Accessories,TrendyBits,$46.99
B01D9XKETQ,Comfortable Leather Jacket,https://images.unsplash.com/photo-1595777457583-95e059d581b8?w=400,Women's Clothing,ChicWear,$73.99
B00VI91Q78,Stylish Leather Running Shoes,https://images.unsplash.com/photo-1542291026-7eec264c27ff?w=400,Footwear,WalkEasy,$94.99
B00TGPBR4I,Stylish Wool Sandals,https://images.unsplash.com/photo-1542291026-7eec264c27ff?w=400,Footwear,WalkEasy,$48.99
B00PPNC4X8,Luxury Leather Earrings,https://images.unsplash.com/photo-1535632066927-ab7c9ab60908?w=400,Jewelry,LuxeJewel,$446.99
B00ZVPFDHE,Elegant Cotton Pendant,https://images.unsplash.com/photo-1535632066927-ab7c9ab60908?w=400,Jewelry,LuxeJewel,$372.99
B00ZUAN7EG,Comfortable Solid Jacket,https://images.unsplash.com/photo-1595777457583-95e059d581b8?w=400,Women's Clothing,ChicWear,$43.99
B00OLA1OZ0,Modern Printed Hoodie,https://images.unsplash.com/photo-1586790170083-2f9ceadc732d?w=400,Men's Clothing,UrbanGent,$87.99
B01ETMTSK2,Essential Suede Messenger Bag,https://images.unsplash.com/photo-1553062407-98eeb64c6a62?w=400,Bags & Luggage,BagMaster,$183.99
B010N9195W,Elegant Wool Necklace,https://images.unsplash.com/photo-1535632066927-ab7c9ab60908?w=400,Jewelry,LuxeJewel,$100.99
B0142CFJZ2,Premium Printed Gloves,https://images.unsplash.com/photo-1492707892479-7bc8d5a4ee93?w=400,Accessories,TrendyBits,$190.99
B00HA6N8TW,Classic Printed Jacket,https://images.unsplash.com/photo-1595777457583-95e059d581b8?w=400,Women's Clothing,ChicWear,$48.99
B0184S1IXC,Casual Canvas Handbag,https://images.unsplash.com/photo-1553062407-98eeb64c6a62?w=400,Bags & Luggage,BagMaster,$141.99
B00354QVIS,Comfortable Synthetic Cardigan,https://images.unsplash.com/photo-1595777457583-95e059d581b8?w=400,Women's Clothing,ChicWear,$69.99
B00J3C69TM,Luxury Denim Earrings,https://images.unsplash.com/photo-1535632066927-ab7c9ab60908?w=400,Jewelry,LuxeJewel,$80.99
B00X770XL4,Classic Denim Cardigan,https://images.unsplash.com/photo-1595777457583-95e059d581b8?w=400,Women's Clothing,ChicWear,$89.99
B013WL3IDE,Premium Canvas Watch,https://images.unsplash.com/photo-1492707892479-7bc8d5a4ee93?w=400,Accessories,TrendyBits,$182.99
B01DDPARCE,Designer Denim Wallet,https://images.unsplash.com/photo-1492707892479-7bc8d5a4ee93?w=400,Accessories,TrendyBits,$181.99
B01FVKW6F0,Essential Synthetic Messenger Bag,https://images.unsplash.com/photo-1553062407-98eeb64c6a62?w=400,Bags & Luggage,BagMaster,$153.99
B01DIKHU60,Trendy Wool Suit,https://images.unsplash.com/photo-1586790170083-2f9ceadc732d?w=400,Men's Clothing,UrbanGent,$99.99
B01DCWKXWM,Vintage Denim Sneakers,https://images.unsplash.com/photo-1542291026-7eec264c27ff?w=400,Footwear,WalkEasy,$108.99
B01DIZETZA,Luxury Printed Earrings,https://images.unsplash.com/photo-1535632066927-ab7c9ab60908?w=400,Jewelry,LuxeJewel,$128.99
B017KQ6T56,Essential Printed Crossbody,https://images.unsplash.com/photo-1553062407-98eeb64c6a62?w=400,Bags & Luggage,BagMaster,$171.99
B010GZD2EY,Premium Printed Gloves,https://images.unsplash.com/photo-1492707892479-7bc8d5a4ee93?w=400,Accessories,TrendyBits,$180.99
B01H55UP16,Stylish Suede Running Shoes,https://images.unsplash.com/photo-1542291026-7eec264c27ff?w=400,Footwear,WalkEasy,$45.99
B00Z59UVL4,Luxury Denim Brooch,https://images.unsplash.com/photo-1535632066927-ab7c9ab60908?w=400,Jewelry,LuxeJewel,$112.99
B00RV6KPPQ,Vintage Wool Flats,https://images.unsplash.com/photo-1542291026-7eec264c27ff?w=400,Footwear,WalkEasy,$116.99
B00U79RHW8,Classic Silk Pants,https://images.unsplash.com/photo-1595777457583-95e059d581b8?w=400,Women's Clothing,ChicWear,$101.99
B00FTBV2W0,Essential Leather Crossbody,https://images.unsplash.com/photo-1553062407-98eeb64c6a62?w=400,Bags & Luggage,BagMaster,$105.99
B01AL8HRUQ,Classic Denim Skirt,https://images.unsplash.com/photo-1595777457583-95e059d581b8?w=400,Women's Clothing,ChicWear,$117.99
B01C76WNGI,Stylish Knit Sandals,https://images.unsplash.com/photo-1542291026-7eec264c27ff?w=400,Footwear,WalkEasy,$76.99
B00JNVK4P8,Vintage Knit Sneakers,https://images.unsplash.com/photo-1542291026-7eec264c27ff?w=400,Footwear,WalkEasy,$80.99
B00CDOZ6A0,Luxury Suede Brooch,https://images.unsplash.com/photo-1535632066927-ab7c9ab60908?w=400,Jewelry,LuxeJewel,$228.99
B00OXT7MSM,Comfortable Printed Jacket,https://images.unsplash.com/photo-1595777457583-95e059d581b8?w=400,Women's Clothing,ChicWear,$68.99
B01HD7BIB2,Essential Knit Messenger Bag,https://images.unsplash.com/photo-1553062407-98eeb64c6a62?w=400,Bags & Luggage,BagMaster,$87.99
B00CB6XWFQ,Luxury Wool Brooch,https://images.unsplash.com/photo-1535632066927-ab7c9ab60908?w=400,Jewelry,LuxeJewel,$280.99
B00KN1QN0M,Elegant Printed Necklace,https://images.unsplash.com/photo-1535632066927-ab7c9ab60908?w=400,Jewelry,LuxeJewel,$444.99
B016MEN9QE,Casual Wool Handbag,https://images.unsplash.com/photo-1553062407-98eeb64c6a62?w=400,Bags & Luggage,BagMaster,$81.99
B00OFUAUEW,Comfortable Leather Cardigan,https://images.unsplash.com/photo-1595777457583-95e059d581b8?w=400,Women's Clothing,ChicWear,$114.99
B01G8IAI8Q,Vintage Printed Sneakers,https://images.unsplash.com/photo-1542291026-7eec264c27ff?w=400,Footwear,WalkEasy,$175.99
B00C0ZSC2G,Elegant Woven Pendant,https://images.unsplash.com/photo-1535632066927-ab7c9ab60908?w=400,Jewelry,LuxeJewel,$468.99
B003PFDM9S,Modern Denim Hoodie,https://images.unsplash.com/photo-1586790170083-2f9ceadc732d?w=400,Men's Clothing,UrbanGent,$57.99
B00BZERW6U,Designer Leather Wallet,https://images.unsplash.com/photo-1492707892479-7bc8d5a4ee93?w=400,Accessories,TrendyBits,$41.99
B00YUSBGOC,Luxury Wool Brooch,https://images.unsplash.com/photo-1535632066927-ab7c9ab60908?w=400,Jewelry,LuxeJewel,$304.99
B00ZE9G79A,Designer Cotton Wallet,https://images.unsplash.com/photo-1492707892479-7bc8d5a4ee93?w=400,Accessories,TrendyBits,$86.99
B016W2N4C0,Classic Denim Cardigan,https://images.unsplash.com/photo-1595777457583-95e059d581b8?w=400,Women's Clothing,ChicWear,$104.99
B01ARLP1F0,Casual Denim Handbag,https://images.unsplash.com/photo-1553062407-98eeb64c6a62?w=400,Bags & Luggage,BagMaster,$111.99
B01D9HPJHO,Casual Printed Handbag,https://images.unsplash.com/photo-1553062407-98eeb64c6a62?w=400,Bags & Luggage,BagMaster,$93.99
B010MH18BK,Designer Wool Gloves,https://images.unsplash.com/photo-1492707892479-7bc8d5a4ee93?w=400,Accessories,TrendyBits,$180.99
B00ZF6K306,Vintage Silk Flats,https://images.unsplash.com/photo-1542291026-7eec264c27ff?w=400,Footwear,WalkEasy,$56.99
B018SCWAOK,Trendy Printed Suit,https://images.unsplash.com/photo-1586790170083-2f9ceadc732d?w=400,Men's Clothing,UrbanGent,$119.99
B018SHOCAU,Trendy Woven Suit,https://images.unsplash.com/photo-1586790170083-2f9ceadc732d?w=400,Men's Clothing,UrbanGent,$29.99
B01FS672TW,Stylish Synthetic Running Shoes,https://images.unsplash.com/photo-1542291026-7eec264c27ff?w=400,Footwear,WalkEasy,$101.99
B00MM5EPSE,Casual Woven Suitcase,https://images.unsplash.com/photo-1553062407-98eeb64c6a62?w=400,Bags & Luggage,BagMaster,$129.99
B01GCV4PZG,Modern Suede T-Shirt,https://images.unsplash.com/photo-1586790170083-2f9ceadc732d?w=400,Men's Clothing,UrbanGent,$51.99
B00YP1PVKE,Elegant Synthetic Necklace,https://images.unsplash.com/photo-1535632066927-ab7c9ab60908?w=400,Jewelry,LuxeJewel,$418.99
B00YOZIGKS,Elegant Suede Pendant,https://images.unsplash.com/photo-1535632066927-ab7c9ab60908?w=400,Jewelry,LuxeJewel,$36.99
B00ODVDJ4Q,Designer Solid Tie,https://images.unsplash.com/photo-1492707892479-7bc8d5a4ee93?w=400,Accessories,TrendyBits,$59.99
B01C9QDXYM,Casual Cotton Suitcase,https://images.unsplash.com/photo-1553062407-98eeb64c6a62?w=400,Bags & Luggage,BagMaster,$117.99
B00INR91JI,Essential Woven Messenger Bag,https://images.unsplash.com/photo-1553062407-98eeb64c6a62?w=400,Bags & Luggage,BagMaster,$201.99
B016C2DXTY,Luxury Wool Earrings,https://images.unsplash.com/photo-1535632066927-ab7c9ab60908?w=400,Jewelry,LuxeJewel,$138.99
B00GEXXJFK,Comfortable Wool Skirt,https://images.unsplash.com/photo-1595777457583-95e059d581b8?w=400,Women's Clothing,ChicWear,$72.99
B001KANNQM,Stylish Printed Running Shoes,https://images.unsplash.com/photo-1542291026-7eec264c27ff?w=400,Footwear,WalkEasy,$176.99
B019E869I0,Comfortable Denim Cardigan,https://images.unsplash.com/photo-1595777457583-95e059d581b8?w=400,Women's Clothing,ChicWear,$84.99
B01GHMQNVY,Classic Woven Dress,https://images.unsplash.com/photo-1595777457583-95e059d581b8?w=400,Women's Clothing,ChicWear,$95.99
B01D5IKSX2,Casual Cotton Handbag,https://images.unsplash.com/photo-1553062407-98eeb64c6a62?w=400,Bags & Luggage,BagMaster,$135.99
B019XNID6C,Essential Suede Messenger Bag,https://images.unsplash.com/photo-1553062407-98eeb64c6a62?w=400,Bags & Luggage,BagMaster,$117.99
B01HE9KXKQ,Luxury Woven Brooch,https://images.unsplash.com/photo-1535632066927-ab7c9ab60908?w=400,Jewelry,LuxeJewel,$272.99
B00OM2BXWQ,Luxury Denim Earrings,https://images.unsplash.com/photo-1535632066927-ab7c9ab60908?w=400,Jewelry,LuxeJewel,$314.99
B01ABGHNUM,Stylish Cotton Sandals,https://images.unsplash.com/photo-1542291026-7eec264c27ff?w=400,Footwear,WalkEasy,$171.99
B01ASACGTE,Trendy Canvas Jacket,https://images.unsplash.com/photo-1586790170083-2f9ceadc732d?w=400,Men's Clothing,UrbanGent,$35.99
B00YM8JD68,Essential Knit Crossbody,https://images.unsplash.com/photo-1553062407-98eeb64c6a62?w=400,Bags & Luggage,BagMaster,$129.99
B01GYMIY3M,Vintage Printed Sneakers,https://images.unsplash.com/photo-1542291026-7eec264c27ff?w=400,Footwear,WalkEasy,$85.99
B012VWIVBY,Trendy Cotton T-Shirt,https://images.unsplash.com/photo-1586790170083-2f9ceadc732d?w=400,Men's Clothing,UrbanGent,$121.99
B01CBO2PU0,Luxury Wool Earrings,https://images.unsplash.com/photo-1535632066927-ab7c9ab60908?w=400,Jewelry,LuxeJewel,$228.99
B014ZVUWXO,Trendy Woven Suit,https://images.unsplash.com/photo-1586790170083-2f9ceadc732d?w=400,Men's Clothing,UrbanGent,$69.99
B01AJBX2I6,Essential Solid Messenger Bag,https://images.unsplash.com/photo-1553062407-98eeb64c6a62?w=400,Bags & Luggage,BagMaster,$225.99
B01H41KAFC,Vintage Canvas Sneakers,https://images.unsplash.com/photo-1542291026-7eec264c27ff?w=400,Footwear,WalkEasy,$166.99
B01CCJQ7B2,Essential Wool Messenger Bag,https://images.unsplash.com/photo-1553062407-98eeb64c6a62?w=400,Bags & Luggage,BagMaster,$177.99
B01E542O0K,Premium Leather Wallet,https://images.unsplash.com/photo-1492707892479-7bc8d5a4ee93?w=400,Accessories,TrendyBits,$176.99
B01ANXO3YW,Luxury Suede Earrings,https://images.unsplash.com/photo-1535632066927-ab7c9ab60908?w=400,Jewelry,LuxeJewel,$486.99
B01ABTWCF0,Elegant Denim Necklace,https://images.unsplash.com/photo-1535632066927-ab7c9ab60908?w=400,Jewelry,LuxeJewel,$420.99
B01G8YOFUM,Elegant Canvas Pendant,https://images.unsplash.com/photo-1535632066927-ab7c9ab60908?w=400,Jewelry,LuxeJewel,$394.99
B00YGQORJE,Casual Wool Suitcase,https://images.unsplash.com/photo-1553062407-98eeb64c6a62?w=400,Bags & Luggage,BagMaster,$237.99
B00LXA8FQW,Comfortable Cotton Pants,https://images.unsplash.com/photo-1595777457583-95e059d581b8?w=400,Women's Clothing,ChicWear,$36.99
B00GN65AVE,Classic Cotton Cardigan,https://images.unsplash.com/photo-1595777457583-95e059d581b8?w=400,Women's Clothing,ChicWear,$94.99
B00SW240YA,Luxury Woven Earrings,https://images.unsplash.com/photo-1535632066927-ab7c9ab60908?w=400,Jewelry,LuxeJewel,$240.99
B01H50OLGQ,Classic Woven Skirt,https://images.unsplash.com/photo-1595777457583-95e059d581b8?w=400,Women's Clothing,ChicWear,$47.99
B01GI3Z2MS,Classic Suede Skirt,https://images.unsplash.com/photo-1595777457583-95e059d581b8?w=400,Women's Clothing,ChicWear,$37.99
B00YDSSVKQ,Essential Denim Crossbody,https://images.unsplash.com/photo-1553062407-98eeb64c6a62?w=400,Bags & Luggage,BagMaster,$159.99
B010SPJI9K,Casual Synthetic Suitcase,https://images.unsplash.com/photo-1553062407-98eeb64c6a62?w=400,Bags & Luggage,BagMaster,$99.99
B0161M46O6,Classic Denim Pants,https://images.unsplash.com/photo-1595777457583-95e059d581b8?w=400,Women's Clothing,ChicWear,$31.99
B012T6DPVS,Comfortable Printed Dress,https://images.unsplash.com/photo-1595777457583-95e059d581b8?w=400,Women's Clothing,ChicWear,$110.99
B00MG1F4IO,Designer Wool Watch,https://images.unsplash.com/photo-1492707892479-7bc8d5a4ee93?w=400,Accessories,TrendyBits,$37.99
B01AILKHXK,Premium Synthetic Gloves,https://images.unsplash.com/photo-1492707892479-7bc8d5a4ee93?w=400,Accessories,TrendyBits,$15.99
B01E9XX72G,Luxury Printed Brooch,https://images.unsplash.com/photo-1535632066927-ab7c9ab60908?w=400,Jewelry,LuxeJewel,$266.99
B015BWRKC2,Casual Silk Handbag,https://images.unsplash.com/photo-1553062407-98eeb64c6a62?w=400,Bags & Luggage,BagMaster,$129.99
B00LGXXWN2,Essential Knit Crossbody,https://images.unsplash.com/photo-1553062407-98eeb64c6a62?w=400,Bags & Luggage,BagMaster,$153.99
B00LGXHD4G,Designer Leather Hat,https://images.unsplash.com/photo-1492707892479-7bc8d5a4ee93?w=400,Accessories,TrendyBits,$88.99
B01EA92Y8M,Stylish Suede Sandals,https://images.unsplash.com/photo-1542291026-7eec264c27ff?w=400,Footwear,WalkEasy,$179.99
B01895GBG4,Elegant Cotton Pendant,https://images.unsplash.com/photo-1535632066927-ab7c9ab60908?w=400,Jewelry,LuxeJewel,$162.99
B009V0SN9K,Trendy Knit Jeans,https://images.unsplash.com/photo-1586790170083-2f9ceadc732d?w=400,Men's Clothing,UrbanGent,$123.99
B013GYLMLM,Classic Leather Jacket,https://images.unsplash.com/photo-1595777457583-95e059d581b8?w=400,Women's Clothing,ChicWear,$28.99
B01FH0LQNW,Premium Knit Wallet,https://images.unsplash.com/photo-1492707892479-7bc8d5a4ee93?w=400,Accessories,TrendyBits,$191.99
B0000DGL0E,Trendy Cotton Hoodie,https://images.unsplash.com/photo-1586790170083-2f9ceadc732d?w=400,Men's Clothing,UrbanGent,$77.99
B01EEXFG2U,Vintage Cotton Sneakers,https://images.unsplash.com/photo-1542291026-7eec264c27ff?w=400,Footwear,WalkEasy,$146.99
B01EFH3QWM,Essential Wool Messenger Bag,https://images.unsplash.com/photo-1553062407-98eeb64c6a62?w=400,Bags & Luggage,BagMaster,$165.99
B01CZA513S,Premium Knit Tie,https://images.unsplash.com/photo-1492707892479-7bc8d5a4ee93?w=400,Accessories,TrendyBits,$34.99
B00CS6VTH2,Designer Silk Gloves,https://images.unsplash.com/photo-1492707892479-7bc8d5a4ee93?w=400,Accessories,TrendyBits,$180.99
B01BGG8NVE,Casual Printed Handbag,https://images.unsplash.com/photo-1553062407-98eeb64c6a62?w=400,Bags & Luggage,BagMaster,$219.99
B01GZK4VV2,Vintage Silk Sneakers,https://images.unsplash.com/photo-1542291026-7eec264c27ff?w=400,Footwear,WalkEasy,$35.99
B01EJAM50O,Stylish Suede Sandals,https://images.unsplash.com/photo-1542291026-7eec264c27ff?w=400,Footwear,WalkEasy,$167.99
B00VFWMXKW,Designer Silk Watch,https://images.unsplash.com/photo-1492707892479-7bc8d5a4ee93?w=400,Accessories,TrendyBits,$87.99
B00ME0FEVE,Trendy Silk Jacket,https://images.unsplash.com/photo-1586790170083-2f9ceadc732d?w=400,Men's Clothing,UrbanGent,$95.99
B01CG2HWT6,Classic Woven Jacket,https://images.unsplash.com/photo-1595777457583-95e059d581b8?w=400,Women's Clothing,ChicWear,$63.99
B00L1HUVFA,Comfortable Suede Cardigan,https://images.unsplash.com/photo-1595777457583-95e059d581b8?w=400,Women's Clothing,ChicWear,$114.99
B01DEO8IAW,Vintage Woven Sneakers,https://images.unsplash.com/photo-1542291026-7eec264c27ff?w=400,Footwear,WalkEasy,$83.99
B00E3RE35O,Essential Printed Messenger Bag,https://images.unsplash.com/photo-1553062407-98eeb64c6a62?w=400,Bags & Luggage,BagMaster,$75.99
B00SQP5O0W,Vintage Knit Flats,https://images.unsplash.com/photo-1542291026-7eec264c27ff?w=400,Footwear,WalkEasy,$114.99
B01ELH015Q,Designer Synthetic Hat,https://images.unsplash.com/photo-1492707892479-7bc8d5a4ee93?w=400,Accessories,TrendyBits,$103.99
B0091DLGV4,Casual Denim Handbag,https://images.unsplash.com/photo-1553062407-98eeb64c6a62?w=400,Bags & Luggage,BagMaster,$177.99
B00XHRFWXS,Modern Suede Jacket,https://images.unsplash.com/photo-1586790170083-2f9ceadc732d?w=400,Men's Clothing,UrbanGent,$115.99
B015S7W2FK,Designer Silk Watch,https://images.unsplash.com/photo-1492707892479-7bc8d5a4ee93?w=400,Accessories,TrendyBits,$87.99
B00VPR0B7O,Casual Printed Suitcase,https://images.unsplash.com/photo-1553062407-98eeb64c6a62?w=400,Bags & Luggage,BagMaster,$225.99
B00E5SBMCS,Trendy Woven T-Shirt,https://images.unsplash.com/photo-1586790170083-2f9ceadc732d?w=400,Men's Clothing,UrbanGent,$61.99
B01CVOA6UQ,Comfortable Woven Dress,https://images.unsplash.com/photo-1595777457583-95e059d581b8?w=400,Women's Clothing,ChicWear,$85.99
B01768SRWQ,Comfortable Knit Skirt,https://images.unsplash.com/photo-1595777457583-95e059d581b8?w=400,Women's Clothing,ChicWear,$112.99
B015QI31Q0,Classic Silk Cardigan,https://images.unsplash.com/photo-1595777457583-95e059d581b8?w=400,Women's Clothing,ChicWear,$104.99
B00E9H78XW,Trendy Denim Jacket,https://images.unsplash.com/photo-1586790170083-2f9ceadc732d?w=400,Men's Clothing,UrbanGent,$65.99
B00WJPJQOU,Comfortable Wool Skirt,https://images.unsplash.com/photo-1595777457583-95e059d581b8?w=400,Women's Clothing,ChicWear,$72.99
B0186ELOPQ,Essential Suede Messenger Bag,https://images.unsplash.com/photo-1553062407-98eeb64c6a62?w=400,Bags & Luggage,BagMaster,$129.99
B0185W5DQK,Trendy Synthetic T-Shirt,https://images.unsplash.com/photo-1586790170083-2f9ceadc732d?w=400,Men's Clothing,UrbanGent,$41.99
B005LS5EIE,Stylish Printed Running Shoes,https://images.unsplash.com/photo-1542291026-7eec264c27ff?w=400,Footwear,WalkEasy,$132.99
B017KE2QYQ,Stylish Cotton Sandals,https://images.unsplash.com/photo-1542291026-7eec264c27ff?w=400,Footwear,WalkEasy,$63.99
B00NR1K80G,Elegant Silk Necklace,https://images.unsplash.com/photo-1535632066927-ab7c9ab60908?w=400,Jewelry,LuxeJewel,$166.99
B00PF9EDMC,Modern Silk Jacket,https://images.unsplash.com/photo-1586790170083-2f9ceadc732d?w=400,Men's Clothing,UrbanGent,$25.99
B014BGTRWU,Luxury Solid Earrings,https://images.unsplash.com/photo-1535632066927-ab7c9ab60908?w=400,Jewelry,LuxeJewel,$158.99
B015OVYIMA,Premium Suede Hat,https://images.unsplash.com/photo-1492707892479-7bc8d5a4ee93?w=400,Accessories,TrendyBits,$18.99
B01H011EWO,Vintage Denim Flats,https://images.unsplash.com/photo-1542291026-7eec264c27ff?w=400,Footwear,WalkEasy,$41.99
B001U2VYJ8,Modern Wool Jeans,https://images.unsplash.com/photo-1586790170083-2f9ceadc732d?w=400,Men's Clothing,UrbanGent,$83.99
B019VF2U8Y,Stylish Denim Running Shoes,https://images.unsplash.com/photo-1542291026-7eec264c27ff?w=400,Footwear,WalkEasy,$101.99
B00XXZAHMA,Comfortable Denim Dress,https://images.unsplash.com/photo-1595777457583-95e059d581b8?w=400,Women's Clothing,ChicWear,$70.99
B01EW48QH8,Vintage Suede Flats,https://images.unsplash.com/photo-1542291026-7eec264c27ff?w=400,Footwear,WalkEasy,$103.99
B00J21BTM6,Elegant Woven Necklace,https://images.unsplash.com/photo-1535632066927-ab7c9ab60908?w=400,Jewelry,LuxeJewel,$444.99
B01CSAISDK,Luxury Cotton Earrings,https://images.unsplash.com/photo-1535632066927-ab7c9ab60908?w=400,Jewelry,LuxeJewel,$352.99
B01B5HMKW2,Trendy Wool Hoodie,https://images.unsplash.com/photo-1586790170083-2f9ceadc732d?w=400,Men's Clothing,UrbanGent,$27.99
B0012QUW18,Comfortable Knit Jacket,https://images.unsplash.com/photo-1595777457583-95e059d581b8?w=400,Women's Clothing,ChicWear,$53.99
B00PDGPJ3E,Trendy Cotton Suit,https://images.unsplash.com/photo-1586790170083-2f9ceadc732d?w=400,Men's Clothing,UrbanGent,$129.99
B007PZPUAI,Classic Printed Jacket,https://images.unsplash.com/photo-1595777457583-95e059d581b8?w=400,Women's Clothing,ChicWear,$38.99
B007P5452M,Classic Synthetic Pants,https://images.unsplash.com/photo-1595777457583-95e059d581b8?w=400,Women's Clothing,ChicWear,$106.99
B01CQV379Q,Elegant Woven Necklace,https://images.unsplash.com/photo-1535632066927-ab7c9ab60908?w=400,Jewelry,LuxeJewel,$398.99
B014WCL5RS,Modern Synthetic Hoodie,https://images.unsplash.com/photo-1586790170083-2f9ceadc732d?w=400,Men's Clothing,UrbanGent,$47.99
B00XVGONJY,Casual Silk Handbag,https://images.unsplash.com/photo-1553062407-98eeb64c6a62?w=400,Bags & Luggage,BagMaster,$123.99
B015MMVG30,Trendy Wool T-Shirt,https://images.unsplash.com/photo-1586790170083-2f9ceadc732d?w=400,Men's Clothing,UrbanGent,$61.99
B012FJ8XXO,Elegant Wool Necklace,https://images.unsplash.com/photo-1535632066927-ab7c9ab60908?w=400,Jewelry,LuxeJewel,$178.99
B01B3568RY,Classic Denim Cardigan,https://images.unsplash.com/photo-1595777457583-95e059d581b8?w=400,Women's Clothing,ChicWear,$94.99
B01GJL2722,Comfortable Synthetic Skirt,https://images.unsplash.com/photo-1595777457583-95e059d581b8?w=400,Women's Clothing,ChicWear,$97.99
B00THZEL7M,Vintage Printed Flats,https://images.unsplash.com/photo-1542291026-7eec264c27ff?w=400,Footwear,WalkEasy,$87.99
B01CQJG28Q,Elegant Suede Necklace,https://images.unsplash.com/photo-1535632066927-ab7c9ab60908?w=400,Jewelry,LuxeJewel,$230.99
B004SC8MA6,Casual Wool Handbag,https://images.unsplash.com/photo-1553062407-98eeb64c6a62?w=400,Bags & Luggage,BagMaster,$93.99
B00HRMLBVQ,Premium Wool Wallet,https://images.unsplash.com/photo-1492707892479-7bc8d5a4ee93?w=400,Accessories,TrendyBits,$171.99
B00VKAWQHO,Comfortable Silk Jacket,https://images.unsplash.com/photo-1595777457583-95e059d581b8?w=400,Women's Clothing,ChicWear,$93.99
B00K2PXH6W,Casual Woven Handbag,https://images.unsplash.com/photo-1553062407-98eeb64c6a62?w=400,Bags & Luggage,BagMaster,$219.99
B000NJ43CO,Comfortable Wool Cardigan,https://images.unsplash.com/photo-1595777457583-95e059d581b8?w=400,Women's Clothing,ChicWear,$79.99
B01AU3KB32,Vintage Cotton Flats,https://images.unsplash.com/photo-1542291026-7eec264c27ff?w=400,Footwear,WalkEasy,$77.99
B015KGZT6I,Stylish Canvas Sandals,https://images.unsplash.com/photo-1542291026-7eec264c27ff?w=400,Footwear,WalkEasy,$44.99
B00K2RYXT0,Modern Suede T-Shirt,https://images.unsplash.com/photo-1586790170083-2f9ceadc732d?w=400,Men's Clothing,UrbanGent,$61.99
B00XRPT5D8,Trendy Canvas Suit,https://images.unsplash.com/photo-1586790170083-2f9ceadc732d?w=400,Men's Clothing,UrbanGent,$79.99
B01F6YEGZO,Elegant Synthetic Necklace,https://images.unsplash.com/photo-1535632066927-ab7c9ab60908?w=400,Jewelry,LuxeJewel,$112.99
B01ADIGGWY,Elegant Leather Pendant,https://images.unsplash.com/photo-1535632066927-ab7c9ab60908?w=400,Jewelry,LuxeJewel,$318.99
B01F79HYOI,Casual Printed Handbag,https://images.unsplash.com/photo-1553062407-98eeb64c6a62?w=400,Bags & Luggage,BagMaster,$57.99
B01935OHAQ,Designer Leather Watch,https://images.unsplash.com/photo-1492707892479-7bc8d5a4ee93?w=400,Accessories,TrendyBits,$197.99
B0117LASL6,Modern Wool T-Shirt,https://images.unsplash.com/photo-1586790170083-2f9ceadc732d?w=400,Men's Clothing,UrbanGent,$81.99
B016QS03WO,Modern Synthetic Jacket,https://images.unsplash.com/photo-1586790170083-2f9ceadc732d?w=400,Men's Clothing,UrbanGent,$105.99
B01HBCU630,Stylish Solid Running Shoes,https://images.unsplash.com/photo-1542291026-7eec264c27ff?w=400,Footwear,WalkEasy,$61.99
B01F88FZVM,Stylish Canvas Sandals,https://images.unsplash.com/photo-1542291026-7eec264c27ff?w=400,Footwear,WalkEasy,$94.99
B019SVI50S,Trendy Leather Jeans,https://images.unsplash.com/photo-1586790170083-2f9ceadc732d?w=400,Men's Clothing,UrbanGent,$43.99
B00O0LL3CE,Essential Denim Messenger Bag,https://images.unsplash.com/photo-1553062407-98eeb64c6a62?w=400,Bags & Luggage,BagMaster,$123.99
B01CJXJ7OU,Elegant Synthetic Pendant,https://images.unsplash.com/photo-1535632066927-ab7c9ab60908?w=400,Jewelry,LuxeJewel,$222.99
B01F9Y2B6W,Casual Denim Suitcase,https://images.unsplash.com/photo-1553062407-98eeb64c6a62?w=400,Bags & Luggage,BagMaster,$51.99
B01FHMDNTU,Premium Solid Watch,https://images.unsplash.com/photo-1492707892479-7bc8d5a4ee93?w=400,Accessories,TrendyBits,$192.99
B01FHMBVEO,Modern Knit Hoodie,https://images.unsplash.com/photo-1586790170083-2f9ceadc732d?w=400,Men's Clothing,UrbanGent,$127.99
B00M2S2ZRE,Comfortable Suede Pants,https://images.unsplash.com/photo-1595777457583-95e059d581b8?w=400,Women's Clothing,ChicWear,$76.99
B00EXHRCLG,Elegant Canvas Necklace,https://images.unsplash.com/photo-1535632066927-ab7c9ab60908?w=400,Jewelry,LuxeJewel,$184.99
B015HLXG9S,Vintage Suede Flats,https://images.unsplash.com/photo-1542291026-7eec264c27ff?w=400,Footwear,WalkEasy,$149.99
B018DTBOC2,Premium Leather Watch,https://images.unsplash.com/photo-1492707892479-7bc8d5a4ee93?w=400,Accessories,TrendyBits,$37.99
B015H5E8ZA,Trendy Silk Jacket,https://images.unsplash.com/photo-1586790170083-2f9ceadc732d?w=400,Men's Clothing,UrbanGent,$95.99
B01AW2UCQC,Vintage Denim Sneakers,https://images.unsplash.com/photo-1542291026-7eec264c27ff?w=400,Footwear,WalkEasy,$48.99
B015GRD8KU,Classic Knit Cardigan,https://images.unsplash.com/photo-1595777457583-95e059d581b8?w=400,Women's Clothing,ChicWear,$104.99
B01FEUV85Q,Classic Synthetic Pants,https://images.unsplash.com/photo-1595777457583-95e059d581b8?w=400,Women's Clothing,ChicWear,$71.99
B017BTA7RS,Casual Silk Handbag,https://images.unsplash.com/photo-1553062407-98eeb64c6a62?w=400,Bags & Luggage,BagMaster,$75.99
B015G8I7GE,Trendy Solid Hoodie,https://images.unsplash.com/photo-1586790170083-2f9ceadc732d?w=400,Men's Clothing,UrbanGent,$127.99
B00IYWAAYW,Essential Cotton Messenger Bag,https://images.unsplash.com/photo-1553062407-98eeb64c6a62?w=400,Bags & Luggage,BagMaster,$243.99
B00KTXH2BI,Classic Leather Dress,https://images.unsplash.com/photo-1595777457583-95e059d581b8?w=400,Women's Clothing,ChicWear,$95.99
B014H4H59I,Essential Knit Messenger Bag,https://images.unsplash.com/photo-1553062407-98eeb64c6a62?w=400,Bags & Luggage,BagMaster,$123.99
B00K69R5S0,Luxury Leather Brooch,https://images.unsplash.com/photo-1535632066927-ab7c9ab60908?w=400,Jewelry,LuxeJewel,$286.99
B00K682F7M,Casual Solid Handbag,https://images.unsplash.com/photo-1553062407-98eeb64c6a62?w=400,Bags & Luggage,BagMaster,$81.99
B01AUM23GG,Classic Printed Jacket,https://images.unsplash.com/photo-1595777457583-95e059d581b8?w=400,Women's Clothing,ChicWear,$93.99
B005WWHFG8,Trendy Silk Hoodie,https://images.unsplash.com/photo-1586790170083-2f9ceadc732d?w=400,Men's Clothing,UrbanGent,$57.99
B010RY7BG4,Designer Woven Tie,https://images.unsplash.com/photo-1492707892479-7bc8d5a4ee93?w=400,Accessories,TrendyBits,$104.99
B00Q3Z7PJA,Vintage Woven Sneakers,https://images.unsplash.com/photo-1542291026-7eec264c27ff?w=400,Footwear,WalkEasy,$44.99
B00UMYWGN8,Casual Wool Handbag,https://images.unsplash.com/photo-1553062407-98eeb64c6a62?w=400,Bags & Luggage,BagMaster,$135.99
B01CJWCL5I,Modern Silk Suit,https://images.unsplash.com/photo-1586790170083-2f9ceadc732d?w=400,Men's Clothing,UrbanGent,$39.99
B000XNGE0Y,Casual Silk Handbag,https://images.unsplash.com/photo-1553062407-98eeb64c6a62?w=400,Bags & Luggage,BagMaster,$135.99
B017A1PCC2,Elegant Denim Pendant,https://images.unsplash.com/photo-1535632066927-ab7c9ab60908?w=400,Jewelry,LuxeJewel,$272.99
B00O5MWVA6,Modern Canvas Hoodie,https://images.unsplash.com/photo-1586790170083-2f9ceadc732d?w=400,Men's Clothing,UrbanGent,$87.99
B00KHJ1FVC,Essential Suede Messenger Bag,https://images.unsplash.com/photo-1553062407-98eeb64c6a62?w=400,Bags & Luggage,BagMaster,$249.99
B00VETAZUG,Modern Denim Jeans,https://images.unsplash.com/photo-1586790170083-2f9ceadc732d?w=400,Men's Clothing,UrbanGent,$143.99
B015J06U40,Premium Silk Wallet,https://images.unsplash.com/photo-1492707892479-7bc8d5a4ee93?w=400,Accessories,TrendyBits,$46.99
B017D85HD6,Premium Solid Watch,https://images.unsplash.com/photo-1492707892479-7bc8d5a4ee93?w=400,Accessories,TrendyBits,$172.99
B016ZQ0RUA,Stylish Leather Sandals,https://images.unsplash.com/photo-1542291026-7eec264c27ff?w=400,Footwear,WalkEasy,$74.99
B00HIBCO6C,Vintage Cotton Flats,https://images.unsplash.com/photo-1542291026-7eec264c27ff?w=400,Footwear,WalkEasy,$110.99
B00ODDS9IK,Casual Synthetic Suitcase,https://images.unsplash.com/photo-1553062407-98eeb64c6a62?w=400,Bags & Luggage,BagMaster,$123.99
B00M1OOW3Y,Classic Woven Cardigan,https://images.unsplash.com/photo-1595777457583-95e059d581b8?w=400,Women's Clothing,ChicWear,$79.99
B01DZV1MB6,Stylish Leather Running Shoes,https://images.unsplash.com/photo-1542291026-7eec264c27ff?w=400,Footwear,WalkEasy,$50.99
B00JKG4SV2,Designer Silk Watch,https://images.unsplash.com/photo-1492707892479-7bc8d5a4ee93?w=400,Accessories,TrendyBits,$137.99
B00RE7TLQG,Trendy Suede Jacket,https://images.unsplash.com/photo-1586790170083-2f9ceadc732d?w=400,Men's Clothing,UrbanGent,$125.99
B00MFBN7JI,Essential Suede Messenger Bag,https://images.unsplash.com/photo-1553062407-98eeb64c6a62?w=400,Bags & Luggage,BagMaster,$177.99
B019IBTYUS,Premium Cotton Wallet,https://images.unsplash.com/photo-1492707892479-7bc8d5a4ee93?w=400,Accessories,TrendyBits,$91.99
B00PWEWADE,Essential Suede Crossbody,https://images.unsplash.com/photo-1553062407-98eeb64c6a62?w=400,Bags & Luggage,BagMaster,$231.99
B01DW31MEE,Classic Canvas Skirt,https://images.unsplash.com/photo-1595777457583-95e059d581b8?w=400,Women's Clothing,ChicWear,$117.99
B009046U2Y,Elegant Synthetic Pendant,https://images.unsplash.com/photo-1535632066927-ab7c9ab60908?w=400,Jewelry,LuxeJewel,$442.99
B01CZDOSES,Premium Woven Wallet,https://images.unsplash.com/photo-1492707892479-7bc8d5a4ee93?w=400,Accessories,TrendyBits,$146.99
B01HJ0SIF2,Vintage Silk Sneakers,https://images.unsplash.com/photo-1542291026-7eec264c27ff?w=400,Footwear,WalkEasy,$40.99
B00OCFEZKA,Designer Woven Wallet,https://images.unsplash.com/photo-1492707892479-7bc8d5a4ee93?w=400,Accessories,TrendyBits,$131.99
B00WJMGEOI,Designer Woven Wallet,https://images.unsplash.com/photo-1492707892479-7bc8d5a4ee93?w=400,Accessories,TrendyBits,$131.99
B0045D7VZ0,Classic Synthetic Jacket,https://images.unsplash.com/photo-1595777457583-95e059d581b8?w=400,Women's Clothing,ChicWear,$68.99
B015U1XA1O,Stylish Printed Sandals,https://images.unsplash.com/photo-1542291026-7eec264c27ff?w=400,Footwear,WalkEasy,$99.99
B00SWPICPK,Modern Silk Jacket,https://images.unsplash.com/photo-1586790170083-2f9ceadc732d?w=400,Men's Clothing,UrbanGent,$75.99
B00OZQ2D6Y,Stylish Printed Running Shoes,https://images.unsplash.com/photo-1542291026-7eec264c27ff?w=400,Footwear,WalkEasy,$171.99
B017J4OJNS,Casual Wool Handbag,https://images.unsplash.com/photo-1553062407-98eeb64c6a62?w=400,Bags & Luggage,BagMaster,$93.99
B015MSU37O,Classic Woven Dress,https://images.unsplash.com/photo-1595777457583-95e059d581b8?w=400,Women's Clothing,ChicWear,$40.99
B0179L361M,Stylish Knit Running Shoes,https://images.unsplash.com/photo-1542291026-7eec264c27ff?w=400,Footwear,WalkEasy,$71.99
B010XDG8TU,Casual Leather Handbag,https://images.unsplash.com/photo-1553062407-98eeb64c6a62?w=400,Bags & Luggage,BagMaster,$51.99
B00P8WLDII,Essential Canvas Crossbody,https://images.unsplash.com/photo-1553062407-98eeb64c6a62?w=400,Bags & Luggage,BagMaster,$225.99
B01EZU4V9Q,Stylish Suede Running Shoes,https://images.unsplash.com/photo-1542291026-7eec264c27ff?w=400,Footwear,WalkEasy,$133.99
B01AR8TF78,Premium Canvas Watch,https://images.unsplash.com/photo-1492707892479-7bc8d5a4ee93?w=400,Accessories,TrendyBits,$137.99
B01DVZ7F5S,Comfortable Wool Jacket,https://images.unsplash.com/photo-1595777457583-95e059d581b8?w=400,Women's Clothing,ChicWear,$98.99
B00X9T96M2,Modern Synthetic Hoodie,https://images.unsplash.com/photo-1586790170083-2f9ceadc732d?w=400,Men's Clothing,UrbanGent,$107.99
B00VVIKCFS,Essential Solid Crossbody,https://images.unsplash.com/photo-1553062407-98eeb64c6a62?w=400,Bags & Luggage,BagMaster,$225.99
B019GF4S5W,Luxury Printed Brooch,https://images.unsplash.com/photo-1535632066927-ab7c9ab60908?w=400,Jewelry,LuxeJewel,$108.99
B01279KRAY,Luxury Suede Earrings,https://images.unsplash.com/photo-1535632066927-ab7c9ab60908?w=400,Jewelry,LuxeJewel,$438.99
B01AMADAIG,Vintage Woven Sneakers,https://images.unsplash.com/photo-1542291026-7eec264c27ff?w=400,Footwear,WalkEasy,$49.99
B017CW763C,Premium Wool Gloves,https://images.unsplash.com/photo-1492707892479-7bc8d5a4ee93?w=400,Accessories,TrendyBits,$90.99
B017W8L21I,Classic Silk Pants,https://images.unsplash.com/photo-1595777457583-95e059d581b8?w=400,Women's Clothing,ChicWear,$36.99
B00RNFE92U,Vintage Solid Sneakers,https://images.unsplash.com/photo-1542291026-7eec264c27ff?w=400,Footwear,WalkEasy,$52.99
B00P8WLBIU,Casual Suede Suitcase,https://images.unsplash.com/photo-1553062407-98eeb64c6a62?w=400,Bags & Luggage,BagMaster,$129.99
B01B16YUT8,Comfortable Leather Skirt,https://images.unsplash.com/photo-1595777457583-95e059d581b8?w=400,Women's Clothing,ChicWear,$57.99
B001T4MSU6,Stylish Solid Sandals,https://images.unsplash.com/photo-1542291026-7eec264c27ff?w=400,Footwear,WalkEasy,$131.99
B00VD5Q3QG,Classic Wool Jacket,https://images.unsplash.com/photo-1595777457583-95e059d581b8?w=400,Women's Clothing,ChicWear,$88.99
B00OXH45CK,Modern Printed T-Shirt,https://images.unsplash.com/photo-1586790170083-2f9ceadc732d?w=400,Men's Clothing,UrbanGent,$101.99
B00IOF6FDO,Casual Solid Handbag,https://images.unsplash.com/photo-1553062407-98eeb64c6a62?w=400,Bags & Luggage,BagMaster,$129.99
B00DDXO1EC,Trendy Silk Jeans,https://images.unsplash.com/photo-1586790170083-2f9ceadc732d?w=400,Men's Clothing,UrbanGent,$83.99
B01AN1LLGM,Designer Printed Hat,https://images.unsplash.com/photo-1492707892479-7bc8d5a4ee93?w=400,Accessories,TrendyBits,$93.99
B00Y7N59PM,Modern Wool Jeans,https://images.unsplash.com/photo-1586790170083-2f9ceadc732d?w=400,Men's Clothing,UrbanGent,$93.99
B0148UA070,Modern Woven Jeans,https://images.unsplash.com/photo-1586790170083-2f9ceadc732d?w=400,Men's Clothing,UrbanGent,$113.99
B00ARBI3JM,Comfortable Cotton Jacket,https://images.unsplash.com/photo-1595777457583-95e059d581b8?w=400,Women's Clothing,ChicWear,$78.99
B00ALPLAQ2,Designer Canvas Hat,https://images.unsplash.com/photo-1492707892479-7bc8d5a4ee93?w=400,Accessories,TrendyBits,$168.99
B00LX1OY98,Designer Woven Tie,https://images.unsplash.com/photo-1492707892479-7bc8d5a4ee93?w=400,Accessories,TrendyBits,$144.99
B00V9PIU02,Luxury Canvas Brooch,https://images.unsplash.com/photo-1535632066927-ab7c9ab60908?w=400,Jewelry,LuxeJewel,$380.99
B01AL15SQ8,Classic Denim Dress,https://images.unsplash.com/photo-1595777457583-95e059d581b8?w=400,Women's Clothing,ChicWear,$45.99
B016GYPXVE,Classic Knit Pants,https://images.unsplash.com/photo-1595777457583-95e059d581b8?w=400,Women's Clothing,ChicWear,$36.99
B019CPXB86,Modern Leather Suit,https://images.unsplash.com/photo-1586790170083-2f9ceadc732d?w=400,Men's Clothing,UrbanGent,$149.99
B01452W56K,Designer Knit Wallet,https://images.unsplash.com/photo-1492707892479-7bc8d5a4ee93?w=400,Accessories,TrendyBits,$81.99
B00T72MVUE,Designer Denim Tie,https://images.unsplash.com/photo-1492707892479-7bc8d5a4ee93?w=400,Accessories,TrendyBits,$79.99
B00HH5FET8,Elegant Silk Necklace,https://images.unsplash.com/photo-1535632066927-ab7c9ab60908?w=400,Jewelry,LuxeJewel,$216.99
B00LJ1QL02,Premium Wool Hat,https://images.unsplash.com/photo-1492707892479-7bc8d5a4ee93?w=400,Accessories,TrendyBits,$143.99
B009HUGF62,Designer Leather Gloves,https://images.unsplash.com/photo-1492707892479-7bc8d5a4ee93?w=400,Accessories,TrendyBits,$135.99
B017VU1J74,Casual Knit Suitcase,https://images.unsplash.com/photo-1553062407-98eeb64c6a62?w=400,Bags & Luggage,BagMaster,$111.99
B011FLB8S0,Elegant Knit Pendant,https://images.unsplash.com/photo-1535632066927-ab7c9ab60908?w=400,Jewelry,LuxeJewel,$58.99
B01DJZM56O,Stylish Wool Sandals,https://images.unsplash.com/photo-1542291026-7eec264c27ff?w=400,Footwear,WalkEasy,$124.99
B00LMI9EAQ,Elegant Synthetic Pendant,https://images.unsplash.com/photo-1535632066927-ab7c9ab60908?w=400,Jewelry,LuxeJewel,$190.99
B00VWOGAPC,Vintage Suede Flats,https://images.unsplash.com/photo-1542291026-7eec264c27ff?w=400,Footwear,WalkEasy,$140.99
B00M3X62XG,Trendy Printed Jacket,https://images.unsplash.com/photo-1586790170083-2f9ceadc732d?w=400,Men's Clothing,UrbanGent,$35.99
B01EJFOIAE,Premium Denim Tie,https://images.unsplash.com/photo-1492707892479-7bc8d5a4ee93?w=400,Accessories,TrendyBits,$154.99
B016E2JVD4,Luxury Wool Brooch,https://images.unsplash.com/photo-1535632066927-ab7c9ab60908?w=400,Jewelry,LuxeJewel,$208.99
B014JR632S,Premium Denim Watch,https://images.unsplash.com/photo-1492707892479-7bc8d5a4ee93?w=400,Accessories,TrendyBits,$87.99
B013G989I6,Designer Silk Tie,https://images.unsplash.com/photo-1492707892479-7bc8d5a4ee93?w=400,Accessories,TrendyBits,$159.99
B010D4NPK4,Trendy Solid T-Shirt,https://images.unsplash.com/photo-1586790170083-2f9ceadc732d?w=400,Men's Clothing,UrbanGent,$41.99
B00INTIPN4,Vintage Knit Flats,https://images.unsplash.com/photo-1542291026-7eec264c27ff?w=400,Footwear,WalkEasy,$169.99
B01BYTQZMC,Premium Woven Gloves,https://images.unsplash.com/photo-1492707892479-7bc8d5a4ee93?w=400,Accessories,TrendyBits,$75.99
B014XOJKFO,Premium Canvas Watch,https://images.unsplash.com/photo-1492707892479-7bc8d5a4ee93?w=400,Accessories,TrendyBits,$127.99
B00PVNVLRW,Modern Solid Hoodie,https://images.unsplash.com/photo-1586790170083-2f9ceadc732d?w=400,Men's Clothing,UrbanGent,$117.99
B01FFU44RE,Classic Cotton Dress,https://images.unsplash.com/photo-1595777457583-95e059d581b8?w=400,Women's Clothing,ChicWear,$70.99
B015NV1ELY,Elegant Synthetic Pendant,https://images.unsplash.com/photo-1535632066927-ab7c9ab60908?w=400,Jewelry,LuxeJewel,$240.99
B00DOPXFF0,Luxury Synthetic Brooch,https://images.unsplash.com/photo-1535632066927-ab7c9ab60908?w=400,Jewelry,LuxeJewel,$34.99
B010DB5Y8S,Vintage Canvas Sneakers,https://images.unsplash.com/photo-1542291026-7eec264c27ff?w=400,Footwear,WalkEasy,$138.99
B010SSCEV6,Modern Solid Hoodie,https://images.unsplash.com/photo-1586790170083-2f9ceadc732d?w=400,Men's Clothing,UrbanGent,$37.99
B00DI3F4O8,Classic Leather Dress,https://images.unsplash.com/photo-1595777457583-95e059d581b8?w=400,Women's Clothing,ChicWear,$70.99
B00OQ22WOU,Casual Synthetic Suitcase,https://images.unsplash.com/photo-1553062407-98eeb64c6a62?w=400,Bags & Luggage,BagMaster,$51.99
B009VMX532,Vintage Silk Flats,https://images.unsplash.com/photo-1542291026-7eec264c27ff?w=400,Footwear,WalkEasy,$170.99
B00C2G3G42,Comfortable Wool Jacket,https://images.unsplash.com/photo-1595777457583-95e059d581b8?w=400,Women's Clothing,ChicWear,$53.99
B00VPQZLE8,Premium Canvas Wallet,https://images.unsplash.com/photo-1492707892479-7bc8d5a4ee93?w=400,Accessories,TrendyBits,$81.99
B0121JBFGU,Premium Wool Watch,https://images.unsplash.com/photo-1492707892479-7bc8d5a4ee93?w=400,Accessories,TrendyBits,$157.99
B00MM8O324,Stylish Cotton Running Shoes,https://images.unsplash.com/photo-1542291026-7eec264c27ff?w=400,Footwear,WalkEasy,$38.99
B00EUWXN26,Comfortable Solid Dress,https://images.unsplash.com/photo-1595777457583-95e059d581b8?w=400,Women's Clothing,ChicWear,$85.99
B01GJHC9C4,Designer Solid Wallet,https://images.unsplash.com/photo-1492707892479-7bc8d5a4ee93?w=400,Accessories,TrendyBits,$46.99
B01AGDLNM4,Casual Solid Suitcase,https://images.unsplash.com/photo-1553062407-98eeb64c6a62?w=400,Bags & Luggage,BagMaster,$219.99
B00HMBV9AU,Vintage Leather Sneakers,https://images.unsplash.com/photo-1542291026-7eec264c27ff?w=400,Footwear,WalkEasy,$88.99
B00WPCK5AG,Designer Synthetic Wallet,https://images.unsplash.com/photo-1492707892479-7bc8d5a4ee93?w=400,Accessories,TrendyBits,$16.99
B00PF3A6N8,Trendy Suede Jacket,https://images.unsplash.com/photo-1586790170083-2f9ceadc732d?w=400,Men's Clothing,UrbanGent,$115.99
B00DUVG12M,Casual Leather Suitcase,https://images.unsplash.com/photo-1553062407-98eeb64c6a62?w=400,Bags & Luggage,BagMaster,$177.99
B00X5D5HJ8,Trendy Silk T-Shirt,https://images.unsplash.com/photo-1586790170083-2f9ceadc732d?w=400,Men's Clothing,UrbanGent,$31.99
B015WZXZ9U,Modern Knit Hoodie,https://images.unsplash.com/photo-1586790170083-2f9ceadc732d?w=400,Men's Clothing,UrbanGent,$117.99
B013QRDNNO,Luxury Solid Earrings,https://images.unsplash.com/photo-1535632066927-ab7c9ab60908?w=400,Jewelry,LuxeJewel,$134.99
B014ZBBM3I,Trendy Knit T-Shirt,https://images.unsplash.com/photo-1586790170083-2f9ceadc732d?w=400,Men's Clothing,UrbanGent,$91.99
B017K5RQWM,Comfortable Woven Skirt,https://images.unsplash.com/photo-1595777457583-95e059d581b8?w=400,Women's Clothing,ChicWear,$37.99
B01FP9C0NA,Stylish Synthetic Sandals,https://images.unsplash.com/photo-1542291026-7eec264c27ff?w=400,Footwear,WalkEasy,$160.99
B00P9GU3Q6,Designer Leather Hat,https://images.unsplash.com/photo-1492707892479-7bc8d5a4ee93?w=400,Accessories,TrendyBits,$98.99
B00V8AYH3M,Essential Synthetic Crossbody,https://images.unsplash.com/photo-1553062407-98eeb64c6a62?w=400,Bags & Luggage,BagMaster,$75.99
B01CBCT88O,Classic Leather Jacket,https://images.unsplash.com/photo-1595777457583-95e059d581b8?w=400,Women's Clothing,ChicWear,$43.99
B01DTAQQHI,Modern Denim Hoodie,https://images.unsplash.com/photo-1586790170083-2f9ceadc732d?w=400,Men's Clothing,UrbanGent,$97.99
B00UN3FEYQ,Designer Synthetic Wallet,https://images.unsplash.com/photo-1492707892479-7bc8d5a4ee93?w=400,Accessories,TrendyBits,$121.99
B01H01OW32,Comfortable Wool Pants,https://images.unsplash.com/photo-1595777457583-95e059d581b8?w=400,Women's Clothing,ChicWear,$111.99
B01H68NNCU,Vintage Synthetic Sneakers,https://images.unsplash.com/photo-1542291026-7eec264c27ff?w=400,Footwear,WalkEasy,$97.99
B017815RIS,Premium Cotton Hat,https://images.unsplash.com/photo-1492707892479-7bc8d5a4ee93?w=400,Accessories,TrendyBits,$43.99
B00Y9UN4UU,Comfortable Silk Skirt,https://images.unsplash.com/photo-1595777457583-95e059d581b8?w=400,Women's Clothing,ChicWear,$107.99
B00NOFLB56,Elegant Canvas Pendant,https://images.unsplash.com/photo-1535632066927-ab7c9ab60908?w=400,Jewelry,LuxeJewel,$448.99
B00P6XU1F0,Comfortable Solid Skirt,https://images.unsplash.com/photo-1595777457583-95e059d581b8?w=400,Women's Clothing,ChicWear,$62.99
B01G0K0S3W,Casual Synthetic Handbag,https://images.unsplash.com/photo-1553062407-98eeb64c6a62?w=400,Bags & Luggage,BagMaster,$243.99
B01501DCAS,Premium Synthetic Tie,https://images.unsplash.com/photo-1492707892479-7bc8d5a4ee93?w=400,Accessories,TrendyBits,$79.99
B00U6KS6QE,Luxury Denim Brooch,https://images.unsplash.com/photo-1535632066927-ab7c9ab60908?w=400,Jewelry,LuxeJewel,$404.99
B00XKOQ5FC,Premium Silk Watch,https://images.unsplash.com/photo-1492707892479-7bc8d5a4ee93?w=400,Accessories,TrendyBits,$177.99
B00WSI63F8,Elegant Wool Necklace,https://images.unsplash.com/photo-1535632066927-ab7c9ab60908?w=400,Jewelry,LuxeJewel,$342.99
B01G4RQR4A,Essential Knit Messenger Bag,https://images.unsplash.com/photo-1553062407-98eeb64c6a62?w=400,Bags & Luggage,BagMaster,$69.99
B00YC5UIVU,Comfortable Knit Cardigan,https://images.unsplash.com/photo-1595777457583-95e059d581b8?w=400,Women's Clothing,ChicWear,$84.99
B011LCZ38O,Designer Silk Tie,https://images.unsplash.com/photo-1492707892479-7bc8d5a4ee93?w=400,Accessories,TrendyBits,$159.99
B00DQH0WLQ,Trendy Cotton Jeans,https://images.unsplash.com/photo-1586790170083-2f9ceadc732d?w=400,Men's Clothing,UrbanGent,$143.99
B00Q8JSY8M,Stylish Denim Running Shoes,https://images.unsplash.com/photo-1542291026-7eec264c27ff?w=400,Footwear,WalkEasy,$145.99
B00UWUH3NU,Vintage Cotton Sneakers,https://images.unsplash.com/photo-1542291026-7eec264c27ff?w=400,Footwear,WalkEasy,$65.99
B006XNCNSA,Comfortable Suede Jacket,https://images.unsplash.com/photo-1595777457583-95e059d581b8?w=400,Women's Clothing,ChicWear,$78.99
B00G98LETI,Essential Canvas Crossbody,https://images.unsplash.com/photo-1553062407-98eeb64c6a62?w=400,Bags & Luggage,BagMaster,$93.99
B018X1ZYOE,Designer Knit Watch,https://images.unsplash.com/photo-1492707892479-7bc8d5a4ee93?w=400,Accessories,TrendyBits,$152.99
B00GXXKHJW,Premium Knit Tie,https://images.unsplash.com/photo-1492707892479-7bc8d5a4ee93?w=400,Accessories,TrendyBits,$164.99
B007WA2UNQ,Classic Canvas Pants,https://images.unsplash.com/photo-1595777457583-95e059d581b8?w=400,Women's Clothing,ChicWear,$26.99
B00RMEXTX2,Trendy Solid Jacket,https://images.unsplash.com/photo-1586790170083-2f9ceadc732d?w=400,Men's Clothing,UrbanGent,$35.99
B01AAA5AMW,Designer Woven Watch,https://images.unsplash.com/photo-1492707892479-7bc8d5a4ee93?w=400,Accessories,TrendyBits,$17.99
B00DI3F4KW,Modern Leather Suit,https://images.unsplash.com/photo-1586790170083-2f9ceadc732d?w=400,Men's Clothing,UrbanGent,$99.99
B01CN8RC9I,Stylish Denim Sandals,https://images.unsplash.com/photo-1542291026-7eec264c27ff?w=400,Footwear,WalkEasy,$165.99
B00SYJCSJA,Luxury Cotton Earrings,https://images.unsplash.com/photo-1535632066927-ab7c9ab60908?w=400,Jewelry,LuxeJewel,$120.99
B010AYL9S2,Essential Wool Crossbody,https://images.unsplash.com/photo-1553062407-98eeb64c6a62?w=400,Bags & Luggage,BagMaster,$51.99
B00ZPQEW7Q,Designer Solid Tie,https://images.unsplash.com/photo-1492707892479-7bc8d5a4ee93?w=400,Accessories,TrendyBits,$34.99
B0188F6V1K,Classic Woven Cardigan,https://images.unsplash.com/photo-1595777457583-95e059d581b8?w=400,Women's Clothing,ChicWear,$69.99
B00WMRBVY8,Comfortable Woven Jacket,https://images.unsplash.com/photo-1595777457583-95e059d581b8?w=400,Women's Clothing,ChicWear,$78.99
B01DY2LI2O,Luxury Synthetic Brooch,https://images.unsplash.com/photo-1535632066927-ab7c9ab60908?w=400,Jewelry,LuxeJewel,$322.99
B00L3D6UWU,Luxury Synthetic Brooch,https://images.unsplash.com/photo-1535632066927-ab7c9ab60908?w=400,Jewelry,LuxeJewel,$368.99
B01DRSOUTS,Elegant Suede Pendant,https://images.unsplash.com/photo-1535632066927-ab7c9ab60908?w=400,Jewelry,LuxeJewel,$266.99
B016ZREM46,Comfortable Canvas Skirt,https://images.unsplash.com/photo-1595777457583-95e059d581b8?w=400,Women's Clothing,ChicWear,$112.99
B01GNY0LWI,Trendy Printed Jacket,https://images.unsplash.com/photo-1586790170083-2f9ceadc732d?w=400,Men's Clothing,UrbanGent,$45.99
B01FJVY8YS,Essential Leather Crossbody,https://images.unsplash.com/photo-1553062407-98eeb64c6a62?w=400,Bags & Luggage,BagMaster,$117.99
B00SKX1KL2,Designer Wool Hat,https://images.unsplash.com/photo-1492707892479-7bc8d5a4ee93?w=400,Accessories,TrendyBits,$133.99
B00FQCSHX4,Classic Cotton Cardigan,https://images.unsplash.com/photo-1595777457583-95e059d581b8?w=400,Women's Clothing,ChicWear,$64.99
B00CA1EL9S,Classic Knit Jacket,https://images.unsplash.com/photo-1595777457583-95e059d581b8?w=400,Women's Clothing,ChicWear,$63.99
B00X9QCCWQ,Trendy Denim Jacket,https://images.unsplash.com/photo-1586790170083-2f9ceadc732d?w=400,Men's Clothing,UrbanGent,$55.99
B00C6TZA8A,Luxury Solid Brooch,https://images.unsplash.com/photo-1535632066927-ab7c9ab60908?w=400,Jewelry,LuxeJewel,$190.99
B01AX4K9Z8,Modern Silk Jacket,https://images.unsplash.com/photo-1586790170083-2f9ceadc732d?w=400,Men's Clothing,UrbanGent,$35.99
B01DLXDSTC,Modern Knit Suit,https://images.unsplash.com/photo-1586790170083-2f9ceadc732d?w=400,Men's Clothing,UrbanGent,$139.99
B00IEJIT0W,Stylish Solid Running Shoes,https://images.unsplash.com/photo-1542291026-7eec264c27ff?w=400,Footwear,WalkEasy,$40.99
B01B8PVR84,Essential Cotton Crossbody,https://images.unsplash.com/photo-1553062407-98eeb64c6a62?w=400,Bags & Luggage,BagMaster,$105.99
B01G5728A6,Modern Cotton Hoodie,https://images.unsplash.com/photo-1586790170083-2f9ceadc732d?w=400,Men's Clothing,UrbanGent,$37.99
B00TZE74KG,Luxury Suede Earrings,https://images.unsplash.com/photo-1535632066927-ab7c9ab60908?w=400,Jewelry,LuxeJewel,$456.99
B00WR6SVQ0,Trendy Silk Suit,https://images.unsplash.com/photo-1586790170083-2f9ceadc732d?w=400,Men's Clothing,UrbanGent,$29.99
B00Y3OVW1U,Casual Knit Suitcase,https://images.unsplash.com/photo-1553062407-98eeb64c6a62?w=400,Bags & Luggage,BagMaster,$51.99
B00PVHD90K,Trendy Cotton Hoodie,https://images.unsplash.com/photo-1586790170083-2f9ceadc732d?w=400,Men's Clothing,UrbanGent,$27.99
B00BNB3A0W,Elegant Solid Necklace,https://images.unsplash.com/photo-1535632066927-ab7c9ab60908?w=400,Jewelry,LuxeJewel,$402.99
B00E1LALT4,Vintage Woven Sneakers,https://images.unsplash.com/photo-1542291026-7eec264c27ff?w=400,Footwear,WalkEasy,$43.99
B01FTCOLJO,Casual Leather Handbag,https://images.unsplash.com/photo-1553062407-98eeb64c6a62?w=400,Bags & Luggage,BagMaster,$117.99
B015QVDMHA,Trendy Canvas Jeans,https://images.unsplash.com/photo-1586790170083-2f9ceadc732d?w=400,Men's Clothing,UrbanGent,$83.99
B00W0XU7O4,Stylish Knit Sandals,https://images.unsplash.com/photo-1542291026-7eec264c27ff?w=400,Footwear,WalkEasy,$103.99
B00R1OCKCE,Stylish Knit Sandals,https://images.unsplash.com/photo-1542291026-7eec264c27ff?w=400,Footwear,WalkEasy,$155.99
B01F6MVRDU,Classic Leather Jacket,https://images.unsplash.com/photo-1595777457583-95e059d581b8?w=400,Women's Clothing,ChicWear,$28.99
B00DQO5KD4,Essential Synthetic Messenger Bag,https://images.unsplash.com/photo-1553062407-98eeb64c6a62?w=400,Bags & Luggage,BagMaster,$195.99
B01836CROE,Essential Knit Crossbody,https://images.unsplash.com/photo-1553062407-98eeb64c6a62?w=400,Bags & Luggage,BagMaster,$81.99
B00E8UO3ZQ,Stylish Knit Running Shoes,https://images.unsplash.com/photo-1542291026-7eec264c27ff?w=400,Footwear,WalkEasy,$179.99
B005FZ5OPQ,Trendy Silk Suit,https://images.unsplash.com/photo-1586790170083-2f9ceadc732d?w=400,Men's Clothing,UrbanGent,$39.99
B00QJSB0A6,Designer Woven Wallet,https://images.unsplash.com/photo-1492707892479-7bc8d5a4ee93?w=400,Accessories,TrendyBits,$16.99
B0154RNS48,Premium Canvas Hat,https://images.unsplash.com/photo-1492707892479-7bc8d5a4ee93?w=400,Accessories,TrendyBits,$158.99
B01BVXJZKK,Trendy Synthetic Jeans,https://images.unsplash.com/photo-1586790170083-2f9ceadc732d?w=400,Men's Clothing,UrbanGent,$133.99
B00SI020DE,Essential Leather Messenger Bag,https://images.unsplash.com/photo-1553062407-98eeb64c6a62?w=400,Bags & Luggage,BagMaster,$63.99
B01DLXA6A6,Casual Leather Suitcase,https://images.unsplash.com/photo-1553062407-98eeb64c6a62?w=400,Bags & Luggage,BagMaster,$189.99
B00GDHS9IE,Modern Leather Suit,https://images.unsplash.com/photo-1586790170083-2f9ceadc732d?w=400,Men's Clothing,UrbanGent,$139.99
B00K04DCME,Classic Knit Jacket,https://images.unsplash.com/photo-1595777457583-95e059d581b8?w=400,Women's Clothing,ChicWear,$108.99
B0044KKFNO,Comfortable Wool Dress,https://images.unsplash.com/photo-1595777457583-95e059d581b8?w=400,Women's Clothing,ChicWear,$40.99
B014BPSIPI,Luxury Cotton Earrings,https://images.unsplash.com/photo-1535632066927-ab7c9ab60908?w=400,Jewelry,LuxeJewel,$242.99
B00ZFB04LY,Elegant Wool Pendant,https://images.unsplash.com/photo-1535632066927-ab7c9ab60908?w=400,Jewelry,LuxeJewel,$194.99
B00D0HNQR4,Elegant Leather Necklace,https://images.unsplash.com/photo-1535632066927-ab7c9ab60908?w=400,Jewelry,LuxeJewel,$470.99
B01H2TR5LS,Vintage Canvas Flats,https://images.unsplash.com/photo-1542291026-7eec264c27ff?w=400,Footwear,WalkEasy,$113.99
B00OY6AZC4,Trendy Synthetic Suit,https://images.unsplash.com/photo-1586790170083-2f9ceadc732d?w=400,Men's Clothing,UrbanGent,$39.99
B00DE3I1O2,Designer Cotton Hat,https://images.unsplash.com/photo-1492707892479-7bc8d5a4ee93?w=400,Accessories,TrendyBits,$168.99
B016XZCTWW,Comfortable Silk Dress,https://images.unsplash.com/photo-1595777457583-95e059d581b8?w=400,Women's Clothing,ChicWear,$80.99
B0165664FW,Elegant Woven Pendant,https://images.unsplash.com/photo-1535632066927-ab7c9ab60908?w=400,Jewelry,LuxeJewel,$366.99
B01AU9DKZC,Vintage Wool Flats,https://images.unsplash.com/photo-1542291026-7eec264c27ff?w=400,Footwear,WalkEasy,$77.99
B007FZF36Y,Premium Cotton Watch,https://images.unsplash.com/photo-1492707892479-7bc8d5a4ee93?w=400,Accessories,TrendyBits,$187.99
B00EB7NOFQ,Essential Suede Crossbody,https://images.unsplash.com/photo-1553062407-98eeb64c6a62?w=400,Bags & Luggage,BagMaster,$75.99
B00DTW50ZG,Classic Canvas Skirt,https://images.unsplash.com/photo-1595777457583-95e059d581b8?w=400,Women's Clothing,ChicWear,$42.99
B0194F1CCQ,Essential Wool Crossbody,https://images.unsplash.com/photo-1553062407-98eeb64c6a62?w=400,Bags & Luggage,BagMaster,$63.99
B00YC1XDJS,Stylish Synthetic Running Shoes,https://images.unsplash.com/photo-1542291026-7eec264c27ff?w=400,Footwear,WalkEasy,$136.99
B00WL4C7R2,Essential Denim Messenger Bag,https://images.unsplash.com/photo-1553062407-98eeb64c6a62?w=400,Bags & Luggage,BagMaster,$207.99
B00AULJEGK,Classic Canvas Pants,https://images.unsplash.com/photo-1595777457583-95e059d581b8?w=400,Women's Clothing,ChicWear,$36.99
B00ODWAP6A,Designer Synthetic Hat,https://images.unsplash.com/photo-1492707892479-7bc8d5a4ee93?w=400,Accessories,TrendyBits,$143.99
B00DZ0KO2Q,Classic Woven Dress,https://images.unsplash.com/photo-1595777457583-95e059d581b8?w=400,Women's Clothing,ChicWear,$65.99
B00P0483ZU,Designer Woven Tie,https://images.unsplash.com/photo-1492707892479-7bc8d5a4ee93?w=400,Accessories,TrendyBits,$64.99
B01E8M3FES,Stylish Printed Running Shoes,https://images.unsplash.com/photo-1542291026-7eec264c27ff?w=400,Footwear,WalkEasy,$159.99
B00JLHYYAK,Casual Silk Suitcase,https://images.unsplash.com/photo-1553062407-98eeb64c6a62?w=400,Bags & Luggage,BagMaster,$165.99
B00LMUP9SU,Modern Wool Suit,https://images.unsplash.com/photo-1586790170083-2f9ceadc732d?w=400,Men's Clothing,UrbanGent,$69.99
B01D86KBN8,Stylish Synthetic Sandals,https://images.unsplash.com/photo-1542291026-7eec264c27ff?w=400,Footwear,WalkEasy,$100.99
B01HD1VKQ6,Essential Wool Crossbody,https://images.unsplash.com/photo-1553062407-98eeb64c6a62?w=400,Bags & Luggage,BagMaster,$189.99
B01DIJKYDM,Stylish Solid Sandals,https://images.unsplash.com/photo-1542291026-7eec264c27ff?w=400,Footwear,WalkEasy,$114.99
B00JTTWBBO,Classic Canvas Cardigan,https://images.unsplash.com/photo-1595777457583-95e059d581b8?w=400,Women's Clothing,ChicWear,$104.99
B012DPQPP8,Modern Cotton Jeans,https://images.unsplash.com/photo-1586790170083-2f9ceadc732d?w=400,Men's Clothing,UrbanGent,$103.99
B01628ECKW,Casual Synthetic Handbag,https://images.unsplash.com/photo-1553062407-98eeb64c6a62?w=400,Bags & Luggage,BagMaster,$201.99
B017OQIWXY,Elegant Woven Necklace,https://images.unsplash.com/photo-1535632066927-ab7c9ab60908?w=400,Jewelry,LuxeJewel,$412.99
B00I0695WA,Stylish Solid Sandals,https://images.unsplash.com/photo-1542291026-7eec264c27ff?w=400,Footwear,WalkEasy,$83.99
B00PJEJP3A,Designer Canvas Hat,https://images.unsplash.com/photo-1492707892479-7bc8d5a4ee93?w=400,Accessories,TrendyBits,$158.99
B007FHC43C,Classic Canvas Skirt,https://images.unsplash.com/photo-1595777457583-95e059d581b8?w=400,Women's Clothing,ChicWear,$72.99
B01ARIPTJQ,Premium Silk Watch,https://images.unsplash.com/photo-1492707892479-7bc8d5a4ee93?w=400,Accessories,TrendyBits,$137.99
B015CZ37EI,Vintage Silk Sneakers,https://images.unsplash.com/photo-1542291026-7eec264c27ff?w=400,Footwear,WalkEasy,$38.99
B01096C4CQ,Essential Solid Messenger Bag,https://images.unsplash.com/photo-1553062407-98eeb64c6a62?w=400,Bags & Luggage,BagMaster,$171.99
B018S237NS,Luxury Canvas Earrings,https://images.unsplash.com/photo-1535632066927-ab7c9ab60908?w=400,Jewelry,LuxeJewel,$424.99
B00M1DIEUM,Modern Denim Suit,https://images.unsplash.com/photo-1586790170083-2f9ceadc732d?w=400,Men's Clothing,UrbanGent,$119.99
B01H9P85SW,Vintage Woven Sneakers,https://images.unsplash.com/photo-1542291026-7eec264c27ff?w=400,Footwear,WalkEasy,$77.99
B019DGIEPE,Casual Suede Suitcase,https://images.unsplash.com/photo-1553062407-98eeb64c6a62?w=400,Bags & Luggage,BagMaster,$153.99
B0056P59HI,Trendy Leather Hoodie,https://images.unsplash.com/photo-1586790170083-2f9ceadc732d?w=400,Men's Clothing,UrbanGent,$67.99
B01AIHD0UQ,Elegant Denim Pendant,https://images.unsplash.com/photo-1535632066927-ab7c9ab60908?w=400,Jewelry,LuxeJewel,$160.99
B013QT7676,Trendy Denim T-Shirt,https://images.unsplash.com/photo-1586790170083-2f9ceadc732d?w=400,Men's Clothing,UrbanGent,$71.99
B00K8PIZ5E,Designer Printed Tie,https://images.unsplash.com/photo-1492707892479-7bc8d5a4ee93?w=400,Accessories,TrendyBits,$169.99
B00BMURT24,Comfortable Denim Skirt,https://images.unsplash.com/photo-1595777457583-95e059d581b8?w=400,Women's Clothing,ChicWear,$42.99
B00YEMDRQE,Vintage Printed Flats,https://images.unsplash.com/photo-1542291026-7eec264c27ff?w=400,Footwear,WalkEasy,$141.99
B01D7LKDGO,Elegant Knit Pendant,https://images.unsplash.com/photo-1535632066927-ab7c9ab60908?w=400,Jewelry,LuxeJewel,$218.99
B00LKZABN0,Classic Cotton Dress,https://images.unsplash.com/photo-1595777457583-95e059d581b8?w=400,Women's Clothing,ChicWear,$70.99
B008QYDTG4,Premium Denim Hat,https://images.unsplash.com/photo-1492707892479-7bc8d5a4ee93?w=400,Accessories,TrendyBits,$33.99
B00UXTLDPE,Elegant Silk Pendant,https://images.unsplash.com/photo-1535632066927-ab7c9ab60908?w=400,Jewelry,LuxeJewel,$108.99
B008SEBR5M,Casual Wool Handbag,https://images.unsplash.com/photo-1553062407-98eeb64c6a62?w=400,Bags & Luggage,BagMaster,$111.99
B00X770V48,Elegant Cotton Necklace,https://images.unsplash.com/photo-1535632066927-ab7c9ab60908?w=400,Jewelry,LuxeJewel,$114.99
B00J2PIX80,Vintage Knit Sneakers,https://images.unsplash.com/photo-1542291026-7eec264c27ff?w=400,Footwear,WalkEasy,$47.99
B00LLLMJMY,Modern Leather Jeans,https://images.unsplash.com/photo-1586790170083-2f9ceadc732d?w=400,Men's Clothing,UrbanGent,$133.99
B0194PD6OI,Modern Printed Hoodie,https://images.unsplash.com/photo-1586790170083-2f9ceadc732d?w=400,Men's Clothing,UrbanGent,$27.99
B00JUC9898,Designer Cotton Hat,https://images.unsplash.com/photo-1492707892479-7bc8d5a4ee93?w=400,Accessories,TrendyBits,$38.99
B00ENTE3SE,Designer Printed Gloves,https://images.unsplash.com/photo-1492707892479-7bc8d5a4ee93?w=400,Accessories,TrendyBits,$15.99
B00NXO51BI,Essential Denim Crossbody,https://images.unsplash.com/photo-1553062407-98eeb64c6a62?w=400,Bags & Luggage,BagMaster,$219.99
B016OA4Y24,Classic Silk Dress,https://images.unsplash.com/photo-1595777457583-95e059d581b8?w=400,Women's Clothing,ChicWear,$50.99
B00JE63P08,Stylish Suede Sandals,https://images.unsplash.com/photo-1542291026-7eec264c27ff?w=400,Footwear,WalkEasy,$141.99
B00P8NTD0C,Premium Woven Hat,https://images.unsplash.com/photo-1492707892479-7bc8d5a4ee93?w=400,Accessories,TrendyBits,$18.99
B01HBNT40K,Classic Synthetic Cardigan,https://images.unsplash.com/photo-1595777457583-95e059d581b8?w=400,Women's Clothing,ChicWear,$104.99
B00QY2EKHW,Elegant Solid Pendant,https://images.unsplash.com/photo-1535632066927-ab7c9ab60908?w=400,Jewelry,LuxeJewel,$478.99
B010979CH0,Classic Canvas Dress,https://images.unsplash.com/photo-1595777457583-95e059d581b8?w=400,Women's Clothing,ChicWear,$110.99
B00GLQGDOO,Designer Denim Watch,https://images.unsplash.com/photo-1492707892479-7bc8d5a4ee93?w=400,Accessories,TrendyBits,$82.99
B00F0HKQ2U,Designer Printed Tie,https://images.unsplash.com/photo-1492707892479-7bc8d5a4ee93?w=400,Accessories,TrendyBits,$154.99
B01E2D0G18,Vintage Cotton Sneakers,https://images.unsplash.com/photo-1542291026-7eec264c27ff?w=400,Footwear,WalkEasy,$41.99
B015R1DB8O,Trendy Leather Jeans,https://images.unsplash.com/photo-1586790170083-2f9ceadc732d?w=400,Men's Clothing,UrbanGent,$63.99
B00JXME5AC,Vintage Suede Sneakers,https://images.unsplash.com/photo-1542291026-7eec264c27ff?w=400,Footwear,WalkEasy,$84.99
B0108ZIW9C,Luxury Knit Earrings,https://images.unsplash.com/photo-1535632066927-ab7c9ab60908?w=400,Jewelry,LuxeJewel,$268.99
B01BCU65EG,Essential Cotton Crossbody,https://images.unsplash.com/photo-1553062407-98eeb64c6a62?w=400,Bags & Luggage,BagMaster,$195.99
B01DLQRRPK,Elegant Silk Necklace,https://images.unsplash.com/photo-1535632066927-ab7c9ab60908?w=400,Jewelry,LuxeJewel,$442.99
B00V5MIPU4,Luxury Silk Earrings,https://images.unsplash.com/photo-1535632066927-ab7c9ab60908?w=400,Jewelry,LuxeJewel,$372.99
B00ZFXAFWK,Classic Wool Jacket,https://images.unsplash.com/photo-1595777457583-95e059d581b8?w=400,Women's Clothing,ChicWear,$63.99
B00ZC3PTLU,Designer Synthetic Wallet,https://images.unsplash.com/photo-1492707892479-7bc8d5a4ee93?w=400,Accessories,TrendyBits,$21.99
B01FP9BWAM,Premium Printed Hat,https://images.unsplash.com/photo-1492707892479-7bc8d5a4ee93?w=400,Accessories,TrendyBits,$173.99
B00JQT1Q3G,Luxury Solid Earrings,https://images.unsplash.com/photo-1535632066927-ab7c9ab60908?w=400,Jewelry,LuxeJewel,$306.99
B018HXCBSK,Classic Suede Dress,https://images.unsplash.com/photo-1595777457583-95e059d581b8?w=400,Women's Clothing,ChicWear,$45.99
B017YR7MNY,Modern Solid Suit,https://images.unsplash.com/photo-1586790170083-2f9ceadc732d?w=400,Men's Clothing,UrbanGent,$89.99
B012FX4K2S,Classic Woven Pants,https://images.unsplash.com/photo-1595777457583-95e059d581b8?w=400,Women's Clothing,ChicWear,$61.99
B008AEEEU0,Designer Solid Watch,https://images.unsplash.com/photo-1492707892479-7bc8d5a4ee93?w=400,Accessories,TrendyBits,$97.99
B018ARMPWU,Classic Wool Pants,https://images.unsplash.com/photo-1595777457583-95e059d581b8?w=400,Women's Clothing,ChicWear,$56.99
B01DLXDTEQ,Vintage Solid Flats,https://images.unsplash.com/photo-1542291026-7eec264c27ff?w=400,Footwear,WalkEasy,$130.99
B01CG001NC,Comfortable Wool Skirt,https://images.unsplash.com/photo-1595777457583-95e059d581b8?w=400,Women's Clothing,ChicWear,$72.99
B00YUQQYBY,Casual Woven Handbag,https://images.unsplash.com/photo-1553062407-98eeb64c6a62?w=400,Bags & Luggage,BagMaster,$189.99
B0167WVN64,Comfortable Denim Cardigan,https://images.unsplash.com/photo-1595777457583-95e059d581b8?w=400,Women's Clothing,ChicWear,$119.99
B019C6XYAU,Trendy Synthetic Jacket,https://images.unsplash.com/photo-1586790170083-2f9ceadc732d?w=400,Men's Clothing,UrbanGent,$115.99
B01GF79TRG,Vintage Synthetic Sneakers,https://images.unsplash.com/photo-1542291026-7eec264c27ff?w=400,Footwear,WalkEasy,$124.99
B015SH52XY,Stylish Woven Sandals,https://images.unsplash.com/photo-1542291026-7eec264c27ff?w=400,Footwear,WalkEasy,$98.99
B00CBPB4NO,Trendy Leather T-Shirt,https://images.unsplash.com/photo-1586790170083-2f9ceadc732d?w=400,Men's Clothing,UrbanGent,$101.99
B01BDOB3ZM,Essential Solid Messenger Bag,https://images.unsplash.com/photo-1553062407-98eeb64c6a62?w=400,Bags & Luggage,BagMaster,$117.99
B00Q438ZEA,Stylish Printed Running Shoes,https://images.unsplash.com/photo-1542291026-7eec264c27ff?w=400,Footwear,WalkEasy,$159.99
B00I0696LA,Classic Wool Dress,https://images.unsplash.com/photo-1595777457583-95e059d581b8?w=400,Women's Clothing,ChicWear,$95.99
B00MMTIF4U,Essential Wool Crossbody,https://images.unsplash.com/photo-1553062407-98eeb64c6a62?w=400,Bags & Luggage,BagMaster,$177.99
B016KFGPVG,Casual Suede Suitcase,https://images.unsplash.com/photo-1553062407-98eeb64c6a62?w=400,Bags & Luggage,BagMaster,$123.99
B00H399RQE,Trendy Canvas T-Shirt,https://images.unsplash.com/photo-1586790170083-2f9ceadc732d?w=400,Men's Clothing,UrbanGent,$71.99
B01DKBXS8G,Stylish Suede Running Shoes,https://images.unsplash.com/photo-1542291026-7eec264c27ff?w=400,Footwear,WalkEasy,$148.99
B01FP9BY3M,Stylish Wool Sandals,https://images.unsplash.com/photo-1542291026-7eec264c27ff?w=400,Footwear,WalkEasy,$154.99
B00MYJZTA6,Casual Leather Handbag,https://images.unsplash.com/photo-1553062407-98eeb64c6a62?w=400,Bags & Luggage,BagMaster,$117.99
B00XYKSUVE,Essential Solid Messenger Bag,https://images.unsplash.com/photo-1553062407-98eeb64c6a62?w=400,Bags & Luggage,BagMaster,$147.99
B01G7BCLAW,Designer Leather Gloves,https://images.unsplash.com/photo-1492707892479-7bc8d5a4ee93?w=400,Accessories,TrendyBits,$145.99
B017SXBRXK,Modern Woven Hoodie,https://images.unsplash.com/photo-1586790170083-2f9ceadc732d?w=400,Men's Clothing,UrbanGent,$47.99
B01EJ6WVT8,Premium Wool Wallet,https://images.unsplash.com/photo-1492707892479-7bc8d5a4ee93?w=400,Accessories,TrendyBits,$161.99
B00IFMJY34,Vintage Canvas Flats,https://images.unsplash.com/photo-1542291026-7eec264c27ff?w=400,Footwear,WalkEasy,$92.99
B00G6NFPWI,Classic Synthetic Jacket,https://images.unsplash.com/photo-1595777457583-95e059d581b8?w=400,Women's Clothing,ChicWear,$73.99
B00JULSFAM,Elegant Cotton Pendant,https://images.unsplash.com/photo-1535632066927-ab7c9ab60908?w=400,Jewelry,LuxeJewel,$432.99
B01DX84G0A,Elegant Suede Necklace,https://images.unsplash.com/photo-1535632066927-ab7c9ab60908?w=400,Jewelry,LuxeJewel,$42.99
B011NHED6A,Essential Denim Crossbody,https://images.unsplash.com/photo-1553062407-98eeb64c6a62?w=400,Bags & Luggage,BagMaster,$87.99
B015718JKE,Comfortable Woven Cardigan,https://images.unsplash.com/photo-1595777457583-95e059d581b8?w=400,Women's Clothing,ChicWear,$39.99
B01HBAA4CA,Modern Cotton T-Shirt,https://images.unsplash.com/photo-1586790170083-2f9ceadc732d?w=400,Men's Clothing,UrbanGent,$61.99
B00OTBTQ4M,Essential Denim Crossbody,https://images.unsplash.com/photo-1553062407-98eeb64c6a62?w=400,Bags & Luggage,BagMaster,$99.99
B017BC0KIG,Stylish Silk Running Shoes,https://images.unsplash.com/photo-1542291026-7eec264c27ff?w=400,Footwear,WalkEasy,$132.99
B01D3JZHZW,Comfortable Woven Jacket,https://images.unsplash.com/photo-1595777457583-95e059d581b8?w=400,Women's Clothing,ChicWear,$38.99
B012I018DM,Designer Denim Watch,https://images.unsplash.com/photo-1492707892479-7bc8d5a4ee93?w=400,Accessories,TrendyBits,$22.99
B00E8UO2KM,Elegant Synthetic Pendant,https://images.unsplash.com/photo-1535632066927-ab7c9ab60908?w=400,Jewelry,LuxeJewel,$426.99
B00K9GOV4Q,Casual Leather Suitcase,https://images.unsplash.com/photo-1553062407-98eeb64c6a62?w=400,Bags & Luggage,BagMaster,$123.99
B014I0HRJ4,Casual Cotton Handbag,https://images.unsplash.com/photo-1553062407-98eeb64c6a62?w=400,Bags & Luggage,BagMaster,$111.99
B011BKIHYS,Classic Leather Dress,https://images.unsplash.com/photo-1595777457583-95e059d581b8?w=400,Women's Clothing,ChicWear,$115.99
B00UDF11O6,Essential Canvas Crossbody,https://images.unsplash.com/photo-1553062407-98eeb64c6a62?w=400,Bags & Luggage,BagMaster,$201.99
B008596AIO,Essential Solid Crossbody,https://images.unsplash.com/photo-1553062407-98eeb64c6a62?w=400,Bags & Luggage,BagMaster,$219.99
B00JB5ZMJE,Classic Knit Cardigan,https://images.unsplash.com/photo-1595777457583-95e059d581b8?w=400,Women's Clothing,ChicWear,$79.99
B007I51TN2,Designer Printed Wallet,https://images.unsplash.com/photo-1492707892479-7bc8d5a4ee93?w=400,Accessories,TrendyBits,$56.99
B01430ZLZQ,Classic Leather Pants,https://images.unsplash.com/photo-1595777457583-95e059d581b8?w=400,Women's Clothing,ChicWear,$71.99
B00449FMNS,Trendy Cotton Suit,https://images.unsplash.com/photo-1586790170083-2f9ceadc732d?w=400,Men's Clothing,UrbanGent,$59.99
B0185SONB0,Elegant Solid Necklace,https://images.unsplash.com/photo-1535632066927-ab7c9ab60908?w=400,Jewelry,LuxeJewel,$140.99
B01DZUUEG6,Premium Denim Tie,https://images.unsplash.com/photo-1492707892479-7bc8d5a4ee93?w=400,Accessories,TrendyBits,$39.99
B011P2KA1U,Designer Leather Gloves,https://images.unsplash.com/photo-1492707892479-7bc8d5a4ee93?w=400,Accessories,TrendyBits,$180.99
B00M0FS6H2,Comfortable Leather Cardigan,https://images.unsplash.com/photo-1595777457583-95e059d581b8?w=400,Women's Clothing,ChicWear,$109.99
B00JUETL66,Modern Denim Jacket,https://images.unsplash.com/photo-1586790170083-2f9ceadc732d?w=400,Men's Clothing,UrbanGent,$45.99
B01EWSF3LQ,Premium Cotton Hat,https://images.unsplash.com/photo-1492707892479-7bc8d5a4ee93?w=400,Accessories,TrendyBits,$63.99
B00A3UTNUK,Casual Solid Suitcase,https://images.unsplash.com/photo-1553062407-98eeb64c6a62?w=400,Bags & Luggage,BagMaster,$207.99
B00H4GI8HK,Casual Solid Handbag,https://images.unsplash.com/photo-1553062407-98eeb64c6a62?w=400,Bags & Luggage,BagMaster,$243.99
B00Q42NV18,Classic Woven Cardigan,https://images.unsplash.com/photo-1595777457583-95e059d581b8?w=400,Women's Clothing,ChicWear,$114.99
B00VFZHFIO,Stylish Silk Sandals,https://images.unsplash.com/photo-1542291026-7eec264c27ff?w=400,Footwear,WalkEasy,$114.99
B00VPQYU8G,Premium Printed Wallet,https://images.unsplash.com/photo-1492707892479-7bc8d5a4ee93?w=400,Accessories,TrendyBits,$181.99
B00QF2SCHU,Designer Synthetic Watch,https://images.unsplash.com/photo-1492707892479-7bc8d5a4ee93?w=400,Accessories,TrendyBits,$97.99
B018S237PG,Classic Silk Skirt,https://images.unsplash.com/photo-1595777457583-95e059d581b8?w=400,Women's Clothing,ChicWear,$117.99
B01DF18A0M,Designer Printed Hat,https://images.unsplash.com/photo-1492707892479-7bc8d5a4ee93?w=400,Accessories,TrendyBits,$148.99
B00B7O7ZZ6,Designer Woven Wallet,https://images.unsplash.com/photo-1492707892479-7bc8d5a4ee93?w=400,Accessories,TrendyBits,$46.99
B017GSBTAI,Stylish Wool Sandals,https://images.unsplash.com/photo-1542291026-7eec264c27ff?w=400,Footwear,WalkEasy,$42.99
B016ZQ5SHM,Stylish Printed Sandals,https://images.unsplash.com/photo-1542291026-7eec264c27ff?w=400,Footwear,WalkEasy,$122.99
B01BXNEUS0,Trendy Printed Suit,https://images.unsplash.com/photo-1586790170083-2f9ceadc732d?w=400,Men's Clothing,UrbanGent,$79.99
B00YEMDRU0,Classic Synthetic Jacket,https://images.unsplash.com/photo-1595777457583-95e059d581b8?w=400,Women's Clothing,ChicWear,$113.99
B017BB3DMM,Modern Leather T-Shirt,https://images.unsplash.com/photo-1586790170083-2f9ceadc732d?w=400,Men's Clothing,UrbanGent,$101.99
B01DQM4C8E,Premium Canvas Tie,https://images.unsplash.com/photo-1492707892479-7bc8d5a4ee93?w=400,Accessories,TrendyBits,$84.99
B015UIVA1Y,Luxury Knit Brooch,https://images.unsplash.com/photo-1535632066927-ab7c9ab60908?w=400,Jewelry,LuxeJewel,$462.99
B00OZ80J6S,Modern Cotton T-Shirt,https://images.unsplash.com/photo-1586790170083-2f9ceadc732d?w=400,Men's Clothing,UrbanGent,$71.99
B00ZWIQWP2,Elegant Leather Pendant,https://images.unsplash.com/photo-1535632066927-ab7c9ab60908?w=400,Jewelry,LuxeJewel,$302.99
B0125YGQ9C,Casual Suede Suitcase,https://images.unsplash.com/photo-1553062407-98eeb64c6a62?w=400,Bags & Luggage,BagMaster,$45.99
B00JRX9FFC,Stylish Woven Running Shoes,https://images.unsplash.com/photo-1542291026-7eec264c27ff?w=400,Footwear,WalkEasy,$120.99
B01D9VVEJ2,Elegant Silk Pendant,https://images.unsplash.com/photo-1535632066927-ab7c9ab60908?w=400,Jewelry,LuxeJewel,$156.99
B00R49P0XC,Essential Knit Messenger Bag,https://images.unsplash.com/photo-1553062407-98eeb64c6a62?w=400,Bags & Luggage,BagMaster,$237.99
B01CAVFB2I,Elegant Wool Pendant,https://images.unsplash.com/photo-1535632066927-ab7c9ab60908?w=400,Jewelry,LuxeJewel,$200.99
B00LMUONNM,Luxury Leather Earrings,https://images.unsplash.com/photo-1535632066927-ab7c9ab60908?w=400,Jewelry,LuxeJewel,$306.99
B01H5023JS,Classic Silk Dress,https://images.unsplash.com/photo-1595777457583-95e059d581b8?w=400,Women's Clothing,ChicWear,$70.99
B00VT0P78A,Classic Canvas Dress,https://images.unsplash.com/photo-1595777457583-95e059d581b8?w=400,Women's Clothing,ChicWear,$45.99
B00XOLDQIA,Vintage Solid Sneakers,https://images.unsplash.com/photo-1542291026-7eec264c27ff?w=400,Footwear,WalkEasy,$165.99
B01DBKA8HK,Vintage Silk Flats,https://images.unsplash.com/photo-1542291026-7eec264c27ff?w=400,Footwear,WalkEasy,$37.99
B00MN6IZ92,Luxury Leather Brooch,https://images.unsplash.com/photo-1535632066927-ab7c9ab60908?w=400,Jewelry,LuxeJewel,$162.99
B00V3Q7RWE,Casual Knit Handbag,https://images.unsplash.com/photo-1553062407-98eeb64c6a62?w=400,Bags & Luggage,BagMaster,$117.99
B01BY1JOVO,Comfortable Wool Jacket,https://images.unsplash.com/photo-1595777457583-95e059d581b8?w=400,Women's Clothing,ChicWear,$48.99
B00V66ZHUK,Trendy Cotton Hoodie,https://images.unsplash.com/photo-1586790170083-2f9ceadc732d?w=400,Men's Clothing,UrbanGent,$127.99
B00J8PY8CY,Vintage Printed Sneakers,https://images.unsplash.com/photo-1542291026-7eec264c27ff?w=400,Footwear,WalkEasy,$175.99
B0157KWOSI,Essential Woven Messenger Bag,https://images.unsplash.com/photo-1553062407-98eeb64c6a62?w=400,Bags & Luggage,BagMaster,$183.99
B00K76MEZG,Casual Printed Suitcase,https://images.unsplash.com/photo-1553062407-98eeb64c6a62?w=400,Bags & Luggage,BagMaster,$177.99
B00RL8AJ5A,Vintage Cotton Sneakers,https://images.unsplash.com/photo-1542291026-7eec264c27ff?w=400,Footwear,WalkEasy,$48.99
B01D8DYWQS,Comfortable Synthetic Cardigan,https://images.unsplash.com/photo-1595777457583-95e059d581b8?w=400,Women's Clothing,ChicWear,$34.99
B015Z1RCOK,Premium Leather Wallet,https://images.unsplash.com/photo-1492707892479-7bc8d5a4ee93?w=400,Accessories,TrendyBits,$131.99
B00LBVU3R2,Essential Synthetic Messenger Bag,https://images.unsplash.com/photo-1553062407-98eeb64c6a62?w=400,Bags & Luggage,BagMaster,$51.99
B00NBXBYEY,Trendy Printed Hoodie,https://images.unsplash.com/photo-1586790170083-2f9ceadc732d?w=400,Men's Clothing,UrbanGent,$147.99
B017QZ1FUA,Elegant Cotton Pendant,https://images.unsplash.com/photo-1535632066927-ab7c9ab60908?w=400,Jewelry,LuxeJewel,$438.99
B01CHXT3TQ,Comfortable Leather Pants,https://images.unsplash.com/photo-1595777457583-95e059d581b8?w=400,Women's Clothing,ChicWear,$101.99
B006TYYHUK,Elegant Synthetic Pendant,https://images.unsplash.com/photo-1535632066927-ab7c9ab60908?w=400,Jewelry,LuxeJewel,$78.99
B00HIBCNO0,Vintage Suede Flats,https://images.unsplash.com/photo-1542291026-7eec264c27ff?w=400,Footwear,WalkEasy,$81.99
B00UZ5YTFC,Luxury Silk Earrings,https://images.unsplash.com/photo-1535632066927-ab7c9ab60908?w=400,Jewelry,LuxeJewel,$326.99
B00Z9WYTGU,Trendy Printed Jeans,https://images.unsplash.com/photo-1586790170083-2f9ceadc732d?w=400,Men's Clothing,UrbanGent,$33.99
B00JXME7PA,Essential Woven Messenger Bag,https://images.unsplash.com/photo-1553062407-98eeb64c6a62?w=400,Bags & Luggage,BagMaster,$123.99
B017U73PAM,Casual Suede Suitcase,https://images.unsplash.com/photo-1553062407-98eeb64c6a62?w=400,Bags & Luggage,BagMaster,$189.99
B016QT1WSC,Luxury Denim Brooch,https://images.unsplash.com/photo-1535632066927-ab7c9ab60908?w=400,Jewelry,LuxeJewel,$168.99
B00ZEICSD0,Stylish Suede Running Shoes,https://images.unsplash.com/photo-1542291026-7eec264c27ff?w=400,Footwear,WalkEasy,$80.99
B014CP03J6,Stylish Suede Running Shoes,https://images.unsplash.com/photo-1542291026-7eec264c27ff?w=400,Footwear,WalkEasy,$157.99
B017VTQXNU,Elegant Leather Necklace,https://images.unsplash.com/photo-1535632066927-ab7c9ab60908?w=400,Jewelry,LuxeJewel,$80.99
B00NR61OUY,Trendy Solid Jacket,https://images.unsplash.com/photo-1586790170083-2f9ceadc732d?w=400,Men's Clothing,UrbanGent,$35.99
B00GN68FCU,Trendy Canvas T-Shirt,https://images.unsplash.com/photo-1586790170083-2f9ceadc732d?w=400,Men's Clothing,UrbanGent,$61.99
B01DNN39NA,Premium Synthetic Watch,https://images.unsplash.com/photo-1492707892479-7bc8d5a4ee93?w=400,Accessories,TrendyBits,$97.99
B019IW36Y2,Modern Canvas T-Shirt,https://images.unsplash.com/photo-1586790170083-2f9ceadc732d?w=400,Men's Clothing,UrbanGent,$131.99
B00YBYBK2I,Premium Cotton Tie,https://images.unsplash.com/photo-1492707892479-7bc8d5a4ee93?w=400,Accessories,TrendyBits,$94.99
B01AD47JX8,Trendy Silk T-Shirt,https://images.unsplash.com/photo-1586790170083-2f9ceadc732d?w=400,Men's Clothing,UrbanGent,$51.99
B01FCR5ZD2,Modern Silk Jeans,https://images.unsplash.com/photo-1586790170083-2f9ceadc732d?w=400,Men's Clothing,UrbanGent,$103.99
B0187MPCPA,Stylish Silk Running Shoes,https://images.unsplash.com/photo-1542291026-7eec264c27ff?w=400,Footwear,WalkEasy,$102.99
B00L449ZCA,Classic Solid Pants,https://images.unsplash.com/photo-1595777457583-95e059d581b8?w=400,Women's Clothing,ChicWear,$91.99
B00QV3OFMY,Stylish Wool Running Shoes,https://images.unsplash.com/photo-1542291026-7eec264c27ff?w=400,Footwear,WalkEasy,$159.99
B00T7J1482,Casual Solid Handbag,https://images.unsplash.com/photo-1553062407-98eeb64c6a62?w=400,Bags & Luggage,BagMaster,$189.99
B017919XAA,Classic Solid Jacket,https://images.unsplash.com/photo-1595777457583-95e059d581b8?w=400,Women's Clothing,ChicWear,$38.99
B00CJ6YMSY,Comfortable Solid Dress,https://images.unsplash.com/photo-1595777457583-95e059d581b8?w=400,Women's Clothing,ChicWear,$45.99
B00J3MGI9I,Elegant Printed Pendant,https://images.unsplash.com/photo-1535632066927-ab7c9ab60908?w=400,Jewelry,LuxeJewel,$220.99
B012Y2HCN4,Vintage Silk Flats,https://images.unsplash.com/photo-1542291026-7eec264c27ff?w=400,Footwear,WalkEasy,$156.99
B019DY33GQ,Premium Solid Watch,https://images.unsplash.com/photo-1492707892479-7bc8d5a4ee93?w=400,Accessories,TrendyBits,$37.99
B00XUQF11Y,Elegant Printed Pendant,https://images.unsplash.com/photo-1535632066927-ab7c9ab60908?w=400,Jewelry,LuxeJewel,$324.99
B00RXHGHR8,Vintage Solid Flats,https://images.unsplash.com/photo-1542291026-7eec264c27ff?w=400,Footwear,WalkEasy,$170.99
B017IFIIOY,Stylish Denim Sandals,https://images.unsplash.com/photo-1542291026-7eec264c27ff?w=400,Footwear,WalkEasy,$165.99
B01A17BXCA,Stylish Cotton Sandals,https://images.unsplash.com/photo-1542291026-7eec264c27ff?w=400,Footwear,WalkEasy,$115.99
B00CN5B8UG,Comfortable Suede Pants,https://images.unsplash.com/photo-1595777457583-95e059d581b8?w=400,Women's Clothing,ChicWear,$26.99
B00JFPS5ZS,Stylish Woven Running Shoes,https://images.unsplash.com/photo-1542291026-7eec264c27ff?w=400,Footwear,WalkEasy,$122.99
B00F7HZ5KG,Luxury Synthetic Brooch,https://images.unsplash.com/photo-1535632066927-ab7c9ab60908?w=400,Jewelry,LuxeJewel,$270.99
B00IGAODHM,Designer Cotton Hat,https://images.unsplash.com/photo-1492707892479-7bc8d5a4ee93?w=400,Accessories,TrendyBits,$58.99
B016Q0NF5Y,Designer Solid Wallet,https://images.unsplash.com/photo-1492707892479-7bc8d5a4ee93?w=400,Accessories,TrendyBits,$31.99
B00XNJ9JJI,Casual Suede Handbag,https://images.unsplash.com/photo-1553062407-98eeb64c6a62?w=400,Bags & Luggage,BagMaster,$111.99
B00QGBHHZ8,Comfortable Wool Jacket,https://images.unsplash.com/photo-1595777457583-95e059d581b8?w=400,Women's Clothing,ChicWear,$68.99
B003G0H43C,Vintage Solid Flats,https://images.unsplash.com/photo-1542291026-7eec264c27ff?w=400,Footwear,WalkEasy,$50.99
B01FQPZIQY,Stylish Suede Running Shoes,https://images.unsplash.com/photo-1542291026-7eec264c27ff?w=400,Footwear,WalkEasy,$53.99
B0149XUVD4,Essential Suede Crossbody,https://images.unsplash.com/photo-1553062407-98eeb64c6a62?w=400,Bags & Luggage,BagMaster,$69.99
B011V8AU8G,Elegant Synthetic Pendant,https://images.unsplash.com/photo-1535632066927-ab7c9ab60908?w=400,Jewelry,LuxeJewel,$90.99
B019231ULI,Essential Silk Crossbody,https://images.unsplash.com/photo-1553062407-98eeb64c6a62?w=400,Bags & Luggage,BagMaster,$243.99
B00Z8WIXEA,Stylish Denim Running Shoes,https://images.unsplash.com/photo-1542291026-7eec264c27ff?w=400,Footwear,WalkEasy,$174.99
B00PQ8D41S,Elegant Woven Pendant,https://images.unsplash.com/photo-1535632066927-ab7c9ab60908?w=400,Jewelry,LuxeJewel,$280.99
B00V3C12RE,Essential Wool Crossbody,https://images.unsplash.com/photo-1553062407-98eeb64c6a62?w=400,Bags & Luggage,BagMaster,$93.99
B00DDXO1JC,Trendy Suede Suit,https://images.unsplash.com/photo-1586790170083-2f9ceadc732d?w=400,Men's Clothing,UrbanGent,$109.99
B017II9K2A,Luxury Knit Earrings,https://images.unsplash.com/photo-1535632066927-ab7c9ab60908?w=400,Jewelry,LuxeJewel,$72.99
B00TFB47G8,Elegant Printed Pendant,https://images.unsplash.com/photo-1535632066927-ab7c9ab60908?w=400,Jewelry,LuxeJewel,$156.99
B009PMJZUA,Designer Suede Tie,https://images.unsplash.com/photo-1492707892479-7bc8d5a4ee93?w=400,Accessories,TrendyBits,$129.99
B000EB3RXM,Casual Cotton Suitcase,https://images.unsplash.com/photo-1553062407-98eeb64c6a62?w=400,Bags & Luggage,BagMaster,$135.99
B00V6Y75AC,Modern Printed T-Shirt,https://images.unsplash.com/photo-1586790170083-2f9ceadc732d?w=400,Men's Clothing,UrbanGent,$141.99
B01EQTIC1O,Modern Wool Jeans,https://images.unsplash.com/photo-1586790170083-2f9ceadc732d?w=400,Men's Clothing,UrbanGent,$123.99
B01D2SSEUE,Comfortable Solid Skirt,https://images.unsplash.com/photo-1595777457583-95e059d581b8?w=400,Women's Clothing,ChicWear,$57.99
B01HCJL5AK,Comfortable Suede Jacket,https://images.unsplash.com/photo-1595777457583-95e059d581b8?w=400,Women's Clothing,ChicWear,$78.99
B0179AVA7U,Comfortable Synthetic Pants,https://images.unsplash.com/photo-1595777457583-95e059d581b8?w=400,Women's Clothing,ChicWear,$51.99
B01E8O3AGO,Modern Woven Hoodie,https://images.unsplash.com/photo-1586790170083-2f9ceadc732d?w=400,Men's Clothing,UrbanGent,$117.99
B011TS7P9A,Premium Synthetic Wallet,https://images.unsplash.com/photo-1492707892479-7bc8d5a4ee93?w=400,Accessories,TrendyBits,$51.99
B00GY2BJBM,Comfortable Synthetic Dress,https://images.unsplash.com/photo-1595777457583-95e059d581b8?w=400,Women's Clothing,ChicWear,$110.99
B00SGK2P0Y,Trendy Silk Jeans,https://images.unsplash.com/photo-1586790170083-2f9ceadc732d?w=400,Men's Clothing,UrbanGent,$113.99
B003ELG9RU,Essential Leather Messenger Bag,https://images.unsplash.com/photo-1553062407-98eeb64c6a62?w=400,Bags & Luggage,BagMaster,$189.99
B00286O6GS,Essential Silk Crossbody,https://images.unsplash.com/photo-1553062407-98eeb64c6a62?w=400,Bags & Luggage,BagMaster,$45.99
B01DNAIGMW,Essential Silk Crossbody,https://images.unsplash.com/photo-1553062407-98eeb64c6a62?w=400,Bags & Luggage,BagMaster,$213.99
B01C1IZWZ6,Premium Wool Hat,https://images.unsplash.com/photo-1492707892479-7bc8d5a4ee93?w=400,Accessories,TrendyBits,$158.99
B00HWB57HG,Classic Silk Dress,https://images.unsplash.com/photo-1595777457583-95e059d581b8?w=400,Women's Clothing,ChicWear,$90.99
B00MS58EH6,Classic Silk Jacket,https://images.unsplash.com/photo-1595777457583-95e059d581b8?w=400,Women's Clothing,ChicWear,$28.99
B019Z7WMXG,Modern Canvas T-Shirt,https://images.unsplash.com/photo-1586790170083-2f9ceadc732d?w=400,Men's Clothing,UrbanGent,$21.99
B00ZFXADU4,Luxury Knit Earrings,https://images.unsplash.com/photo-1535632066927-ab7c9ab60908?w=400,Jewelry,LuxeJewel,$232.99
B01C5FCKZK,Vintage Denim Sneakers,https://images.unsplash.com/photo-1542291026-7eec264c27ff?w=400,Footwear,WalkEasy,$119.99
B00YD4ZHQ6,Designer Suede Hat,https://images.unsplash.com/photo-1492707892479-7bc8d5a4ee93?w=400,Accessories,TrendyBits,$118.99
B01093TCRO,Classic Wool Dress,https://images.unsplash.com/photo-1595777457583-95e059d581b8?w=400,Women's Clothing,ChicWear,$75.99
B00ATKM0N6,Trendy Cotton Suit,https://images.unsplash.com/photo-1586790170083-2f9ceadc732d?w=400,Men's Clothing,UrbanGent,$79.99
B019OLDAIY,Vintage Suede Sneakers,https://images.unsplash.com/photo-1542291026-7eec264c27ff?w=400,Footwear,WalkEasy,$44.99
B00S7ZF27G,Essential Leather Messenger Bag,https://images.unsplash.com/photo-1553062407-98eeb64c6a62?w=400,Bags & Luggage,BagMaster,$63.99
B018AAQKEG,Essential Canvas Crossbody,https://images.unsplash.com/photo-1553062407-98eeb64c6a62?w=400,Bags & Luggage,BagMaster,$129.99
B01DLZ7UZS,Modern Woven T-Shirt,https://images.unsplash.com/photo-1586790170083-2f9ceadc732d?w=400,Men's Clothing,UrbanGent,$141.99
B00U5T4GLU,Stylish Woven Sandals,https://images.unsplash.com/photo-1542291026-7eec264c27ff?w=400,Footwear,WalkEasy,$49.99
B00VKQYIA6,Designer Canvas Hat,https://images.unsplash.com/photo-1492707892479-7bc8d5a4ee93?w=400,Accessories,TrendyBits,$93.99
B00BV1YS6E,Modern Woven Hoodie,https://images.unsplash.com/photo-1586790170083-2f9ceadc732d?w=400,Men's Clothing,UrbanGent,$97.99
B00ZHYTCA8,Trendy Canvas Jeans,https://images.unsplash.com/photo-1586790170083-2f9ceadc732d?w=400,Men's Clothing,UrbanGent,$63.99
B00NIPAIFG,Essential Woven Messenger Bag,https://images.unsplash.com/photo-1553062407-98eeb64c6a62?w=400,Bags & Luggage,BagMaster,$219.99
B016DETWI2,Trendy Leather Suit,https://images.unsplash.com/photo-1586790170083-2f9ceadc732d?w=400,Men's Clothing,UrbanGent,$109.99
B016JR9WEC,Classic Leather Jacket,https://images.unsplash.com/photo-1595777457583-95e059d581b8?w=400,Women's Clothing,ChicWear,$88.99
B00IYETUBO,Modern Canvas Suit,https://images.unsplash.com/photo-1586790170083-2f9ceadc732d?w=400,Men's Clothing,UrbanGent,$89.99
B00HH973ZM,Casual Denim Handbag,https://images.unsplash.com/photo-1553062407-98eeb64c6a62?w=400,Bags & Luggage,BagMaster,$159.99
B019I6U4NY,Modern Canvas Hoodie,https://images.unsplash.com/photo-1586790170083-2f9ceadc732d?w=400,Men's Clothing,UrbanGent,$77.99
B00QV945H8,Vintage Woven Sneakers,https://images.unsplash.com/photo-1542291026-7eec264c27ff?w=400,Footwear,WalkEasy,$70.99
B01FLW0O2A,Vintage Denim Flats,https://images.unsplash.com/photo-1542291026-7eec264c27ff?w=400,Footwear,WalkEasy,$57.99
B007WA3GMK,Classic Woven Jacket,https://images.unsplash.com/photo-1595777457583-95e059d581b8?w=400,Women's Clothing,ChicWear,$93.99
B016MENNFG,Vintage Silk Flats,https://images.unsplash.com/photo-1542291026-7eec264c27ff?w=400,Footwear,WalkEasy,$111.99
B00FAQY780,Elegant Suede Pendant,https://images.unsplash.com/photo-1535632066927-ab7c9ab60908?w=400,Jewelry,LuxeJewel,$226.99
B00ZEOXBX0,Vintage Knit Sneakers,https://images.unsplash.com/photo-1542291026-7eec264c27ff?w=400,Footwear,WalkEasy,$132.99
B00FEVBQ7G,Premium Woven Watch,https://images.unsplash.com/photo-1492707892479-7bc8d5a4ee93?w=400,Accessories,TrendyBits,$87.99
B0045519M4,Modern Silk T-Shirt,https://images.unsplash.com/photo-1586790170083-2f9ceadc732d?w=400,Men's Clothing,UrbanGent,$81.99
B00JUJIOXW,Vintage Solid Flats,https://images.unsplash.com/photo-1542291026-7eec264c27ff?w=400,Footwear,WalkEasy,$117.99
B00F061NSW,Comfortable Synthetic Skirt,https://images.unsplash.com/photo-1595777457583-95e059d581b8?w=400,Women's Clothing,ChicWear,$62.99
B00M0FXHJY,Essential Suede Crossbody,https://images.unsplash.com/photo-1553062407-98eeb64c6a62?w=400,Bags & Luggage,BagMaster,$249.99
B00ZK9IS46,Modern Canvas T-Shirt,https://images.unsplash.com/photo-1586790170083-2f9ceadc732d?w=400,Men's Clothing,UrbanGent,$41.99
B00A78XJ4O,Trendy Wool Hoodie,https://images.unsplash.com/photo-1586790170083-2f9ceadc732d?w=400,Men's Clothing,UrbanGent,$117.99
B01G4SPN2Q,Classic Cotton Dress,https://images.unsplash.com/photo-1595777457583-95e059d581b8?w=400,Women's Clothing,ChicWear,$35.99
B00ITHOA52,Vintage Canvas Flats,https://images.unsplash.com/photo-1542291026-7eec264c27ff?w=400,Footwear,WalkEasy,$143.99
B017SWYNIW,Comfortable Canvas Jacket,https://images.unsplash.com/photo-1595777457583-95e059d581b8?w=400,Women's Clothing,ChicWear,$78.99
B00P7BB7X6,Casual Denim Handbag,https://images.unsplash.com/photo-1553062407-98eeb64c6a62?w=400,Bags & Luggage,BagMaster,$201.99
B01AI07HR0,Elegant Printed Necklace,https://images.unsplash.com/photo-1535632066927-ab7c9ab60908?w=400,Jewelry,LuxeJewel,$338.99
B0016P3ZJ6,Casual Wool Handbag,https://images.unsplash.com/photo-1553062407-98eeb64c6a62?w=400,Bags & Luggage,BagMaster,$171.99
B016ZCJLNS,Essential Silk Crossbody,https://images.unsplash.com/photo-1553062407-98eeb64c6a62?w=400,Bags & Luggage,BagMaster,$177.99
B00EWAZV8K,Luxury Woven Earrings,https://images.unsplash.com/photo-1535632066927-ab7c9ab60908?w=400,Jewelry,LuxeJewel,$54.99
B00KHX4CU4,Vintage Woven Sneakers,https://images.unsplash.com/photo-1542291026-7eec264c27ff?w=400,Footwear,WalkEasy,$53.99
B01685WZL2,Comfortable Cotton Dress,https://images.unsplash.com/photo-1595777457583-95e059d581b8?w=400,Women's Clothing,ChicWear,$50.99
B01EX27KS0,Comfortable Solid Skirt,https://images.unsplash.com/photo-1595777457583-95e059d581b8?w=400,Women's Clothing,ChicWear,$37.99
B017QEDTAA,Designer Denim Hat,https://images.unsplash.com/photo-1492707892479-7bc8d5a4ee93?w=400,Accessories,TrendyBits,$38.99
B00J7KP0TK,Classic Woven Jacket,https://images.unsplash.com/photo-1595777457583-95e059d581b8?w=400,Women's Clothing,ChicWear,$93.99
B019Z7WMXQ,Stylish Solid Running Shoes,https://images.unsplash.com/photo-1542291026-7eec264c27ff?w=400,Footwear,WalkEasy,$145.99
B00U642986,Modern Cotton T-Shirt,https://images.unsplash.com/photo-1586790170083-2f9ceadc732d?w=400,Men's Clothing,UrbanGent,$71.99
B014V960ZO,Essential Printed Crossbody,https://images.unsplash.com/photo-1553062407-98eeb64c6a62?w=400,Bags & Luggage,BagMaster,$213.99
B0079V85GY,Trendy Wool Suit,https://images.unsplash.com/photo-1586790170083-2f9ceadc732d?w=400,Men's Clothing,UrbanGent,$79.99
B00DR7N5SM,Luxury Solid Earrings,https://images.unsplash.com/photo-1535632066927-ab7c9ab60908?w=400,Jewelry,LuxeJewel,$438.99
B00NBW8EPW,Designer Canvas Gloves,https://images.unsplash.com/photo-1492707892479-7bc8d5a4ee93?w=400,Accessories,TrendyBits,$130.99
B00W59A2EI,Casual Denim Suitcase,https://images.unsplash.com/photo-1553062407-98eeb64c6a62?w=400,Bags & Luggage,BagMaster,$183.99
B01HH3WJVA,Luxury Solid Brooch,https://images.unsplash.com/photo-1535632066927-ab7c9ab60908?w=400,Jewelry,LuxeJewel,$250.99
B01GH5SJWW,Designer Printed Tie,https://images.unsplash.com/photo-1492707892479-7bc8d5a4ee93?w=400,Accessories,TrendyBits,$34.99
B004URXF60,Vintage Silk Sneakers,https://images.unsplash.com/photo-1542291026-7eec264c27ff?w=400,Footwear,WalkEasy,$89.99
B0185GSQOC,Stylish Leather Sandals,https://images.unsplash.com/photo-1542291026-7eec264c27ff?w=400,Footwear,WalkEasy,$94.99
B011BRYIU8,Premium Knit Wallet,https://images.unsplash.com/photo-1492707892479-7bc8d5a4ee93?w=400,Accessories,TrendyBits,$26.99
B00HY8S4LI,Designer Knit Gloves,https://images.unsplash.com/photo-1492707892479-7bc8d5a4ee93?w=400,Accessories,TrendyBits,$135.99
B009COPLLI,Designer Suede Gloves,https://images.unsplash.com/photo-1492707892479-7bc8d5a4ee93?w=400,Accessories,TrendyBits,$95.99
B0140XRG6I,Comfortable Woven Pants,https://images.unsplash.com/photo-1595777457583-95e059d581b8?w=400,Women's Clothing,ChicWear,$71.99
B00VWC8H8W,Comfortable Synthetic Cardigan,https://images.unsplash.com/photo-1595777457583-95e059d581b8?w=400,Women's Clothing,ChicWear,$114.99
B0192ZMOEI,Luxury Printed Earrings,https://images.unsplash.com/photo-1535632066927-ab7c9ab60908?w=400,Jewelry,LuxeJewel,$70.99
B01FH6XXO6,Premium Cotton Watch,https://images.unsplash.com/photo-1492707892479-7bc8d5a4ee93?w=400,Accessories,TrendyBits,$137.99
B0117F8KDA,Modern Knit Suit,https://images.unsplash.com/photo-1586790170083-2f9ceadc732d?w=400,Men's Clothing,UrbanGent,$89.99
B01FHRSE0S,Modern Solid Jacket,https://images.unsplash.com/photo-1586790170083-2f9ceadc732d?w=400,Men's Clothing,UrbanGent,$105.99
B01FCQUG1O,Comfortable Cotton Jacket,https://images.unsplash.com/photo-1595777457583-95e059d581b8?w=400,Women's Clothing,ChicWear,$93.99
B00CQ9561G,Stylish Synthetic Running Shoes,https://images.unsplash.com/photo-1542291026-7eec264c27ff?w=400,Footwear,WalkEasy,$77.99
B01CFHCAJO,Stylish Wool Running Shoes,https://images.unsplash.com/photo-1542291026-7eec264c27ff?w=400,Footwear,WalkEasy,$170.99
B01E5DM4WO,Comfortable Cotton Pants,https://images.unsplash.com/photo-1595777457583-95e059d581b8?w=400,Women's Clothing,ChicWear,$36.99
B0098YET2Y,Classic Cotton Dress,https://images.unsplash.com/photo-1595777457583-95e059d581b8?w=400,Women's Clothing,ChicWear,$50.99
B00BY6I61O,Stylish Printed Running Shoes,https://images.unsplash.com/photo-1542291026-7eec264c27ff?w=400,Footwear,WalkEasy,$39.99
B00GO4JTDK,Vintage Knit Flats,https://images.unsplash.com/photo-1542291026-7eec264c27ff?w=400,Footwear,WalkEasy,$142.99
B0142N1XHY,Essential Wool Crossbody,https://images.unsplash.com/photo-1553062407-98eeb64c6a62?w=400,Bags & Luggage,BagMaster,$201.99
B00CPS78W8,Vintage Printed Sneakers,https://images.unsplash.com/photo-1542291026-7eec264c27ff?w=400,Footwear,WalkEasy,$98.99
B00AJUCZSG,Luxury Silk Brooch,https://images.unsplash.com/photo-1535632066927-ab7c9ab60908?w=400,Jewelry,LuxeJewel,$452.99
B00YROTNXK,Elegant Silk Necklace,https://images.unsplash.com/photo-1535632066927-ab7c9ab60908?w=400,Jewelry,LuxeJewel,$438.99
B01F1ZONLK,Essential Suede Messenger Bag,https://images.unsplash.com/photo-1553062407-98eeb64c6a62?w=400,Bags & Luggage,BagMaster,$141.99
B00KIKU9VC,Designer Printed Gloves,https://images.unsplash.com/photo-1492707892479-7bc8d5a4ee93?w=400,Accessories,TrendyBits,$165.99
B00X3AGNOG,Essential Wool Crossbody,https://images.unsplash.com/photo-1553062407-98eeb64c6a62?w=400,Bags & Luggage,BagMaster,$153.99
B0198PFEG2,Classic Printed Dress,https://images.unsplash.com/photo-1595777457583-95e059d581b8?w=400,Women's Clothing,ChicWear,$85.99
B00EVKGOLO,Classic Cotton Skirt,https://images.unsplash.com/photo-1595777457583-95e059d581b8?w=400,Women's Clothing,ChicWear,$82.99
B011FN6HHU,Comfortable Suede Jacket,https://images.unsplash.com/photo-1595777457583-95e059d581b8?w=400,Women's Clothing,ChicWear,$78.99
B01H5E3GG8,Luxury Synthetic Earrings,https://images.unsplash.com/photo-1535632066927-ab7c9ab60908?w=400,Jewelry,LuxeJewel,$358.99
B01DZRMJA8,Casual Solid Handbag,https://images.unsplash.com/photo-1553062407-98eeb64c6a62?w=400,Bags & Luggage,BagMaster,$159.99
B00ZXVHYNW,Elegant Synthetic Necklace,https://images.unsplash.com/photo-1535632066927-ab7c9ab60908?w=400,Jewelry,LuxeJewel,$378.99
B0191UCKPW,Comfortable Wool Pants,https://images.unsplash.com/photo-1595777457583-95e059d581b8?w=400,Women's Clothing,ChicWear,$96.99
B00TKENO9Q,Luxury Printed Earrings,https://images.unsplash.com/photo-1535632066927-ab7c9ab60908?w=400,Jewelry,LuxeJewel,$166.99
B00Q438XPG,Modern Denim Jeans,https://images.unsplash.com/photo-1586790170083-2f9ceadc732d?w=400,Men's Clothing,UrbanGent,$43.99
B00FO74LGS,Classic Synthetic Pants,https://images.unsplash.com/photo-1595777457583-95e059d581b8?w=400,Women's Clothing,ChicWear,$66.99
B00BM27OTK,Essential Canvas Messenger Bag,https://images.unsplash.com/photo-1553062407-98eeb64c6a62?w=400,Bags & Luggage,BagMaster,$111.99
B01DZTUEWG,Premium Cotton Tie,https://images.unsplash.com/photo-1492707892479-7bc8d5a4ee93?w=400,Accessories,TrendyBits,$54.99
B00LSDLAPW,Vintage Canvas Flats,https://images.unsplash.com/photo-1542291026-7eec264c27ff?w=400,Footwear,WalkEasy,$74.99
B00UA52OVS,Vintage Solid Flats,https://images.unsplash.com/photo-1542291026-7eec264c27ff?w=400,Footwear,WalkEasy,$138.99
B012YZ24JS,Essential Cotton Crossbody,https://images.unsplash.com/photo-1553062407-98eeb64c6a62?w=400,Bags & Luggage,BagMaster,$183.99
B00YEKAKKM,Luxury Synthetic Brooch,https://images.unsplash.com/photo-1535632066927-ab7c9ab60908?w=400,Jewelry,LuxeJewel,$264.99
B00P3JYO64,Luxury Silk Brooch,https://images.unsplash.com/photo-1535632066927-ab7c9ab60908?w=400,Jewelry,LuxeJewel,$282.99
B01CG6ONZS,Essential Printed Messenger Bag,https://images.unsplash.com/photo-1553062407-98eeb64c6a62?w=400,Bags & Luggage,BagMaster,$57.99
B00EHX92F0,Essential Denim Crossbody,https://images.unsplash.com/photo-1553062407-98eeb64c6a62?w=400,Bags & Luggage,BagMaster,$213.99
B01F4Q1JZE,Vintage Suede Sneakers,https://images.unsplash.com/photo-1542291026-7eec264c27ff?w=400,Footwear,WalkEasy,$66.99
B00SXU2TEO,Luxury Cotton Earrings,https://images.unsplash.com/photo-1535632066927-ab7c9ab60908?w=400,Jewelry,LuxeJewel,$252.99
B00J7QINL6,Premium Synthetic Tie,https://images.unsplash.com/photo-1492707892479-7bc8d5a4ee93?w=400,Accessories,TrendyBits,$64.99
B01FQ9TOSI,Casual Denim Handbag,https://images.unsplash.com/photo-1553062407-98eeb64c6a62?w=400,Bags & Luggage,BagMaster,$243.99
B00K76MUBY,Designer Silk Hat,https://images.unsplash.com/photo-1492707892479-7bc8d5a4ee93?w=400,Accessories,TrendyBits,$68.99
B00NINCD3S,Premium Wool Wallet,https://images.unsplash.com/photo-1492707892479-7bc8d5a4ee93?w=400,Accessories,TrendyBits,$86.99
B0082932EM,Vintage Knit Sneakers,https://images.unsplash.com/photo-1542291026-7eec264c27ff?w=400,Footwear,WalkEasy,$131.99
B00P93NJ0G,Vintage Silk Flats,https://images.unsplash.com/photo-1542291026-7eec264c27ff?w=400,Footwear,WalkEasy,$61.99
B01GA35PTQ,Modern Synthetic Jacket,https://images.unsplash.com/photo-1586790170083-2f9ceadc732d?w=400,Men's Clothing,UrbanGent,$145.99
B014CNHWAG,Classic Woven Jacket,https://images.unsplash.com/photo-1595777457583-95e059d581b8?w=400,Women's Clothing,ChicWear,$78.99
B015H6STSQ,Elegant Wool Necklace,https://images.unsplash.com/photo-1535632066927-ab7c9ab60908?w=400,Jewelry,LuxeJewel,$486.99
B00YC5UFS6,Stylish Canvas Sandals,https://images.unsplash.com/photo-1542291026-7eec264c27ff?w=400,Footwear,WalkEasy,$142.99
B00FFYVH4O,Stylish Denim Running Shoes,https://images.unsplash.com/photo-1542291026-7eec264c27ff?w=400,Footwear,WalkEasy,$143.99
B00Y0IV32M,Trendy Printed Hoodie,https://images.unsplash.com/photo-1586790170083-2f9ceadc732d?w=400,Men's Clothing,UrbanGent,$77.99
B017QEDSAQ,Premium Cotton Hat,https://images.unsplash.com/photo-1492707892479-7bc8d5a4ee93?w=400,Accessories,TrendyBits,$178.99
B00WJBXP4Q,Trendy Canvas Suit,https://images.unsplash.com/photo-1586790170083-2f9ceadc732d?w=400,Men's Clothing,UrbanGent,$149.99
B00K5NFO5I,Modern Woven Jacket,https://images.unsplash.com/photo-1586790170083-2f9ceadc732d?w=400,Men's Clothing,UrbanGent,$95.99
B00NFBXTCM,Stylish Silk Sandals,https://images.unsplash.com/photo-1542291026-7eec264c27ff?w=400,Footwear,WalkEasy,$166.99
B00SMGW7WI,Elegant Wool Necklace,https://images.unsplash.com/photo-1535632066927-ab7c9ab60908?w=400,Jewelry,LuxeJewel,$454.99
B00WW53LF2,Vintage Suede Flats,https://images.unsplash.com/photo-1542291026-7eec264c27ff?w=400,Footwear,WalkEasy,$63.99
B00UBNC5PE,Modern Cotton Jacket,https://images.unsplash.com/photo-1586790170083-2f9ceadc732d?w=400,Men's Clothing,UrbanGent,$45.99
B00O4U6ZAQ,Luxury Knit Earrings,https://images.unsplash.com/photo-1535632066927-ab7c9ab60908?w=400,Jewelry,LuxeJewel,$302.99
B015YOMN2E,Trendy Woven Suit,https://images.unsplash.com/photo-1586790170083-2f9ceadc732d?w=400,Men's Clothing,UrbanGent,$49.99
B015Z258QI,Trendy Solid Hoodie,https://images.unsplash.com/photo-1586790170083-2f9ceadc732d?w=400,Men's Clothing,UrbanGent,$117.99
B01E5CJJ0K,Vintage Wool Flats,https://images.unsplash.com/photo-1542291026-7eec264c27ff?w=400,Footwear,WalkEasy,$162.99
B004I90YIW,Designer Printed Hat,https://images.unsplash.com/photo-1492707892479-7bc8d5a4ee93?w=400,Accessories,TrendyBits,$123.99
B016386S58,Essential Suede Crossbody,https://images.unsplash.com/photo-1553062407-98eeb64c6a62?w=400,Bags & Luggage,BagMaster,$87.99
B00MXYVZMI,Modern Knit Jacket,https://images.unsplash.com/photo-1586790170083-2f9ceadc732d?w=400,Men's Clothing,UrbanGent,$75.99
B00XBO1W5O,Elegant Silk Pendant,https://images.unsplash.com/photo-1535632066927-ab7c9ab60908?w=400,Jewelry,LuxeJewel,$440.99
B01EUQ27FA,Stylish Wool Sandals,https://images.unsplash.com/photo-1542291026-7eec264c27ff?w=400,Footwear,WalkEasy,$162.99
B01D4KYQ2A,Elegant Leather Necklace,https://images.unsplash.com/photo-1535632066927-ab7c9ab60908?w=400,Jewelry,LuxeJewel,$90.99
B01HBFBDRU,Designer Canvas Tie,https://images.unsplash.com/photo-1492707892479-7bc8d5a4ee93?w=400,Accessories,TrendyBits,$109.99
B017G38PVO,Stylish Synthetic Sandals,https://images.unsplash.com/photo-1542291026-7eec264c27ff?w=400,Footwear,WalkEasy,$86.99
B013JENH80,Elegant Canvas Pendant,https://images.unsplash.com/photo-1535632066927-ab7c9ab60908?w=400,Jewelry,LuxeJewel,$146.99
B00KXQMA0Y,Classic Solid Cardigan,https://images.unsplash.com/photo-1595777457583-95e059d581b8?w=400,Women's Clothing,ChicWear,$99.99
B01C2SWN0W,Trendy Leather Jeans,https://images.unsplash.com/photo-1586790170083-2f9ceadc732d?w=400,Men's Clothing,UrbanGent,$83.99
B01GKJXO5M,Luxury Synthetic Brooch,https://images.unsplash.com/photo-1535632066927-ab7c9ab60908?w=400,Jewelry,LuxeJewel,$132.99
B00KC2ETYO,Classic Wool Jacket,https://images.unsplash.com/photo-1595777457583-95e059d581b8?w=400,Women's Clothing,ChicWear,$113.99
B01GLDZ2VG,Premium Silk Tie,https://images.unsplash.com/photo-1492707892479-7bc8d5a4ee93?w=400,Accessories,TrendyBits,$164.99
B00EZ776EW,Premium Woven Gloves,https://images.unsplash.com/photo-1492707892479-7bc8d5a4ee93?w=400,Accessories,TrendyBits,$30.99
B01C3XSF4E,Stylish Printed Sandals,https://images.unsplash.com/photo-1542291026-7eec264c27ff?w=400,Footwear,WalkEasy,$117.99
B01DZB096U,Essential Printed Crossbody,https://images.unsplash.com/photo-1553062407-98eeb64c6a62?w=400,Bags & Luggage,BagMaster,$87.99
B00J7JFSTS,Luxury Denim Brooch,https://images.unsplash.com/photo-1535632066927-ab7c9ab60908?w=400,Jewelry,LuxeJewel,$232.99
B00J37SQHA,Premium Suede Hat,https://images.unsplash.com/photo-1492707892479-7bc8d5a4ee93?w=400,Accessories,TrendyBits,$163.99
B011EG2WC2,Elegant Knit Pendant,https://images.unsplash.com/photo-1535632066927-ab7c9ab60908?w=400,Jewelry,LuxeJewel,$330.99
B01GDSWEK6,Classic Canvas Cardigan,https://images.unsplash.com/photo-1595777457583-95e059d581b8?w=400,Women's Clothing,ChicWear,$94.99
B00WTUFO3M,Modern Silk T-Shirt,https://images.unsplash.com/photo-1586790170083-2f9ceadc732d?w=400,Men's Clothing,UrbanGent,$31.99
B00OAZOMMI,Trendy Suede Jeans,https://images.unsplash.com/photo-1586790170083-2f9ceadc732d?w=400,Men's Clothing,UrbanGent,$143.99
B015FMQR0O,Classic Canvas Cardigan,https://images.unsplash.com/photo-1595777457583-95e059d581b8?w=400,Women's Clothing,ChicWear,$99.99
B0126Q4YV6,Vintage Denim Sneakers,https://images.unsplash.com/photo-1542291026-7eec264c27ff?w=400,Footwear,WalkEasy,$78.99
B01F57VWFY,Classic Solid Pants,https://images.unsplash.com/photo-1595777457583-95e059d581b8?w=400,Women's Clothing,ChicWear,$36.99
B01FHS231I,Elegant Cotton Necklace,https://images.unsplash.com/photo-1535632066927-ab7c9ab60908?w=400,Jewelry,LuxeJewel,$98.99
B015MKZ7L4,Casual Woven Suitcase,https://images.unsplash.com/photo-1553062407-98eeb64c6a62?w=400,Bags & Luggage,BagMaster,$219.99
B01DK9PJE4,Premium Knit Watch,https://images.unsplash.com/photo-1492707892479-7bc8d5a4ee93?w=400,Accessories,TrendyBits,$57.99
B00ISIFQG4,Essential Solid Messenger Bag,https://images.unsplash.com/photo-1553062407-98eeb64c6a62?w=400,Bags & Luggage,BagMaster,$165.99
B014DQLPNC,Trendy Woven Jeans,https://images.unsplash.com/photo-1586790170083-2f9ceadc732d?w=400,Men's Clothing,UrbanGent,$113.99
B00J3RYOC6,Modern Denim Jacket,https://images.unsplash.com/photo-1586790170083-2f9ceadc732d?w=400,Men's Clothing,UrbanGent,$75.99
B0148UA04I,Elegant Solid Necklace,https://images.unsplash.com/photo-1535632066927-ab7c9ab60908?w=400,Jewelry,LuxeJewel,$352.99
B00Y45AA6G,Trendy Printed Hoodie,https://images.unsplash.com/photo-1586790170083-2f9ceadc732d?w=400,Men's Clothing,UrbanGent,$47.99
B00GN7Y1DQ,Premium Canvas Gloves,https://images.unsplash.com/photo-1492707892479-7bc8d5a4ee93?w=400,Accessories,TrendyBits,$85.99
B01BVYGXV8,Essential Canvas Messenger Bag,https://images.unsplash.com/photo-1553062407-98eeb64c6a62?w=400,Bags & Luggage,BagMaster,$201.99
B00EZKJ74G,Luxury Canvas Brooch,https://images.unsplash.com/photo-1535632066927-ab7c9ab60908?w=400,Jewelry,LuxeJewel,$210.99
B016OG1UY8,Luxury Cotton Earrings,https://images.unsplash.com/photo-1535632066927-ab7c9ab60908?w=400,Jewelry,LuxeJewel,$44.99
B00QN35RJC,Elegant Cotton Necklace,https://images.unsplash.com/photo-1535632066927-ab7c9ab60908?w=400,Jewelry,LuxeJewel,$326.99
B00SCVJBAY,Trendy Leather Hoodie,https://images.unsplash.com/photo-1586790170083-2f9ceadc732d?w=400,Men's Clothing,UrbanGent,$87.99
B001HBCSEC,Classic Denim Jacket,https://images.unsplash.com/photo-1595777457583-95e059d581b8?w=400,Women's Clothing,ChicWear,$88.99
B00R8EKO8O,Stylish Wool Sandals,https://images.unsplash.com/photo-1542291026-7eec264c27ff?w=400,Footwear,WalkEasy,$113.99
B00CO8I242,Casual Synthetic Suitcase,https://images.unsplash.com/photo-1553062407-98eeb64c6a62?w=400,Bags & Luggage,BagMaster,$243.99
B011R9BGWI,Casual Leather Suitcase,https://images.unsplash.com/photo-1553062407-98eeb64c6a62?w=400,Bags & Luggage,BagMaster,$57.99
B00PAHX25I,Vintage Canvas Flats,https://images.unsplash.com/photo-1542291026-7eec264c27ff?w=400,Footwear,WalkEasy,$57.99
B00NKXCSBI,Designer Printed Watch,https://images.unsplash.com/photo-1492707892479-7bc8d5a4ee93?w=400,Accessories,TrendyBits,$82.99
B011X58X90,Elegant Leather Necklace,https://images.unsplash.com/photo-1535632066927-ab7c9ab60908?w=400,Jewelry,LuxeJewel,$214.99
B01D9VSXGO,Elegant Synthetic Pendant,https://images.unsplash.com/photo-1535632066927-ab7c9ab60908?w=400,Jewelry,LuxeJewel,$230.99
B00GBW1J1K,Premium Denim Gloves,https://images.unsplash.com/photo-1492707892479-7bc8d5a4ee93?w=400,Accessories,TrendyBits,$75.99
B00M9WIZRC,Casual Denim Handbag,https://images.unsplash.com/photo-1553062407-98eeb64c6a62?w=400,Bags & Luggage,BagMaster,$189.99
B00JWUIFU6,Casual Woven Handbag,https://images.unsplash.com/photo-1553062407-98eeb64c6a62?w=400,Bags & Luggage,BagMaster,$99.99
B00GNU68J8,Modern Wool Jeans,https://images.unsplash.com/photo-1586790170083-2f9ceadc732d?w=400,Men's Clothing,UrbanGent,$63.99
B00JJJOK1S,Elegant Canvas Pendant,https://images.unsplash.com/photo-1535632066927-ab7c9ab60908?w=400,Jewelry,LuxeJewel,$162.99
B00EHX92M8,Casual Suede Suitcase,https://images.unsplash.com/photo-1553062407-98eeb64c6a62?w=400,Bags & Luggage,BagMaster,$87.99
B01CCKHOMW,Vintage Synthetic Flats,https://images.unsplash.com/photo-1542291026-7eec264c27ff?w=400,Footwear,WalkEasy,$66.99
B01DKEM8LG,Modern Knit Jeans,https://images.unsplash.com/photo-1586790170083-2f9ceadc732d?w=400,Men's Clothing,UrbanGent,$113.99
B018K0X9RC,Premium Wool Hat,https://images.unsplash.com/photo-1492707892479-7bc8d5a4ee93?w=400,Accessories,TrendyBits,$53.99
B00E2P0OR8,Premium Canvas Watch,https://images.unsplash.com/photo-1492707892479-7bc8d5a4ee93?w=400,Accessories,TrendyBits,$152.99
B015MW7IDW,Modern Canvas Jeans,https://images.unsplash.com/photo-1586790170083-2f9ceadc732d?w=400,Men's Clothing,UrbanGent,$73.99
B010N0XCQU,Vintage Canvas Flats,https://images.unsplash.com/photo-1542291026-7eec264c27ff?w=400,Footwear,WalkEasy,$140.99
B010C7B34M,Classic Wool Jacket,https://images.unsplash.com/photo-1595777457583-95e059d581b8?w=400,Women's Clothing,ChicWear,$43.99
B00JQ292JS,Casual Leather Suitcase,https://images.unsplash.com/photo-1553062407-98eeb64c6a62?w=400,Bags & Luggage,BagMaster,$153.99
B01DC51MCE,Designer Denim Tie,https://images.unsplash.com/photo-1492707892479-7bc8d5a4ee93?w=400,Accessories,TrendyBits,$44.99
B00SYB8Z4A,Classic Suede Jacket,https://images.unsplash.com/photo-1595777457583-95e059d581b8?w=400,Women's Clothing,ChicWear,$108.99
B01CRA1WIY,Designer Denim Gloves,https://images.unsplash.com/photo-1492707892479-7bc8d5a4ee93?w=400,Accessories,TrendyBits,$170.99
B00GZIAU06,Casual Cotton Suitcase,https://images.unsplash.com/photo-1553062407-98eeb64c6a62?w=400,Bags & Luggage,BagMaster,$177.99
B0142BSUF4,Vintage Knit Sneakers,https://images.unsplash.com/photo-1542291026-7eec264c27ff?w=400,Footwear,WalkEasy,$94.99
B015UFMHR8,Essential Leather Crossbody,https://images.unsplash.com/photo-1553062407-98eeb64c6a62?w=400,Bags & Luggage,BagMaster,$249.99
B01ABSEG2S,Designer Suede Wallet,https://images.unsplash.com/photo-1492707892479-7bc8d5a4ee93?w=400,Accessories,TrendyBits,$151.99
B00AUBUAF4,Casual Cotton Suitcase,https://images.unsplash.com/photo-1553062407-98eeb64c6a62?w=400,Bags & Luggage,BagMaster,$75.99
B016A7UB50,Modern Leather Jeans,https://images.unsplash.com/photo-1586790170083-2f9ceadc732d?w=400,Men's Clothing,UrbanGent,$23.99
B01E6XKIDU,Modern Knit Hoodie,https://images.unsplash.com/photo-1586790170083-2f9ceadc732d?w=400,Men's Clothing,UrbanGent,$107.99
B0196RIGMG,Stylish Canvas Running Shoes,https://images.unsplash.com/photo-1542291026-7eec264c27ff?w=400,Footwear,WalkEasy,$128.99
B019385XUG,Comfortable Knit Skirt,https://images.unsplash.com/photo-1595777457583-95e059d581b8?w=400,Women's Clothing,ChicWear,$57.99
B01879IK8O,Trendy Denim T-Shirt,https://images.unsplash.com/photo-1586790170083-2f9ceadc732d?w=400,Men's Clothing,UrbanGent,$131.99
B00UA5UBG8,Modern Wool T-Shirt,https://images.unsplash.com/photo-1586790170083-2f9ceadc732d?w=400,Men's Clothing,UrbanGent,$101.99
B00KDYKAK8,Comfortable Denim Pants,https://images.unsplash.com/photo-1595777457583-95e059d581b8?w=400,Women's Clothing,ChicWear,$26.99
B010L63LWQ,Trendy Leather Suit,https://images.unsplash.com/photo-1586790170083-2f9ceadc732d?w=400,Men's Clothing,UrbanGent,$139.99
B00EE4KE0E,Designer Synthetic Hat,https://images.unsplash.com/photo-1492707892479-7bc8d5a4ee93?w=400,Accessories,TrendyBits,$178.99
B00LORQTXU,Stylish Leather Sandals,https://images.unsplash.com/photo-1542291026-7eec264c27ff?w=400,Footwear,WalkEasy,$39.99
B00FZEYVFQ,Comfortable Printed Cardigan,https://images.unsplash.com/photo-1595777457583-95e059d581b8?w=400,Women's Clothing,ChicWear,$49.99
B00UJ6GUYA,Premium Synthetic Watch,https://images.unsplash.com/photo-1492707892479-7bc8d5a4ee93?w=400,Accessories,TrendyBits,$92.99
B015MUXKP4,Premium Solid Tie,https://images.unsplash.com/photo-1492707892479-7bc8d5a4ee93?w=400,Accessories,TrendyBits,$59.99
B015J6OGW2,Classic Printed Pants,https://images.unsplash.com/photo-1595777457583-95e059d581b8?w=400,Women's Clothing,ChicWear,$116.99
B006X0LBFE,Trendy Leather Jacket,https://images.unsplash.com/photo-1586790170083-2f9ceadc732d?w=400,Men's Clothing,UrbanGent,$85.99
B01DSL8842,Classic Silk Dress,https://images.unsplash.com/photo-1595777457583-95e059d581b8?w=400,Women's Clothing,ChicWear,$100.99
B00FHVKR6O,Premium Synthetic Tie,https://images.unsplash.com/photo-1492707892479-7bc8d5a4ee93?w=400,Accessories,TrendyBits,$134.99
B00EUHUV58,Stylish Woven Sandals,https://images.unsplash.com/photo-1542291026-7eec264c27ff?w=400,Footwear,WalkEasy,$99.99
B00Y2E23NW,Premium Wool Hat,https://images.unsplash.com/photo-1492707892479-7bc8d5a4ee93?w=400,Accessories,TrendyBits,$148.99
B00MXG42US,Elegant Wool Necklace,https://images.unsplash.com/photo-1535632066927-ab7c9ab60908?w=400,Jewelry,LuxeJewel,$402.99
B01DIKDW6W,Trendy Cotton T-Shirt,https://images.unsplash.com/photo-1586790170083-2f9ceadc732d?w=400,Men's Clothing,UrbanGent,$101.99
B00LSCT24Y,Designer Denim Hat,https://images.unsplash.com/photo-1492707892479-7bc8d5a4ee93?w=400,Accessories,TrendyBits,$103.99
B011X58Y4E,Trendy Knit T-Shirt,https://images.unsplash.com/photo-1586790170083-2f9ceadc732d?w=400,Men's Clothing,UrbanGent,$121.99
B00LEBCSGS,Casual Cotton Handbag,https://images.unsplash.com/photo-1553062407-98eeb64c6a62?w=400,Bags & Luggage,BagMaster,$219.99
B01FLI37HI,Essential Solid Crossbody,https://images.unsplash.com/photo-1553062407-98eeb64c6a62?w=400,Bags & Luggage,BagMaster,$195.99
B01G572AXG,Vintage Printed Flats,https://images.unsplash.com/photo-1542291026-7eec264c27ff?w=400,Footwear,WalkEasy,$159.99
B017L6EJFC,Stylish Silk Sandals,https://images.unsplash.com/photo-1542291026-7eec264c27ff?w=400,Footwear,WalkEasy,$111.99
B00NBG21T8,Classic Printed Dress,https://images.unsplash.com/photo-1595777457583-95e059d581b8?w=400,Women's Clothing,ChicWear,$50.99
B00KMQYA3K,Trendy Wool Jeans,https://images.unsplash.com/photo-1586790170083-2f9ceadc732d?w=400,Men's Clothing,UrbanGent,$123.99
B00NNFP2A2,Classic Cotton Cardigan,https://images.unsplash.com/photo-1595777457583-95e059d581b8?w=400,Women's Clothing,ChicWear,$74.99
B01DKC74P8,Comfortable Printed Skirt,https://images.unsplash.com/photo-1595777457583-95e059d581b8?w=400,Women's Clothing,ChicWear,$77.99
B01CQ2JNBG,Vintage Suede Flats,https://images.unsplash.com/photo-1542291026-7eec264c27ff?w=400,Footwear,WalkEasy,$106.99
B00F13NABC,Premium Wool Hat,https://images.unsplash.com/photo-1492707892479-7bc8d5a4ee93?w=400,Accessories,TrendyBits,$53.99
B00ZCIFIEI,Stylish Canvas Sandals,https://images.unsplash.com/photo-1542291026-7eec264c27ff?w=400,Footwear,WalkEasy,$142.99
B016XXYZ8A,Essential Silk Crossbody,https://images.unsplash.com/photo-1553062407-98eeb64c6a62?w=400,Bags & Luggage,BagMaster,$45.99
B00KFX1YYS,Vintage Canvas Sneakers,https://images.unsplash.com/photo-1542291026-7eec264c27ff?w=400,Footwear,WalkEasy,$151.99
B00PS039O6,Trendy Leather Jacket,https://images.unsplash.com/photo-1586790170083-2f9ceadc732d?w=400,Men's Clothing,UrbanGent,$55.99
B00H7U8H3I,Premium Cotton Hat,https://images.unsplash.com/photo-1492707892479-7bc8d5a4ee93?w=400,Accessories,TrendyBits,$33.99
B010RY7B9G,Comfortable Printed Jacket,https://images.unsplash.com/photo-1595777457583-95e059d581b8?w=400,Women's Clothing,ChicWear,$93.99
B00XJG2XW0,Vintage Denim Sneakers,https://images.unsplash.com/photo-1542291026-7eec264c27ff?w=400,Footwear,WalkEasy,$57.99
B01CXZY1IQ,Casual Denim Suitcase,https://images.unsplash.com/photo-1553062407-98eeb64c6a62?w=400,Bags & Luggage,BagMaster,$249.99
B00KREP1D0,Premium Woven Watch,https://images.unsplash.com/photo-1492707892479-7bc8d5a4ee93?w=400,Accessories,TrendyBits,$97.99
B00WQFNOV4,Designer Suede Watch,https://images.unsplash.com/photo-1492707892479-7bc8d5a4ee93?w=400,Accessories,TrendyBits,$17.99
B00H295BLA,Elegant Cotton Necklace,https://images.unsplash.com/photo-1535632066927-ab7c9ab60908?w=400,Jewelry,LuxeJewel,$434.99
B00WE4MWCY,Modern Knit Suit,https://images.unsplash.com/photo-1586790170083-2f9ceadc732d?w=400,Men's Clothing,UrbanGent,$109.99
B017LW2DG8,Casual Cotton Handbag,https://images.unsplash.com/photo-1553062407-98eeb64c6a62?w=400,Bags & Luggage,BagMaster,$99.99
B00P8NT4Z6,Designer Leather Watch,https://images.unsplash.com/photo-1492707892479-7bc8d5a4ee93?w=400,Accessories,TrendyBits,$162.99
B00QOJ7V2G,Modern Solid T-Shirt,https://images.unsplash.com/photo-1586790170083-2f9ceadc732d?w=400,Men's Clothing,UrbanGent,$91.99
B00LWS3T5W,Luxury Woven Brooch,https://images.unsplash.com/photo-1535632066927-ab7c9ab60908?w=400,Jewelry,LuxeJewel,$372.99
B00Q8IKZZS,Casual Woven Suitcase,https://images.unsplash.com/photo-1553062407-98eeb64c6a62?w=400,Bags & Luggage,BagMaster,$57.99
B01C8EVYU0,Elegant Synthetic Necklace,https://images.unsplash.com/photo-1535632066927-ab7c9ab60908?w=400,Jewelry,LuxeJewel,$458.99
B00GWSXSEE,Essential Denim Messenger Bag,https://images.unsplash.com/photo-1553062407-98eeb64c6a62?w=400,Bags & Luggage,BagMaster,$225.99
B00FHL1GUU,Vintage Denim Sneakers,https://images.unsplash.com/photo-1542291026-7eec264c27ff?w=400,Footwear,WalkEasy,$144.99
B00XBP9HAA,Modern Synthetic Hoodie,https://images.unsplash.com/photo-1586790170083-2f9ceadc732d?w=400,Men's Clothing,UrbanGent,$67.99
B0197TWLF6,Vintage Knit Sneakers,https://images.unsplash.com/photo-1542291026-7eec264c27ff?w=400,Footwear,WalkEasy,$134.99
B008BHSB32,Comfortable Printed Cardigan,https://images.unsplash.com/photo-1595777457583-95e059d581b8?w=400,Women's Clothing,ChicWear,$74.99
B01CY2WP4U,Stylish Canvas Sandals,https://images.unsplash.com/photo-1542291026-7eec264c27ff?w=400,Footwear,WalkEasy,$49.99
B00RGCLYYQ,Casual Suede Suitcase,https://images.unsplash.com/photo-1553062407-98eeb64c6a62?w=400,Bags & Luggage,BagMaster,$129.99
B01G35EGSW,Elegant Canvas Pendant,https://images.unsplash.com/photo-1535632066927-ab7c9ab60908?w=400,Jewelry,LuxeJewel,$364.99
B00JITC73C,Elegant Wool Pendant,https://images.unsplash.com/photo-1535632066927-ab7c9ab60908?w=400,Jewelry,LuxeJewel,$384.99
B015R2ZFUA,Casual Woven Suitcase,https://images.unsplash.com/photo-1553062407-98eeb64c6a62?w=400,Bags & Luggage,BagMaster,$75.99
B00N1UQHL2,Luxury Silk Brooch,https://images.unsplash.com/photo-1535632066927-ab7c9ab60908?w=400,Jewelry,LuxeJewel,$448.99
B00XVEKQLK,Classic Printed Cardigan,https://images.unsplash.com/photo-1595777457583-95e059d581b8?w=400,Women's Clothing,ChicWear,$79.99
B01B2APVSW,Modern Solid Jacket,https://images.unsplash.com/photo-1586790170083-2f9ceadc732d?w=400,Men's Clothing,UrbanGent,$55.99
B01EJPKJM0,Casual Printed Handbag,https://images.unsplash.com/photo-1553062407-98eeb64c6a62?w=400,Bags & Luggage,BagMaster,$213.99
B00F7LTN0K,Designer Denim Hat,https://images.unsplash.com/photo-1492707892479-7bc8d5a4ee93?w=400,Accessories,TrendyBits,$103.99
B00HJ02G42,Casual Suede Handbag,https://images.unsplash.com/photo-1553062407-98eeb64c6a62?w=400,Bags & Luggage,BagMaster,$63.99
B0096LPTO6,Stylish Woven Sandals,https://images.unsplash.com/photo-1542291026-7eec264c27ff?w=400,Footwear,WalkEasy,$109.99
B00W3G4P6E,Modern Printed Jacket,https://images.unsplash.com/photo-1586790170083-2f9ceadc732d?w=400,Men's Clothing,UrbanGent,$125.99
B01ARP3950,Luxury Silk Earrings,https://images.unsplash.com/photo-1535632066927-ab7c9ab60908?w=400,Jewelry,LuxeJewel,$180.99
B00IE16JUM,Vintage Printed Sneakers,https://images.unsplash.com/photo-1542291026-7eec264c27ff?w=400,Footwear,WalkEasy,$159.99
B00Y852K0Q,Comfortable Printed Pants,https://images.unsplash.com/photo-1595777457583-95e059d581b8?w=400,Women's Clothing,ChicWear,$96.99
B00TIFLDCM,Classic Wool Jacket,https://images.unsplash.com/photo-1595777457583-95e059d581b8?w=400,Women's Clothing,ChicWear,$88.99
B01AFG0OF4,Casual Cotton Handbag,https://images.unsplash.com/photo-1553062407-98eeb64c6a62?w=400,Bags & Luggage,BagMaster,$165.99
B00IGAOCO6,Casual Wool Suitcase,https://images.unsplash.com/photo-1553062407-98eeb64c6a62?w=400,Bags & Luggage,BagMaster,$201.99
B00LHP3BEO,Casual Solid Handbag,https://images.unsplash.com/photo-1553062407-98eeb64c6a62?w=400,Bags & Luggage,BagMaster,$213.99
B01BGV5OQ6,Elegant Knit Pendant,https://images.unsplash.com/photo-1535632066927-ab7c9ab60908?w=400,Jewelry,LuxeJewel,$318.99
B019MGOC3I,Modern Printed Jacket,https://images.unsplash.com/photo-1586790170083-2f9ceadc732d?w=400,Men's Clothing,UrbanGent,$135.99
B016W1QUZY,Essential Synthetic Messenger Bag,https://images.unsplash.com/photo-1553062407-98eeb64c6a62?w=400,Bags & Luggage,BagMaster,$159.99
B01GZY6VJS,Stylish Silk Sandals,https://images.unsplash.com/photo-1542291026-7eec264c27ff?w=400,Footwear,WalkEasy,$79.99
B00X33S5NK,Designer Canvas Tie,https://images.unsplash.com/photo-1492707892479-7bc8d5a4ee93?w=400,Accessories,TrendyBits,$114.99
B01EHJCOQM,Designer Cotton Hat,https://images.unsplash.com/photo-1492707892479-7bc8d5a4ee93?w=400,Accessories,TrendyBits,$48.99
B00XXBPCOC,Trendy Wool Hoodie,https://images.unsplash.com/photo-1586790170083-2f9ceadc732d?w=400,Men's Clothing,UrbanGent,$47.99
B0106IGTJ6,Luxury Suede Earrings,https://images.unsplash.com/photo-1535632066927-ab7c9ab60908?w=400,Jewelry,LuxeJewel,$110.99
B01FTMNARS,Essential Solid Crossbody,https://images.unsplash.com/photo-1553062407-98eeb64c6a62?w=400,Bags & Luggage,BagMaster,$207.99
B01DKENT3W,Designer Suede Gloves,https://images.unsplash.com/photo-1492707892479-7bc8d5a4ee93?w=400,Accessories,TrendyBits,$165.99
B01DKEM7E4,Premium Printed Hat,https://images.unsplash.com/photo-1492707892479-7bc8d5a4ee93?w=400,Accessories,TrendyBits,$123.99
B00WZP9NPQ,Designer Canvas Gloves,https://images.unsplash.com/photo-1492707892479-7bc8d5a4ee93?w=400,Accessories,TrendyBits,$65.99
B00UFCUGW0,Luxury Leather Earrings,https://images.unsplash.com/photo-1535632066927-ab7c9ab60908?w=400,Jewelry,LuxeJewel,$184.99
B016856OY6,Comfortable Synthetic Pants,https://images.unsplash.com/photo-1595777457583-95e059d581b8?w=400,Women's Clothing,ChicWear,$96.99
B00X7710ES,Essential Denim Messenger Bag,https://images.unsplash.com/photo-1553062407-98eeb64c6a62?w=400,Bags & Luggage,BagMaster,$105.99
B01D4IT7PS,Elegant Suede Pendant,https://images.unsplash.com/photo-1535632066927-ab7c9ab60908?w=400,Jewelry,LuxeJewel,$460.99
B017BD39ZG,Premium Synthetic Hat,https://images.unsplash.com/photo-1492707892479-7bc8d5a4ee93?w=400,Accessories,TrendyBits,$68.99
B01ENKBXSK,Casual Leather Suitcase,https://images.unsplash.com/photo-1553062407-98eeb64c6a62?w=400,Bags & Luggage,BagMaster,$177.99
B00V80O1JM,Modern Canvas T-Shirt,https://images.unsplash.com/photo-1586790170083-2f9ceadc732d?w=400,Men's Clothing,UrbanGent,$91.99
B007HTE15M,Classic Solid Cardigan,https://images.unsplash.com/photo-1595777457583-95e059d581b8?w=400,Women's Clothing,ChicWear,$94.99
B00HH5FDV2,Trendy Canvas T-Shirt,https://images.unsplash.com/photo-1586790170083-2f9ceadc732d?w=400,Men's Clothing,UrbanGent,$121.99
B015G9UX9C,Trendy Knit Jacket,https://images.unsplash.com/photo-1586790170083-2f9ceadc732d?w=400,Men's Clothing,UrbanGent,$75.99
B00HZYG5OY,Elegant Leather Pendant,https://images.unsplash.com/photo-1535632066927-ab7c9ab60908?w=400,Jewelry,LuxeJewel,$58.99
B01GCLSDS6,Luxury Suede Earrings,https://images.unsplash.com/photo-1535632066927-ab7c9ab60908?w=400,Jewelry,LuxeJewel,$450.99
B00GYMP3MS,Essential Synthetic Messenger Bag,https://images.unsplash.com/photo-1553062407-98eeb64c6a62?w=400,Bags & Luggage,BagMaster,$99.99
B01G6EEXA6,Classic Synthetic Cardigan,https://images.unsplash.com/photo-1595777457583-95e059d581b8?w=400,Women's Clothing,ChicWear,$44.99
B00Q8BYTAW,Casual Wool Handbag,https://images.unsplash.com/photo-1553062407-98eeb64c6a62?w=400,Bags & Luggage,BagMaster,$153.99
B0105T66W6,Premium Denim Gloves,https://images.unsplash.com/photo-1492707892479-7bc8d5a4ee93?w=400,Accessories,TrendyBits,$75.99
B00YODPA9K,Modern Silk Jeans,https://images.unsplash.com/photo-1586790170083-2f9ceadc732d?w=400,Men's Clothing,UrbanGent,$73.99
B01D2VIBZE,Elegant Silk Necklace,https://images.unsplash.com/photo-1535632066927-ab7c9ab60908?w=400,Jewelry,LuxeJewel,$136.99
B00R9C0QRY,Modern Wool T-Shirt,https://images.unsplash.com/photo-1586790170083-2f9ceadc732d?w=400,Men's Clothing,UrbanGent,$131.99
B00JXMED9A,Comfortable Canvas Pants,https://images.unsplash.com/photo-1595777457583-95e059d581b8?w=400,Women's Clothing,ChicWear,$31.99
B00JXMEGPQ,Luxury Synthetic Brooch,https://images.unsplash.com/photo-1535632066927-ab7c9ab60908?w=400,Jewelry,LuxeJewel,$492.99
B01G1XB5QM,Vintage Woven Sneakers,https://images.unsplash.com/photo-1542291026-7eec264c27ff?w=400,Footwear,WalkEasy,$39.99
B00NNLBRIW,Premium Solid Wallet,https://images.unsplash.com/photo-1492707892479-7bc8d5a4ee93?w=400,Accessories,TrendyBits,$101.99
B00D0HNRVY,Luxury Suede Brooch,https://images.unsplash.com/photo-1535632066927-ab7c9ab60908?w=400,Jewelry,LuxeJewel,$446.99
B01EAFRVAW,Essential Cotton Crossbody,https://images.unsplash.com/photo-1553062407-98eeb64c6a62?w=400,Bags & Luggage,BagMaster,$171.99
B00HRUF9V6,Elegant Printed Necklace,https://images.unsplash.com/photo-1535632066927-ab7c9ab60908?w=400,Jewelry,LuxeJewel,$256.99
B00Y1YDKYO,Modern Printed Suit,https://images.unsplash.com/photo-1586790170083-2f9ceadc732d?w=400,Men's Clothing,UrbanGent,$149.99
B010FGD8ES,Comfortable Leather Skirt,https://images.unsplash.com/photo-1595777457583-95e059d581b8?w=400,Women's Clothing,ChicWear,$52.99
B00IZ2QCDO,Elegant Suede Pendant,https://images.unsplash.com/photo-1535632066927-ab7c9ab60908?w=400,Jewelry,LuxeJewel,$258.99
B01G8DVLTG,Modern Wool Jeans,https://images.unsplash.com/photo-1586790170083-2f9ceadc732d?w=400,Men's Clothing,UrbanGent,$53.99
B00LAKAEV4,Vintage Cotton Sneakers,https://images.unsplash.com/photo-1542291026-7eec264c27ff?w=400,Footwear,WalkEasy,$151.99
B016W2K680,Casual Knit Handbag,https://images.unsplash.com/photo-1553062407-98eeb64c6a62?w=400,Bags & Luggage,BagMaster,$231.99
B01AAFXZAQ,Elegant Woven Pendant,https://images.unsplash.com/photo-1535632066927-ab7c9ab60908?w=400,Jewelry,LuxeJewel,$90.99
B00547DXCG,Vintage Knit Sneakers,https://images.unsplash.com/photo-1542291026-7eec264c27ff?w=400,Footwear,WalkEasy,$129.99
B00CVE03GE,Essential Silk Crossbody,https://images.unsplash.com/photo-1553062407-98eeb64c6a62?w=400,Bags & Luggage,BagMaster,$171.99
B00Q43A0HK,Casual Woven Handbag,https://images.unsplash.com/photo-1553062407-98eeb64c6a62?w=400,Bags & Luggage,BagMaster,$135.99
B00ECOQLTE,Premium Cotton Watch,https://images.unsplash.com/photo-1492707892479-7bc8d5a4ee93?w=400,Accessories,TrendyBits,$17.99
B01A3FT7RS,Trendy Synthetic Jacket,https://images.unsplash.com/photo-1586790170083-2f9ceadc732d?w=400,Men's Clothing,UrbanGent,$115.99
B00EK5ZNY4,Premium Silk Gloves,https://images.unsplash.com/photo-1492707892479-7bc8d5a4ee93?w=400,Accessories,TrendyBits,$95.99
B00MPIK1F4,Comfortable Denim Dress,https://images.unsplash.com/photo-1595777457583-95e059d581b8?w=400,Women's Clothing,ChicWear,$40.99
B01FVSCOC2,Luxury Suede Earrings,https://images.unsplash.com/photo-1535632066927-ab7c9ab60908?w=400,Jewelry,LuxeJewel,$330.99
B00TGP7PKI,Premium Solid Watch,https://images.unsplash.com/photo-1492707892479-7bc8d5a4ee93?w=400,Accessories,TrendyBits,$167.99
B000Q867V2,Comfortable Knit Jacket,https://images.unsplash.com/photo-1595777457583-95e059d581b8?w=400,Women's Clothing,ChicWear,$33.99
B012CH287G,Modern Solid Hoodie,https://images.unsplash.com/photo-1586790170083-2f9ceadc732d?w=400,Men's Clothing,UrbanGent,$147.99
B00OLZ6R8E,Luxury Suede Brooch,https://images.unsplash.com/photo-1535632066927-ab7c9ab60908?w=400,Jewelry,LuxeJewel,$66.99
B01ARIPEOQ,Stylish Suede Sandals,https://images.unsplash.com/photo-1542291026-7eec264c27ff?w=400,Footwear,WalkEasy,$166.99
B013E25TUQ,Premium Leather Gloves,https://images.unsplash.com/photo-1492707892479-7bc8d5a4ee93?w=400,Accessories,TrendyBits,$30.99
B01AN6MO1I,Luxury Solid Brooch,https://images.unsplash.com/photo-1535632066927-ab7c9ab60908?w=400,Jewelry,LuxeJewel,$490.99
B01GXCVQE2,Elegant Canvas Pendant,https://images.unsplash.com/photo-1535632066927-ab7c9ab60908?w=400,Jewelry,LuxeJewel,$296.99
B011PJ0IVK,Luxury Knit Earrings,https://images.unsplash.com/photo-1535632066927-ab7c9ab60908?w=400,Jewelry,LuxeJewel,$434.99
B01HD1SS6Q,Modern Denim Suit,https://images.unsplash.com/photo-1586790170083-2f9ceadc732d?w=400,Men's Clothing,UrbanGent,$99.99
B00LNWAL6C,Stylish Cotton Running Shoes,https://images.unsplash.com/photo-1542291026-7eec264c27ff?w=400,Footwear,WalkEasy,$134.99
B00J4HUR6M,Classic Silk Cardigan,https://images.unsplash.com/photo-1595777457583-95e059d581b8?w=400,Women's Clothing,ChicWear,$74.99
B01294PPX6,Essential Leather Crossbody,https://images.unsplash.com/photo-1553062407-98eeb64c6a62?w=400,Bags & Luggage,BagMaster,$57.99
B00LMUP098,Elegant Canvas Pendant,https://images.unsplash.com/photo-1535632066927-ab7c9ab60908?w=400,Jewelry,LuxeJewel,$32.99
B018QMXE1K,Designer Cotton Hat,https://images.unsplash.com/photo-1492707892479-7bc8d5a4ee93?w=400,Accessories,TrendyBits,$128.99
B0141BLXE0,Elegant Canvas Necklace,https://images.unsplash.com/photo-1535632066927-ab7c9ab60908?w=400,Jewelry,LuxeJewel,$266.99
B01GCZKA8S,Premium Cotton Tie,https://images.unsplash.com/photo-1492707892479-7bc8d5a4ee93?w=400,Accessories,TrendyBits,$64.99
B00VDQO95C,Comfortable Suede Cardigan,https://images.unsplash.com/photo-1595777457583-95e059d581b8?w=400,Women's Clothing,ChicWear,$64.99
B012NBILOA,Luxury Synthetic Earrings,https://images.unsplash.com/photo-1535632066927-ab7c9ab60908?w=400,Jewelry,LuxeJewel,$322.99
B00KGPNJAC,Essential Printed Messenger Bag,https://images.unsplash.com/photo-1553062407-98eeb64c6a62?w=400,Bags & Luggage,BagMaster,$141.99
B00TZWRSL8,Vintage Woven Flats,https://images.unsplash.com/photo-1542291026-7eec264c27ff?w=400,Footwear,WalkEasy,$156.99
B01DSV48LY,Trendy Synthetic Jeans,https://images.unsplash.com/photo-1586790170083-2f9ceadc732d?w=400,Men's Clothing,UrbanGent,$103.99
B00FWNZQOU,Designer Knit Hat,https://images.unsplash.com/photo-1492707892479-7bc8d5a4ee93?w=400,Accessories,TrendyBits,$98.99
B00JM5B7JC,Comfortable Suede Cardigan,https://images.unsplash.com/photo-1595777457583-95e059d581b8?w=400,Women's Clothing,ChicWear,$44.99
B00LSCI9DY,Trendy Solid T-Shirt,https://images.unsplash.com/photo-1586790170083-2f9ceadc732d?w=400,Men's Clothing,UrbanGent,$31.99
B00SY4TLXG,Comfortable Denim Jacket,https://images.unsplash.com/photo-1595777457583-95e059d581b8?w=400,Women's Clothing,ChicWear,$98.99
B016MENOS2,Modern Solid Suit,https://images.unsplash.com/photo-1586790170083-2f9ceadc732d?w=400,Men's Clothing,UrbanGent,$79.99
B015OVYSN4,Classic Silk Dress,https://images.unsplash.com/photo-1595777457583-95e059d581b8?w=400,Women's Clothing,ChicWear,$40.99
B00QRS2C6Y,Classic Wool Skirt,https://images.unsplash.com/photo-1595777457583-95e059d581b8?w=400,Women's Clothing,ChicWear,$82.99
B01FXJ5LD8,Vintage Silk Flats,https://images.unsplash.com/photo-1542291026-7eec264c27ff?w=400,Footwear,WalkEasy,$58.99
B00I0V69SS,Vintage Silk Flats,https://images.unsplash.com/photo-1542291026-7eec264c27ff?w=400,Footwear,WalkEasy,$132.99
B00OJL4S2C,Modern Leather Suit,https://images.unsplash.com/photo-1586790170083-2f9ceadc732d?w=400,Men's Clothing,UrbanGent,$89.99
B00WJJ9EDO,Modern Silk T-Shirt,https://images.unsplash.com/photo-1586790170083-2f9ceadc732d?w=400,Men's Clothing,UrbanGent,$41.99
B012VS7HP4,Stylish Synthetic Sandals,https://images.unsplash.com/photo-1542291026-7eec264c27ff?w=400,Footwear,WalkEasy,$113.99
B00PI02PQY,Luxury Silk Brooch,https://images.unsplash.com/photo-1535632066927-ab7c9ab60908?w=400,Jewelry,LuxeJewel,$494.99
B00X3SY2Q4,Essential Printed Crossbody,https://images.unsplash.com/photo-1553062407-98eeb64c6a62?w=400,Bags & Luggage,BagMaster,$123.99
B01DK76L20,Stylish Canvas Sandals,https://images.unsplash.com/photo-1542291026-7eec264c27ff?w=400,Footwear,WalkEasy,$89.99
B015J53NV8,Vintage Wool Sneakers,https://images.unsplash.com/photo-1542291026-7eec264c27ff?w=400,Footwear,WalkEasy,$60.99
B00O6QHFAW,Casual Synthetic Suitcase,https://images.unsplash.com/photo-1553062407-98eeb64c6a62?w=400,Bags & Luggage,BagMaster,$183.99
B00U43CQUA,Casual Suede Handbag,https://images.unsplash.com/photo-1553062407-98eeb64c6a62?w=400,Bags & Luggage,BagMaster,$231.99
B0167YGSE4,Premium Solid Tie,https://images.unsplash.com/photo-1492707892479-7bc8d5a4ee93?w=400,Accessories,TrendyBits,$119.99
B00HZ0JCES,Casual Suede Suitcase,https://images.unsplash.com/photo-1553062407-98eeb64c6a62?w=400,Bags & Luggage,BagMaster,$87.99
B019ILKD08,Designer Silk Hat,https://images.unsplash.com/photo-1492707892479-7bc8d5a4ee93?w=400,Accessories,TrendyBits,$18.99
B00MO0CSMM,Luxury Denim Brooch,https://images.unsplash.com/photo-1535632066927-ab7c9ab60908?w=400,Jewelry,LuxeJewel,$448.99
B016KA9HZ2,Premium Synthetic Watch,https://images.unsplash.com/photo-1492707892479-7bc8d5a4ee93?w=400,Accessories,TrendyBits,$147.99
B00KMQ41Z2,Designer Suede Gloves,https://images.unsplash.com/photo-1492707892479-7bc8d5a4ee93?w=400,Accessories,TrendyBits,$150.99
B00IGAOE3U,Trendy Leather Suit,https://images.unsplash.com/photo-1586790170083-2f9ceadc732d?w=400,Men's Clothing,UrbanGent,$39.99
B00BL91D50,Modern Canvas Suit,https://images.unsplash.com/photo-1586790170083-2f9ceadc732d?w=400,Men's Clothing,UrbanGent,$69.99
B01AL3JL46,Premium Leather Watch,https://images.unsplash.com/photo-1492707892479-7bc8d5a4ee93?w=400,Accessories,TrendyBits,$197.99
B00JE52M3K,Designer Synthetic Watch,https://images.unsplash.com/photo-1492707892479-7bc8d5a4ee93?w=400,Accessories,TrendyBits,$177.99
B00DHXXVBW,Trendy Suede Jeans,https://images.unsplash.com/photo-1586790170083-2f9ceadc732d?w=400,Men's Clothing,UrbanGent,$43.99
B00OCIMVKI,Premium Synthetic Hat,https://images.unsplash.com/photo-1492707892479-7bc8d5a4ee93?w=400,Accessories,TrendyBits,$173.99
B0177W9DB0,Trendy Leather Suit,https://images.unsplash.com/photo-1586790170083-2f9ceadc732d?w=400,Men's Clothing,UrbanGent,$89.99
B013DAEO2S,Vintage Knit Flats,https://images.unsplash.com/photo-1542291026-7eec264c27ff?w=400,Footwear,WalkEasy,$179.99
B00CO8I22Y,Designer Solid Watch,https://images.unsplash.com/photo-1492707892479-7bc8d5a4ee93?w=400,Accessories,TrendyBits,$82.99
B0167JHNSY,Trendy Wool T-Shirt,https://images.unsplash.com/photo-1586790170083-2f9ceadc732d?w=400,Men's Clothing,UrbanGent,$101.99
B011K6XC8E,Designer Printed Gloves,https://images.unsplash.com/photo-1492707892479-7bc8d5a4ee93?w=400,Accessories,TrendyBits,$190.99
B00X59T42I,Casual Denim Handbag,https://images.unsplash.com/photo-1553062407-98eeb64c6a62?w=400,Bags & Luggage,BagMaster,$177.99
B018B86R0Y,Essential Solid Crossbody,https://images.unsplash.com/photo-1553062407-98eeb64c6a62?w=400,Bags & Luggage,BagMaster,$195.99
B018E6WDLU,Vintage Cotton Sneakers,https://images.unsplash.com/photo-1542291026-7eec264c27ff?w=400,Footwear,WalkEasy,$53.99
B017VKO25K,Elegant Denim Pendant,https://images.unsplash.com/photo-1535632066927-ab7c9ab60908?w=400,Jewelry,LuxeJewel,$470.99
B01E2CXR10,Elegant Denim Pendant,https://images.unsplash.com/photo-1535632066927-ab7c9ab60908?w=400,Jewelry,LuxeJewel,$144.99
B01EFIXU54,Designer Synthetic Hat,https://images.unsplash.com/photo-1492707892479-7bc8d5a4ee93?w=400,Accessories,TrendyBits,$118.99
B00XCS6D3A,Premium Cotton Gloves,https://images.unsplash.com/photo-1492707892479-7bc8d5a4ee93?w=400,Accessories,TrendyBits,$50.99
B00J1XM0IM,Premium Denim Gloves,https://images.unsplash.com/photo-1492707892479-7bc8d5a4ee93?w=400,Accessories,TrendyBits,$135.99
B00WJ55D4W,Classic Suede Skirt,https://images.unsplash.com/photo-1595777457583-95e059d581b8?w=400,Women's Clothing,ChicWear,$107.99
B00OFHM0LG,Classic Canvas Dress,https://images.unsplash.com/photo-1595777457583-95e059d581b8?w=400,Women's Clothing,ChicWear,$45.99
B00KXR7ZYY,Casual Suede Handbag,https://images.unsplash.com/photo-1553062407-98eeb64c6a62?w=400,Bags & Luggage,BagMaster,$213.99
B00UW2XZB2,Elegant Leather Pendant,https://images.unsplash.com/photo-1535632066927-ab7c9ab60908?w=400,Jewelry,LuxeJewel,$210.99
B01F6ZA2NI,Stylish Cotton Running Shoes,https://images.unsplash.com/photo-1542291026-7eec264c27ff?w=400,Footwear,WalkEasy,$88.99
B00O9WBFL8,Essential Solid Crossbody,https://images.unsplash.com/photo-1553062407-98eeb64c6a62?w=400,Bags & Luggage,BagMaster,$225.99
B00GIJ1FZG,Modern Wool Suit,https://images.unsplash.com/photo-1586790170083-2f9ceadc732d?w=400,Men's Clothing,UrbanGent,$119.99
B00Y7N5858,Stylish Woven Sandals,https://images.unsplash.com/photo-1542291026-7eec264c27ff?w=400,Footwear,WalkEasy,$176.99
B00SH9BD0W,Classic Leather Cardigan,https://images.unsplash.com/photo-1595777457583-95e059d581b8?w=400,Women's Clothing,ChicWear,$74.99
B017K5RQYU,Classic Denim Pants,https://images.unsplash.com/photo-1595777457583-95e059d581b8?w=400,Women's Clothing,ChicWear,$71.99
B01EYBEEAW,Vintage Canvas Flats,https://images.unsplash.com/photo-1542291026-7eec264c27ff?w=400,Footwear,WalkEasy,$113.99
B00JXMEEEO,Classic Leather Dress,https://images.unsplash.com/photo-1595777457583-95e059d581b8?w=400,Women's Clothing,ChicWear,$65.99
B00NPN05EK,Elegant Cotton Necklace,https://images.unsplash.com/photo-1535632066927-ab7c9ab60908?w=400,Jewelry,LuxeJewel,$146.99
B01DF0L0FU,Classic Denim Cardigan,https://images.unsplash.com/photo-1595777457583-95e059d581b8?w=400,Women's Clothing,ChicWear,$54.99
B01AA06HMY,Trendy Knit Hoodie,https://images.unsplash.com/photo-1586790170083-2f9ceadc732d?w=400,Men's Clothing,UrbanGent,$77.99
B01AJPBCHA,Trendy Woven Hoodie,https://images.unsplash.com/photo-1586790170083-2f9ceadc732d?w=400,Men's Clothing,UrbanGent,$77.99
B015ITMXBG,Vintage Denim Flats,https://images.unsplash.com/photo-1542291026-7eec264c27ff?w=400,Footwear,WalkEasy,$66.99
B00E2PX4DO,Comfortable Denim Dress,https://images.unsplash.com/photo-1595777457583-95e059d581b8?w=400,Women's Clothing,ChicWear,$70.99
B00XEYRA8O,Premium Denim Tie,https://images.unsplash.com/photo-1492707892479-7bc8d5a4ee93?w=400,Accessories,TrendyBits,$109.99
B01CHBMI8G,Trendy Woven Hoodie,https://images.unsplash.com/photo-1586790170083-2f9ceadc732d?w=400,Men's Clothing,UrbanGent,$127.99
B00IVJ6RY0,Designer Woven Watch,https://images.unsplash.com/photo-1492707892479-7bc8d5a4ee93?w=400,Accessories,TrendyBits,$82.99
B00YCAW8Z4,Classic Printed Pants,https://images.unsplash.com/photo-1595777457583-95e059d581b8?w=400,Women's Clothing,ChicWear,$101.99
B015XTF5U2,Modern Synthetic Jacket,https://images.unsplash.com/photo-1586790170083-2f9ceadc732d?w=400,Men's Clothing,UrbanGent,$95.99
B019O9NS3I,Essential Printed Crossbody,https://images.unsplash.com/photo-1553062407-98eeb64c6a62?w=400,Bags & Luggage,BagMaster,$153.99
B017TTM6P6,Trendy Silk T-Shirt,https://images.unsplash.com/photo-1586790170083-2f9ceadc732d?w=400,Men's Clothing,UrbanGent,$31.99
B016M8DKPK,Designer Wool Gloves,https://images.unsplash.com/photo-1492707892479-7bc8d5a4ee93?w=400,Accessories,TrendyBits,$115.99
B012AGWYY6,Trendy Synthetic Jacket,https://images.unsplash.com/photo-1586790170083-2f9ceadc732d?w=400,Men's Clothing,UrbanGent,$115.99
B010V5OMZC,Luxury Wool Brooch,https://images.unsplash.com/photo-1535632066927-ab7c9ab60908?w=400,Jewelry,LuxeJewel,$138.99
B00L0X1K1E,Casual Cotton Handbag,https://images.unsplash.com/photo-1553062407-98eeb64c6a62?w=400,Bags & Luggage,BagMaster,$105.99
B00IIISLY8,Modern Leather Jacket,https://images.unsplash.com/photo-1586790170083-2f9ceadc732d?w=400,Men's Clothing,UrbanGent,$85.99
B01DKENV3K,Stylish Knit Running Shoes,https://images.unsplash.com/photo-1542291026-7eec264c27ff?w=400,Footwear,WalkEasy,$83.99
B00LA1FD32,Premium Wool Gloves,https://images.unsplash.com/photo-1492707892479-7bc8d5a4ee93?w=400,Accessories,TrendyBits,$165.99
B00SXOSDXG,Luxury Denim Earrings,https://images.unsplash.com/photo-1535632066927-ab7c9ab60908?w=400,Jewelry,LuxeJewel,$130.99
B00E96Y7G4,Elegant Suede Necklace,https://images.unsplash.com/photo-1535632066927-ab7c9ab60908?w=400,Jewelry,LuxeJewel,$300.99
B01GE1X0PA,Trendy Solid Hoodie,https://images.unsplash.com/photo-1586790170083-2f9ceadc732d?w=400,Men's Clothing,UrbanGent,$27.99
B01AJ5I80O,Vintage Leather Sneakers,https://images.unsplash.com/photo-1542291026-7eec264c27ff?w=400,Footwear,WalkEasy,$154.99
B00WP7OVJW,Comfortable Leather Cardigan,https://images.unsplash.com/photo-1595777457583-95e059d581b8?w=400,Women's Clothing,ChicWear,$79.99
B00L50MW96,Classic Silk Cardigan,https://images.unsplash.com/photo-1595777457583-95e059d581b8?w=400,Women's Clothing,ChicWear,$54.99
B015ICZTCI,Vintage Silk Flats,https://images.unsplash.com/photo-1542291026-7eec264c27ff?w=400,Footwear,WalkEasy,$162.99
B00SKWV5XG,Stylish Denim Sandals,https://images.unsplash.com/photo-1542291026-7eec264c27ff?w=400,Footwear,WalkEasy,$63.99
B00IOF6EQC,Essential Silk Crossbody,https://images.unsplash.com/photo-1553062407-98eeb64c6a62?w=400,Bags & Luggage,BagMaster,$237.99
B00K85HB5Y,Essential Woven Crossbody,https://images.unsplash.com/photo-1553062407-98eeb64c6a62?w=400,Bags & Luggage,BagMaster,$75.99
B00GC2K2SA,Trendy Synthetic Jeans,https://images.unsplash.com/photo-1586790170083-2f9ceadc732d?w=400,Men's Clothing,UrbanGent,$113.99
B01DEV1GPO,Casual Woven Suitcase,https://images.unsplash.com/photo-1553062407-98eeb64c6a62?w=400,Bags & Luggage,BagMaster,$57.99
B01D61LJ90,Premium Leather Gloves,https://images.unsplash.com/photo-1492707892479-7bc8d5a4ee93?w=400,Accessories,TrendyBits,$20.99
B01590J1KA,Premium Knit Wallet,https://images.unsplash.com/photo-1492707892479-7bc8d5a4ee93?w=400,Accessories,TrendyBits,$66.99
B01EC05AZI,Casual Cotton Handbag,https://images.unsplash.com/photo-1553062407-98eeb64c6a62?w=400,Bags & Luggage,BagMaster,$219.99
B00L3YSGTE,Luxury Woven Earrings,https://images.unsplash.com/photo-1535632066927-ab7c9ab60908?w=400,Jewelry,LuxeJewel,$480.99
B00KL7ZM6E,Designer Solid Gloves,https://images.unsplash.com/photo-1492707892479-7bc8d5a4ee93?w=400,Accessories,TrendyBits,$175.99
B01DXLTO2C,Casual Woven Suitcase,https://images.unsplash.com/photo-1553062407-98eeb64c6a62?w=400,Bags & Luggage,BagMaster,$69.99
B00X2ZICKK,Designer Silk Wallet,https://images.unsplash.com/photo-1492707892479-7bc8d5a4ee93?w=400,Accessories,TrendyBits,$31.99
B014IENL4A,Essential Leather Messenger Bag,https://images.unsplash.com/photo-1553062407-98eeb64c6a62?w=400,Bags & Luggage,BagMaster,$153.99
B011TFHDF4,Designer Suede Tie,https://images.unsplash.com/photo-1492707892479-7bc8d5a4ee93?w=400,Accessories,TrendyBits,$24.99
B00CTUTXJI,Trendy Woven Hoodie,https://images.unsplash.com/photo-1586790170083-2f9ceadc732d?w=400,Men's Clothing,UrbanGent,$127.99
B019ESLW50,Modern Silk Jacket,https://images.unsplash.com/photo-1586790170083-2f9ceadc732d?w=400,Men's Clothing,UrbanGent,$65.99
B01CECQ00K,Comfortable Leather Dress,https://images.unsplash.com/photo-1595777457583-95e059d581b8?w=400,Women's Clothing,ChicWear,$55.99
B013E27KIK,Elegant Suede Necklace,https://images.unsplash.com/photo-1535632066927-ab7c9ab60908?w=400,Jewelry,LuxeJewel,$254.99
B00XVQ3LJM,Vintage Cotton Sneakers,https://images.unsplash.com/photo-1542291026-7eec264c27ff?w=400,Footwear,WalkEasy,$93.99
B00HHJJ4PY,Elegant Woven Pendant,https://images.unsplash.com/photo-1535632066927-ab7c9ab60908?w=400,Jewelry,LuxeJewel,$256.99
B01AUJUKE6,Modern Solid Jeans,https://images.unsplash.com/photo-1586790170083-2f9ceadc732d?w=400,Men's Clothing,UrbanGent,$93.99
B017I7QHMC,Vintage Woven Sneakers,https://images.unsplash.com/photo-1542291026-7eec264c27ff?w=400,Footwear,WalkEasy,$163.99
B001CCH8JQ,Classic Denim Pants,https://images.unsplash.com/photo-1595777457583-95e059d581b8?w=400,Women's Clothing,ChicWear,$31.99
B01B3V4HDA,Vintage Leather Flats,https://images.unsplash.com/photo-1542291026-7eec264c27ff?w=400,Footwear,WalkEasy,$56.99
B01GHHBT7M,Premium Woven Gloves,https://images.unsplash.com/photo-1492707892479-7bc8d5a4ee93?w=400,Accessories,TrendyBits,$35.99
B014WTEA8M,Casual Silk Handbag,https://images.unsplash.com/photo-1553062407-98eeb64c6a62?w=400,Bags & Luggage,BagMaster,$213.99
B013HWOB66,Stylish Printed Sandals,https://images.unsplash.com/photo-1542291026-7eec264c27ff?w=400,Footwear,WalkEasy,$107.99
B017Y6CFFA,Premium Synthetic Wallet,https://images.unsplash.com/photo-1492707892479-7bc8d5a4ee93?w=400,Accessories,TrendyBits,$91.99
B00HVTJEGY,Stylish Knit Sandals,https://images.unsplash.com/photo-1542291026-7eec264c27ff?w=400,Footwear,WalkEasy,$116.99
B00ECUG42C,Stylish Suede Running Shoes,https://images.unsplash.com/photo-1542291026-7eec264c27ff?w=400,Footwear,WalkEasy,$158.99
B00Q4TPSEE,Essential Canvas Crossbody,https://images.unsplash.com/photo-1553062407-98eeb64c6a62?w=400,Bags & Luggage,BagMaster,$45.99
B015QJDFCO,Comfortable Solid Cardigan,https://images.unsplash.com/photo-1595777457583-95e059d581b8?w=400,Women's Clothing,ChicWear,$99.99
B005ZEDDSM,Classic Synthetic Pants,https://images.unsplash.com/photo-1595777457583-95e059d581b8?w=400,Women's Clothing,ChicWear,$66.99
B012C4COR8,Classic Woven Cardigan,https://images.unsplash.com/photo-1595777457583-95e059d581b8?w=400,Women's Clothing,ChicWear,$74.99
B00X9V4CEW,Classic Wool Jacket,https://images.unsplash.com/photo-1595777457583-95e059d581b8?w=400,Women's Clothing,ChicWear,$118.99
B01HB0XGSE,Essential Suede Messenger Bag,https://images.unsplash.com/photo-1553062407-98eeb64c6a62?w=400,Bags & Luggage,BagMaster,$219.99
B00Z60QS7S,Essential Canvas Messenger Bag,https://images.unsplash.com/photo-1553062407-98eeb64c6a62?w=400,Bags & Luggage,BagMaster,$243.99
B00KXQMKS6,Vintage Suede Flats,https://images.unsplash.com/photo-1542291026-7eec264c27ff?w=400,Footwear,WalkEasy,$136.99
B01CY723YW,Modern Suede T-Shirt,https://images.unsplash.com/photo-1586790170083-2f9ceadc732d?w=400,Men's Clothing,UrbanGent,$141.99
B0142BMAPU,Premium Synthetic Wallet,https://images.unsplash.com/photo-1492707892479-7bc8d5a4ee93?w=400,Accessories,TrendyBits,$166.99
B0142BT34G,Classic Canvas Dress,https://images.unsplash.com/photo-1595777457583-95e059d581b8?w=400,Women's Clothing,ChicWear,$75.99
B01CR0M4AO,Luxury Woven Brooch,https://images.unsplash.com/photo-1535632066927-ab7c9ab60908?w=400,Jewelry,LuxeJewel,$84.99
B00SYDCBRA,Stylish Suede Running Shoes,https://images.unsplash.com/photo-1542291026-7eec264c27ff?w=400,Footwear,WalkEasy,$58.99
B00NNFP28O,Casual Canvas Suitcase,https://images.unsplash.com/photo-1553062407-98eeb64c6a62?w=400,Bags & Luggage,BagMaster,$237.99
B00J2L4F0E,Comfortable Woven Cardigan,https://images.unsplash.com/photo-1595777457583-95e059d581b8?w=400,Women's Clothing,ChicWear,$109.99
B010HCPEGU,Elegant Printed Necklace,https://images.unsplash.com/photo-1535632066927-ab7c9ab60908?w=400,Jewelry,LuxeJewel,$380.99
B00OK31XXQ,Premium Wool Wallet,https://images.unsplash.com/photo-1492707892479-7bc8d5a4ee93?w=400,Accessories,TrendyBits,$41.99
B00V9XV858,Trendy Synthetic Jacket,https://images.unsplash.com/photo-1586790170083-2f9ceadc732d?w=400,Men's Clothing,UrbanGent,$115.99
B00SFKVFJW,Luxury Wool Earrings,https://images.unsplash.com/photo-1535632066927-ab7c9ab60908?w=400,Jewelry,LuxeJewel,$280.99
B016DFMSGE,Trendy Silk Hoodie,https://images.unsplash.com/photo-1586790170083-2f9ceadc732d?w=400,Men's Clothing,UrbanGent,$77.99
B00J5DO4C8,Luxury Synthetic Brooch,https://images.unsplash.com/photo-1535632066927-ab7c9ab60908?w=400,Jewelry,LuxeJewel,$248.99
B00F0C9ERI,Vintage Printed Sneakers,https://images.unsplash.com/photo-1542291026-7eec264c27ff?w=400,Footwear,WalkEasy,$140.99
B00YC0TB4A,Modern Silk T-Shirt,https://images.unsplash.com/photo-1586790170083-2f9ceadc732d?w=400,Men's Clothing,UrbanGent,$41.99
B0116HM922,Trendy Canvas Jeans,https://images.unsplash.com/photo-1586790170083-2f9ceadc732d?w=400,Men's Clothing,UrbanGent,$73.99
B00HVT8HUI,Designer Wool Gloves,https://images.unsplash.com/photo-1492707892479-7bc8d5a4ee93?w=400,Accessories,TrendyBits,$165.99
B01AP0K9BE,Elegant Solid Necklace,https://images.unsplash.com/photo-1535632066927-ab7c9ab60908?w=400,Jewelry,LuxeJewel,$64.99
B01FD7HL8S,Vintage Leather Sneakers,https://images.unsplash.com/photo-1542291026-7eec264c27ff?w=400,Footwear,WalkEasy,$76.99
B00ZRTY4RO,Vintage Silk Flats,https://images.unsplash.com/photo-1542291026-7eec264c27ff?w=400,Footwear,WalkEasy,$126.99
B00VLAS5IC,Casual Leather Suitcase,https://images.unsplash.com/photo-1553062407-98eeb64c6a62?w=400,Bags & Luggage,BagMaster,$183.99
B007HXMQXM,Stylish Silk Sandals,https://images.unsplash.com/photo-1542291026-7eec264c27ff?w=400,Footwear,WalkEasy,$136.99
B017R7R4FW,Elegant Cotton Necklace,https://images.unsplash.com/photo-1535632066927-ab7c9ab60908?w=400,Jewelry,LuxeJewel,$306.99
B00CBPFA48,Luxury Canvas Brooch,https://images.unsplash.com/photo-1535632066927-ab7c9ab60908?w=400,Jewelry,LuxeJewel,$60.99
B00KA4RSTC,Modern Printed Jacket,https://images.unsplash.com/photo-1586790170083-2f9ceadc732d?w=400,Men's Clothing,UrbanGent,$35.99
B01EKWBYW6,Luxury Leather Earrings,https://images.unsplash.com/photo-1535632066927-ab7c9ab60908?w=400,Jewelry,LuxeJewel,$228.99
B01A8EGE6G,Comfortable Leather Dress,https://images.unsplash.com/photo-1595777457583-95e059d581b8?w=400,Women's Clothing,ChicWear,$110.99
B00GQVDUY0,Premium Leather Hat,https://images.unsplash.com/photo-1492707892479-7bc8d5a4ee93?w=400,Accessories,TrendyBits,$78.99
B00KQ6NJ3I,Essential Synthetic Messenger Bag,https://images.unsplash.com/photo-1553062407-98eeb64c6a62?w=400,Bags & Luggage,BagMaster,$201.99
B017LRSNGC,Essential Cotton Messenger Bag,https://images.unsplash.com/photo-1553062407-98eeb64c6a62?w=400,Bags & Luggage,BagMaster,$147.99
B0195XWPBY,Classic Printed Dress,https://images.unsplash.com/photo-1595777457583-95e059d581b8?w=400,Women's Clothing,ChicWear,$85.99
B011HNV5HA,Premium Wool Hat,https://images.unsplash.com/photo-1492707892479-7bc8d5a4ee93?w=400,Accessories,TrendyBits,$113.99
B013Y9JAJA,Elegant Cotton Pendant,https://images.unsplash.com/photo-1535632066927-ab7c9ab60908?w=400,Jewelry,LuxeJewel,$172.99
B0186XH0FK,Casual Denim Suitcase,https://images.unsplash.com/photo-1553062407-98eeb64c6a62?w=400,Bags & Luggage,BagMaster,$123.99
B01GG09P1M,Vintage Synthetic Sneakers,https://images.unsplash.com/photo-1542291026-7eec264c27ff?w=400,Footwear,WalkEasy,$160.99
B017U3CZ5C,Premium Canvas Watch,https://images.unsplash.com/photo-1492707892479-7bc8d5a4ee93?w=400,Accessories,TrendyBits,$97.99
B00Z6I1EB0,Premium Denim Wallet,https://images.unsplash.com/photo-1492707892479-7bc8d5a4ee93?w=400,Accessories,TrendyBits,$141.99
B016F20XQC,Stylish Knit Running Shoes,https://images.unsplash.com/photo-1542291026-7eec264c27ff?w=400,Footwear,WalkEasy,$124.99
B015E0SUTI,Stylish Synthetic Running Shoes,https://images.unsplash.com/photo-1542291026-7eec264c27ff?w=400,Footwear,WalkEasy,$175.99
B00RP2XUI0,Modern Synthetic Jacket,https://images.unsplash.com/photo-1586790170083-2f9ceadc732d?w=400,Men's Clothing,UrbanGent,$55.99
B017I7QAYW,Luxury Silk Earrings,https://images.unsplash.com/photo-1535632066927-ab7c9ab60908?w=400,Jewelry,LuxeJewel,$122.99
B01EFSKEVM,Trendy Canvas T-Shirt,https://images.unsplash.com/photo-1586790170083-2f9ceadc732d?w=400,Men's Clothing,UrbanGent,$131.99
B016ZTLU4Y,Essential Woven Crossbody,https://images.unsplash.com/photo-1553062407-98eeb64c6a62?w=400,Bags & Luggage,BagMaster,$201.99
B00LGAYDAQ,Elegant Suede Pendant,https://images.unsplash.com/photo-1535632066927-ab7c9ab60908?w=400,Jewelry,LuxeJewel,$486.99
B00R8FJMSG,Elegant Synthetic Necklace,https://images.unsplash.com/photo-1535632066927-ab7c9ab60908?w=400,Jewelry,LuxeJewel,$164.99
B01CHUQB0S,Comfortable Leather Jacket,https://images.unsplash.com/photo-1595777457583-95e059d581b8?w=400,Women's Clothing,ChicWear,$83.99
B00WV5A1DI,Classic Printed Cardigan,https://images.unsplash.com/photo-1595777457583-95e059d581b8?w=400,Women's Clothing,ChicWear,$69.99
B01ABKQBR4,Premium Canvas Hat,https://images.unsplash.com/photo-1492707892479-7bc8d5a4ee93?w=400,Accessories,TrendyBits,$128.99
B011E7VZ7Y,Premium Cotton Watch,https://images.unsplash.com/photo-1492707892479-7bc8d5a4ee93?w=400,Accessories,TrendyBits,$157.99
B01AG32R4W,Premium Solid Watch,https://images.unsplash.com/photo-1492707892479-7bc8d5a4ee93?w=400,Accessories,TrendyBits,$197.99
B01E2HC5BS,Stylish Cotton Sandals,https://images.unsplash.com/photo-1542291026-7eec264c27ff?w=400,Footwear,WalkEasy,$148.99
B01C9U8O56,Comfortable Knit Skirt,https://images.unsplash.com/photo-1595777457583-95e059d581b8?w=400,Women's Clothing,ChicWear,$62.99
B018ZBSSJ0,Casual Wool Handbag,https://images.unsplash.com/photo-1553062407-98eeb64c6a62?w=400,Bags & Luggage,BagMaster,$201.99
B010XDE1JE,Stylish Leather Running Shoes,https://images.unsplash.com/photo-1542291026-7eec264c27ff?w=400,Footwear,WalkEasy,$164.99
B00PQDWBLC,Designer Silk Wallet,https://images.unsplash.com/photo-1492707892479-7bc8d5a4ee93?w=400,Accessories,TrendyBits,$136.99
B015H40QBQ,Stylish Woven Running Shoes,https://images.unsplash.com/photo-1542291026-7eec264c27ff?w=400,Footwear,WalkEasy,$179.99
B01EA02EVS,Essential Leather Messenger Bag,https://images.unsplash.com/photo-1553062407-98eeb64c6a62?w=400,Bags & Luggage,BagMaster,$99.99
B01GYF7I04,Stylish Synthetic Sandals,https://images.unsplash.com/photo-1542291026-7eec264c27ff?w=400,Footwear,WalkEasy,$179.99
B00Z6I1E6U,Casual Solid Suitcase,https://images.unsplash.com/photo-1553062407-98eeb64c6a62?w=400,Bags & Luggage,BagMaster,$51.99
B008X1FTI6,Trendy Solid T-Shirt,https://images.unsplash.com/photo-1586790170083-2f9ceadc732d?w=400,Men's Clothing,UrbanGent,$91.99
B01C9U8L7C,Stylish Silk Sandals,https://images.unsplash.com/photo-1542291026-7eec264c27ff?w=400,Footwear,WalkEasy,$141.99
B00J7JA76W,Vintage Woven Sneakers,https://images.unsplash.com/photo-1542291026-7eec264c27ff?w=400,Footwear,WalkEasy,$128.99
B00UA17G56,Luxury Denim Brooch,https://images.unsplash.com/photo-1535632066927-ab7c9ab60908?w=400,Jewelry,LuxeJewel,$272.99
B00OFHLL6Q,Casual Silk Handbag,https://images.unsplash.com/photo-1553062407-98eeb64c6a62?w=400,Bags & Luggage,BagMaster,$123.99
B00P6F5LYO,Modern Wool Jeans,https://images.unsplash.com/photo-1586790170083-2f9ceadc732d?w=400,Men's Clothing,UrbanGent,$103.99
B00X5O6B60,Luxury Suede Brooch,https://images.unsplash.com/photo-1535632066927-ab7c9ab60908?w=400,Jewelry,LuxeJewel,$112.99
B017YFLT7Q,Stylish Leather Sandals,https://images.unsplash.com/photo-1542291026-7eec264c27ff?w=400,Footwear,WalkEasy,$154.99
B01G02VQ5Y,Luxury Denim Brooch,https://images.unsplash.com/photo-1535632066927-ab7c9ab60908?w=400,Jewelry,LuxeJewel,$202.99
B00QWKQLLE,Premium Suede Hat,https://images.unsplash.com/photo-1492707892479-7bc8d5a4ee93?w=400,Accessories,TrendyBits,$78.99
B00I9D0KH8,Luxury Solid Brooch,https://images.unsplash.com/photo-1535632066927-ab7c9ab60908?w=400,Jewelry,LuxeJewel,$168.99
B019F75KZ8,Trendy Knit Jacket,https://images.unsplash.com/photo-1586790170083-2f9ceadc732d?w=400,Men's Clothing,UrbanGent,$135.99
B00Z2BLMSQ,Elegant Knit Pendant,https://images.unsplash.com/photo-1535632066927-ab7c9ab60908?w=400,Jewelry,LuxeJewel,$248.99
B00ECTOH4A,Essential Solid Crossbody,https://images.unsplash.com/photo-1553062407-98eeb64c6a62?w=400,Bags & Luggage,BagMaster,$129.99
B00LJNM5LE,Elegant Synthetic Necklace,https://images.unsplash.com/photo-1535632066927-ab7c9ab60908?w=400,Jewelry,LuxeJewel,$94.99
B000JSBRK0,Comfortable Suede Jacket,https://images.unsplash.com/photo-1595777457583-95e059d581b8?w=400,Women's Clothing,ChicWear,$93.99
B019SW6R7U,Luxury Wool Earrings,https://images.unsplash.com/photo-1535632066927-ab7c9ab60908?w=400,Jewelry,LuxeJewel,$46.99
B01B5JRR4G,Casual Canvas Suitcase,https://images.unsplash.com/photo-1553062407-98eeb64c6a62?w=400,Bags & Luggage,BagMaster,$165.99
B00QQEJINO,Classic Wool Jacket,https://images.unsplash.com/photo-1595777457583-95e059d581b8?w=400,Women's Clothing,ChicWear,$33.99
B01DEU8KIG,Modern Solid Jacket,https://images.unsplash.com/photo-1586790170083-2f9ceadc732d?w=400,Men's Clothing,UrbanGent,$45.99
B0179IYP4C,Stylish Synthetic Running Shoes,https://images.unsplash.com/photo-1542291026-7eec264c27ff?w=400,Footwear,WalkEasy,$36.99
B01GLCCIXM,Elegant Synthetic Pendant,https://images.unsplash.com/photo-1535632066927-ab7c9ab60908?w=400,Jewelry,LuxeJewel,$188.99
B01G8DVDUI,Premium Woven Gloves,https://images.unsplash.com/photo-1492707892479-7bc8d5a4ee93?w=400,Accessories,TrendyBits,$185.99
B00KNXFN06,Stylish Canvas Sandals,https://images.unsplash.com/photo-1542291026-7eec264c27ff?w=400,Footwear,WalkEasy,$85.99
B011BKIU4U,Comfortable Suede Cardigan,https://images.unsplash.com/photo-1595777457583-95e059d581b8?w=400,Women's Clothing,ChicWear,$79.99
B011NS5V1A,Stylish Printed Sandals,https://images.unsplash.com/photo-1542291026-7eec264c27ff?w=400,Footwear,WalkEasy,$138.99
B01ARIPLD0,Classic Woven Cardigan,https://images.unsplash.com/photo-1595777457583-95e059d581b8?w=400,Women's Clothing,ChicWear,$49.99
B00BLW2PZY,Trendy Suede T-Shirt,https://images.unsplash.com/photo-1586790170083-2f9ceadc732d?w=400,Men's Clothing,UrbanGent,$71.99
B00VT5Y2RC,Essential Solid Crossbody,https://images.unsplash.com/photo-1553062407-98eeb64c6a62?w=400,Bags & Luggage,BagMaster,$207.99
B00ESTORHG,Designer Printed Watch,https://images.unsplash.com/photo-1492707892479-7bc8d5a4ee93?w=400,Accessories,TrendyBits,$67.99
B01CXZXYWU,Luxury Wool Earrings,https://images.unsplash.com/photo-1535632066927-ab7c9ab60908?w=400,Jewelry,LuxeJewel,$328.99
B01DP5M202,Classic Leather Cardigan,https://images.unsplash.com/photo-1595777457583-95e059d581b8?w=400,Women's Clothing,ChicWear,$34.99
B01EFSKF52,Luxury Canvas Earrings,https://images.unsplash.com/photo-1535632066927-ab7c9ab60908?w=400,Jewelry,LuxeJewel,$414.99
B013LJ9TM6,Classic Printed Skirt,https://images.unsplash.com/photo-1595777457583-95e059d581b8?w=400,Women's Clothing,ChicWear,$67.99
B00XJG255U,Premium Printed Gloves,https://images.unsplash.com/photo-1492707892479-7bc8d5a4ee93?w=400,Accessories,TrendyBits,$80.99
B019GQ5E4K,Comfortable Woven Cardigan,https://images.unsplash.com/photo-1595777457583-95e059d581b8?w=400,Women's Clothing,ChicWear,$74.99
B00SH3QPB0,Elegant Silk Necklace,https://images.unsplash.com/photo-1535632066927-ab7c9ab60908?w=400,Jewelry,LuxeJewel,$84.99
B0105T60CW,Elegant Wool Necklace,https://images.unsplash.com/photo-1535632066927-ab7c9ab60908?w=400,Jewelry,LuxeJewel,$474.99
B00W4VGZ98,Essential Leather Messenger Bag,https://images.unsplash.com/photo-1553062407-98eeb64c6a62?w=400,Bags & Luggage,BagMaster,$153.99
B00GYTNRWO,Casual Canvas Handbag,https://images.unsplash.com/photo-1553062407-98eeb64c6a62?w=400,Bags & Luggage,BagMaster,$237.99
B00NOFLBA6,Casual Cotton Handbag,https://images.unsplash.com/photo-1553062407-98eeb64c6a62?w=400,Bags & Luggage,BagMaster,$135.99
B00UQ0A5WC,Trendy Leather Jeans,https://images.unsplash.com/photo-1586790170083-2f9ceadc732d?w=400,Men's Clothing,UrbanGent,$133.99
B016MFRQ3A,Essential Leather Messenger Bag,https://images.unsplash.com/photo-1553062407-98eeb64c6a62?w=400,Bags & Luggage,BagMaster,$201.99
B00DV0FCMC,Trendy Suede Jeans,https://images.unsplash.com/photo-1586790170083-2f9ceadc732d?w=400,Men's Clothing,UrbanGent,$73.99
B00K8PIRZ2,Premium Woven Wallet,https://images.unsplash.com/photo-1492707892479-7bc8d5a4ee93?w=400,Accessories,TrendyBits,$101.99
B014WTEAGE,Modern Denim T-Shirt,https://images.unsplash.com/photo-1586790170083-2f9ceadc732d?w=400,Men's Clothing,UrbanGent,$71.99
B01EUO6GVI,Modern Leather Suit,https://images.unsplash.com/photo-1586790170083-2f9ceadc732d?w=400,Men's Clothing,UrbanGent,$99.99
B00MHDY7F2,Vintage Printed Flats,https://images.unsplash.com/photo-1542291026-7eec264c27ff?w=400,Footwear,WalkEasy,$114.99
B00F8HW4B8,Designer Suede Watch,https://images.unsplash.com/photo-1492707892479-7bc8d5a4ee93?w=400,Accessories,TrendyBits,$32.99
B00Q4EROGO,Luxury Cotton Earrings,https://images.unsplash.com/photo-1535632066927-ab7c9ab60908?w=400,Jewelry,LuxeJewel,$322.99
B00KHF1N2C,Premium Silk Hat,https://images.unsplash.com/photo-1492707892479-7bc8d5a4ee93?w=400,Accessories,TrendyBits,$38.99
B00ID20OE4,Modern Synthetic Hoodie,https://images.unsplash.com/photo-1586790170083-2f9ceadc732d?w=400,Men's Clothing,UrbanGent,$97.99
B00NFO7ZJC,Modern Printed Suit,https://images.unsplash.com/photo-1586790170083-2f9ceadc732d?w=400,Men's Clothing,UrbanGent,$69.99
B01G360R0C,Luxury Canvas Brooch,https://images.unsplash.com/photo-1535632066927-ab7c9ab60908?w=400,Jewelry,LuxeJewel,$324.99
B012QM21TM,Luxury Silk Brooch,https://images.unsplash.com/photo-1535632066927-ab7c9ab60908?w=400,Jewelry,LuxeJewel,$60.99
B01EV217HW,Elegant Suede Necklace,https://images.unsplash.com/photo-1535632066927-ab7c9ab60908?w=400,Jewelry,LuxeJewel,$280.99
B01C8ABI46,Essential Suede Crossbody,https://images.unsplash.com/photo-1553062407-98eeb64c6a62?w=400,Bags & Luggage,BagMaster,$129.99
B014DNZL80,Casual Woven Suitcase,https://images.unsplash.com/photo-1553062407-98eeb64c6a62?w=400,Bags & Luggage,BagMaster,$189.99
B00K8PJ2AG,Stylish Canvas Sandals,https://images.unsplash.com/photo-1542291026-7eec264c27ff?w=400,Footwear,WalkEasy,$69.99
B00RLB0FZG,Luxury Printed Earrings,https://images.unsplash.com/photo-1535632066927-ab7c9ab60908?w=400,Jewelry,LuxeJewel,$152.99
B01BY2E652,Stylish Silk Running Shoes,https://images.unsplash.com/photo-1542291026-7eec264c27ff?w=400,Footwear,WalkEasy,$44.99
B00SF79IYE,Vintage Canvas Sneakers,https://images.unsplash.com/photo-1542291026-7eec264c27ff?w=400,Footwear,WalkEasy,$55.99
B01B5JRR0A,Luxury Woven Brooch,https://images.unsplash.com/photo-1535632066927-ab7c9ab60908?w=400,Jewelry,LuxeJewel,$78.99
B0125V9EEO,Stylish Canvas Sandals,https://images.unsplash.com/photo-1542291026-7eec264c27ff?w=400,Footwear,WalkEasy,$43.99
B0171VLUB8,Classic Leather Skirt,https://images.unsplash.com/photo-1595777457583-95e059d581b8?w=400,Women's Clothing,ChicWear,$27.99
B01GFKFYSQ,Designer Silk Wallet,https://images.unsplash.com/photo-1492707892479-7bc8d5a4ee93?w=400,Accessories,TrendyBits,$16.99
B00YG7RI58,Casual Canvas Handbag,https://images.unsplash.com/photo-1553062407-98eeb64c6a62?w=400,Bags & Luggage,BagMaster,$141.99
B0176HNWEK,Luxury Solid Brooch,https://images.unsplash.com/photo-1535632066927-ab7c9ab60908?w=400,Jewelry,LuxeJewel,$60.99
B00K6X6RM6,Trendy Knit T-Shirt,https://images.unsplash.com/photo-1586790170083-2f9ceadc732d?w=400,Men's Clothing,UrbanGent,$21.99
B017U3CZAW,Trendy Solid T-Shirt,https://images.unsplash.com/photo-1586790170083-2f9ceadc732d?w=400,Men's Clothing,UrbanGent,$81.99
B00YG7RMK4,Stylish Silk Sandals,https://images.unsplash.com/photo-1542291026-7eec264c27ff?w=400,Footwear,WalkEasy,$78.99
B015FM7W2G,Classic Knit Jacket,https://images.unsplash.com/photo-1595777457583-95e059d581b8?w=400,Women's Clothing,ChicWear,$33.99
B017I7QDQ2,Elegant Printed Pendant,https://images.unsplash.com/photo-1535632066927-ab7c9ab60908?w=400,Jewelry,LuxeJewel,$132.99
B00CNY4RLY,Classic Printed Skirt,https://images.unsplash.com/photo-1595777457583-95e059d581b8?w=400,Women's Clothing,ChicWear,$57.99
B012C1WB3S,Elegant Leather Pendant,https://images.unsplash.com/photo-1535632066927-ab7c9ab60908?w=400,Jewelry,LuxeJewel,$244.99
B00LFF8BG4,Elegant Printed Necklace,https://images.unsplash.com/photo-1535632066927-ab7c9ab60908?w=400,Jewelry,LuxeJewel,$194.99
B00SPPZPQG,Modern Solid Hoodie,https://images.unsplash.com/photo-1586790170083-2f9ceadc732d?w=400,Men's Clothing,UrbanGent,$87.99
B00NKX7ULQ,Modern Solid Hoodie,https://images.unsplash.com/photo-1586790170083-2f9ceadc732d?w=400,Men's Clothing,UrbanGent,$57.99
B01E88BOFO,Casual Knit Handbag,https://images.unsplash.com/photo-1553062407-98eeb64c6a62?w=400,Bags & Luggage,BagMaster,$147.99
B00QIHMLLU,Classic Cotton Jacket,https://images.unsplash.com/photo-1595777457583-95e059d581b8?w=400,Women's Clothing,ChicWear,$58.99
B00C2BZCD0,Essential Synthetic Crossbody,https://images.unsplash.com/photo-1553062407-98eeb64c6a62?w=400,Bags & Luggage,BagMaster,$153.99
